Ward_ID,LGA,Ward,Demand_Population,Weighted_Mean_Time_Min,Pct_Within_5min,Pct_Within_10min,P90_Cell_Time_Min,Population,Weighted_2SFCA_per_10000,Mean_Accessible_PHC_Count,Zero_Access_Pct,Population_Difference,Population_2025,Supply_Underserved,Travel_Underserved,Coverage_Underserved,Underserved_Dimensions,Underserved_Class,Travel_Severity,Supply_Severity,Coverage_Severity,Population_Exposure,Planning_Priority_Score,Planning_Priority_Score_100,Planning_Priority_Class,Planning_Priority_Rank
KANO_W001,Ajingi,Ajingi,25614.35702443123,4.186475247487638,98.93353149394709,100.0,6.261289254870718,25614.35702443123,1.249026298189663,18.648042332055606,0.0,0.0,25614.35702443123,False,True,False,1,Single-Dimension Underserved,0.4097223036581753,0.6129495141419541,0.01684925549783245,0.0645548097229808,0.3505020936051501,35.05020936051501,Low,301
KANO_W002,Ajingi,Balare,24040.603971242905,2.797356611270803,86.1841631780315,99.12808972822356,6.5525022935874375,24040.603971242905,0.9508658562019426,9.334717175819677,0.0,0.0,24040.603971242905,False,False,False,0,Relatively Better Served,0.26393076877153193,0.7251320651975861,0.21827795495928082,0.06021349708668711,0.385663069005474,38.566306900547396,Moderate,253
KANO_W003,Ajingi,Chula,24778.70829319954,2.730665422830268,92.76032201884924,100.0,6.595204795215413,24778.70829319954,1.075751404658142,12.091236897071632,0.0,0.0,24778.70829319954,False,False,False,0,Relatively Better Served,0.25693135887761537,0.6781440096312639,0.11438048412504087,0.062249611719361865,0.34664334961713944,34.66433496171394,Low,312
KANO_W004,Ajingi,Dabin-Kanawa,33965.52364397049,3.101329549192611,86.86441779974207,99.33365816153425,6.314936964931654,33965.52364397049,0.6863516164453866,6.983952120172853,0.0,0.0,33965.52364397049,False,False,False,0,Relatively Better Served,0.2958335019349974,0.8246552682375576,0.20753053592184123,0.08759211223988424,0.43202431848399525,43.20243184839953,High,170
KANO_W005,Ajingi,Dundun,28836.42067742348,2.9920783305804988,78.22460576317339,100.0,7.419853465369338,28836.42067742348,0.7293794891484225,12.517301796431171,0.0,0.0,28836.42067742348,False,False,False,0,Relatively Better Served,0.28436730859885834,0.8084660766260079,0.3440318949691673,0.07344310742848109,0.44809616450686585,44.80961645068658,High,148
KANO_W006,Ajingi,Gafasa,33515.38449525833,3.904167959791269,75.30582842529883,91.58952394521776,10.727071229300265,33515.38449525833,0.7658389888214393,6.303368542551729,0.0,0.0,33515.38449525833,False,True,False,1,Single-Dimension Underserved,0.38009343560481035,0.7947482284223235,0.390145985378783,0.08635037055084636,0.48317166328763994,48.317166328763996,High,111
KANO_W007,Ajingi,Gurduba,20355.09816479683,2.5647308625254888,77.28796654845853,100.0,5.604545202794328,20355.09816479683,1.0275009895420688,9.764075615292477,0.0,0.0,20355.09816479683,False,False,False,0,Relatively Better Served,0.23951610462441583,0.6962981773039736,0.3588299629369023,0.05004676038282924,0.3948322000885203,39.48322000885203,Moderate,235
KANO_W008,Ajingi,Kunkurawa,37590.09017539024,1.998348823995009,96.84398665442644,100.0,6.774971809479155,37590.09017539024,0.7829101559108625,9.608224991753234,0.0,0.0,37590.09017539024,False,False,False,0,Relatively Better Served,0.18007286876482925,0.7883252198541133,0.04986220869376479,0.09759074350675351,0.3545467408431544,35.45467408431544,Low,298
KANO_W009,Ajingi,Toranke,68323.73483967781,5.647460943378123,50.00362953687828,83.68394663776625,11.407562973128572,68323.73483967781,0.7356452414574877,3.847252465781825,0.0,0.0,68323.73483967781,False,True,True,2,Compound Underserved,0.5630564692924317,0.8061085939444435,0.7898982624580451,0.18237174499242018,0.6363903629087567,63.63903629087567,Very High,17
KANO_W010,Ajingi,Unguwar Bai,39893.87610626221,3.4580811307952373,78.28623543471767,97.27205566512713,9.077001740169456,39893.87610626221,0.983392806548527,8.588540183771292,0.0,0.0,39893.87610626221,False,False,False,0,Relatively Better Served,0.333275488025353,0.7128938345201242,0.3430582008786214,0.10394590510770975,0.43369901443153014,43.36990144315301,High,166
KANO_W011,Albasu,Albasu Central,34472.35253047943,2.779743041603884,92.28091100772872,95.75449287553695,13.607166205232009,34472.35253047943,1.1118553024491276,9.726341742880054,0.0,0.0,34472.35253047943,False,False,False,0,Relatively Better Served,0.26208217982482657,0.6645599562597191,0.12195475244051146,0.08899023670736804,0.34896012463255716,34.896012463255715,Low,305
KANO_W012,Albasu,Bataiya,33287.21682691574,3.0011627654542505,76.21743909797468,100.0,5.587024194164705,33287.21682691574,0.815415904226729,7.560028371861319,0.0,0.0,33287.21682691574,False,False,False,0,Relatively Better Served,0.285320743150301,0.7760949664182923,0.3757433461528814,0.08572095338799317,0.44523627343026784,44.52362734302678,High,153
KANO_W013,Albasu,Daho,27705.09175848961,1.8823647499743847,96.41218609524016,100.0,4.0397076533379375,27705.09175848961,1.1972759421110457,6.808271782116365,0.0,0.0,27705.09175848961,False,False,False,0,Relatively Better Served,0.1679000451247083,0.6324205309013661,0.05668427414112054,0.07032225405086776,0.29360239228874485,29.360239228874484,Very Low,402
KANO_W014,Albasu,Duja,9637.503433704376,4.24075672923304,68.48331278253819,95.0719644611712,9.141704240790736,9637.503433704376,0.5608424032878788,6.243380044198453,0.0,0.0,9637.503433704376,True,True,False,2,Compound Underserved,0.41541928326326943,0.8718779769883523,0.4979356749480399,0.020481493238468394,0.5324424359002824,53.24424359002824,Very High,61
KANO_W015,Albasu,Fanda,33194.64140033722,2.394455913456404,81.5817657214139,100.0,8.246849007784403,33194.64140033722,0.7842557025107033,11.757314057829932,0.0,0.0,33194.64140033722,False,False,False,0,Relatively Better Served,0.22164531552814756,0.7878189593685571,0.29099174838964836,0.08546557731841135,0.41324841671313056,41.32484167131306,Moderate,203
KANO_W016,Albasu,Faragai,32620.26916360855,1.5384373487192926,90.8630154195356,100.0,5.470526316480906,32620.26916360855,1.0905532217451137,16.00744276437389,0.0,0.0,32620.26916360855,False,False,False,0,Relatively Better Served,0.1318039893874448,0.6725748416021136,0.14435624381050605,0.08388112959060888,0.3163958095776657,31.639580957766572,Low,358
KANO_W017,Albasu,Gagarame,49153.09963965416,4.898974886609175,46.56606405492419,96.34514331028954,8.946737699404755,49153.09963965416,0.5510798265821298,8.014404774657873,0.0,0.0,49153.09963965416,True,True,True,3,Critical Underserved,0.4845009534332646,0.8755511361520093,0.8442087449216504,0.12948814888372367,0.6400581550000713,64.00581550000713,Very High,16
KANO_W018,Albasu,Hungu,23759.600473165512,2.2561394826964376,85.01590299279435,100.0,7.112957351949412,23759.600473165512,1.0415794435230294,16.945463342065608,0.0,0.0,23759.600473165512,False,False,False,0,Relatively Better Served,0.2071286542331436,0.691001173878655,0.23673542860926133,0.059438328432002294,0.36025184211412487,36.02518421141249,Moderate,288
KANO_W019,Albasu,Saya-Saya,37297.650851249695,3.2855763939284386,83.54513332782844,99.90257340942256,7.607735350146828,37297.650851249695,0.9358274708570408,11.700931269717543,0.0,0.0,37297.650851249695,False,False,False,0,Relatively Better Served,0.3151706770269774,0.7307902417836611,0.25997228344634415,0.09678402829138444,0.4168398486653511,41.68398486653511,Moderate,197
KANO_W020,Albasu,Tsangaya,42294.02999138832,2.7363244683215906,83.29116400099032,94.21916506709825,8.793249209460061,42294.02999138832,0.7233903746962078,6.503436672049914,0.0,0.0,42294.02999138832,False,False,False,0,Relatively Better Served,0.2575252900989402,0.810719474606419,0.2639847733156847,0.11056690474258735,0.4303913935164537,43.039139351645375,High,173
KANO_W021,Bagwai,Bagwai,36794.92509293556,1.3246923715942116,99.93901613947916,100.0,3.879090958778161,36794.92509293556,1.1033412850536484,14.024901052638311,0.0,0.0,36794.92509293556,False,False,False,0,Relatively Better Served,0.10937091025588548,0.6677633463029772,0.0009634908497792027,0.09539722260243733,0.28103072584312905,28.103072584312905,Very Low,428
KANO_W022,Bagwai,Dangada,35835.846756219864,3.3728311796309574,67.28193114990853,100.0,6.566834574631984,35835.846756219864,1.4220744991271874,13.127962483147916,0.0,0.0,35835.846756219864,False,False,True,1,Single-Dimension Underserved,0.32432828876877945,0.5478403115014554,0.5169164380588973,0.09275153502525099,0.4063386135217103,40.63386135217103,Moderate,216
KANO_W023,Bagwai,Gadanya,36287.73974633217,4.358938749153155,60.79706450988053,97.27586775915356,7.3309529169035965,36287.73974633217,1.1076207451480653,12.15672890166944,0.0,0.0,36287.73974633217,False,True,True,2,Compound Underserved,0.42782278691727116,0.6661532039670859,0.6193715731773282,0.09399811481377156,0.49947448932119276,49.94744893211928,Very High,87
KANO_W024,Bagwai,Gogori,34379.87130236626,3.262358702103477,70.36822137307533,100.0,7.707065328477912,34379.87130236626,0.9074675402921693,9.08417076509124,0.0,0.0,34379.87130236626,False,False,False,0,Relatively Better Served,0.31273392120250376,0.7414606356740047,0.4681557927932791,0.08873512049112668,0.46027282547897763,46.02728254789776,High,135
KANO_W025,Bagwai,Kiyawa,34375.45455479622,1.8262144125833444,99.02579601190634,100.0,3.830865441529393,34375.45455479622,2.0722743444759795,23.90078819414573,0.0,0.0,34375.45455479622,False,False,False,0,Relatively Better Served,0.162006924365104,0.30320330713918997,0.01539155803404757,0.08872293657065818,0.17110998690065593,17.110998690065593,Very Low,477
KANO_W026,Bagwai,Kwajale,36255.36284780502,1.9838534443338909,92.56024398745863,100.0,4.987008015861403,36255.36284780502,1.83717998036752,18.152962654072304,0.0,0.0,36255.36284780502,False,False,False,0,Relatively Better Served,0.1785515417921277,0.39165731307192464,0.11754153937540224,0.09390880077659455,0.22824015010438156,22.824015010438156,Very Low,467
KANO_W027,Bagwai,Rimin Dako,39724.70056796074,1.6617782112895425,95.99232969008452,100.0,4.8952540295529126,39724.70056796074,2.0119281643151816,25.872432138254386,0.0,0.0,39724.70056796074,False,False,False,0,Relatively Better Served,0.14474892670203737,0.3259084936212381,0.06331763255978706,0.10347922204031744,0.18567806059604955,18.567806059604955,Very Low,475
KANO_W028,Bagwai,Romo,31253.1290242672,3.596825901801437,74.1961696831328,100.0,6.176250930459941,31253.1290242672,1.680391760268522,14.24558132967551,0.0,0.0,31253.1290242672,False,False,False,0,Relatively Better Served,0.3478371047189269,0.4506487151134534,0.40767760825938515,0.08010977375401011,0.35563016942036535,35.56301694203653,Low,295
KANO_W029,Bagwai,Sare-Sare,29383.2672791481,2.697008300293876,86.66741779501295,100.0,6.027268871646273,29383.2672791481,0.9225210180725014,10.23584058824034,0.0,0.0,29383.2672791481,False,False,False,0,Relatively Better Served,0.25339895824132985,0.735796780575056,0.21064296108387448,0.07495162368353885,0.3869198964429743,38.69198964429743,Moderate,248
KANO_W030,Bagwai,Wuro Bagga,33477.731825351715,1.6830662375722731,100.0,100.0,3.2528814195846527,33477.731825351715,0.9574496988588244,10.33862406195486,0.0,0.0,33477.731825351715,False,False,False,0,Relatively Better Served,0.14698315921864877,0.7226549013589696,0.0,0.0862465029133383,0.3099611386782347,30.99611386782347,Low,372
KANO_W031,Bebeji,Anadariya,8706.878468036652,2.531069401943014,61.8540845625618,100.0,5.254562427309917,8706.878468036652,0.7549195935777219,6.367084596559771,0.0,0.0,8706.878468036652,False,False,True,1,Single-Dimension Underserved,0.23598324869915763,0.7988566393377976,0.6026715948536593,0.017914296361602217,0.4736162618029486,47.361626180294856,High,121
KANO_W032,Bebeji,Baguda,15720.371176481249,3.6120037840980816,76.01955605072848,100.0,6.108048591063225,15720.371176481249,1.1047051903327771,7.980320652361434,0.0,0.0,15720.371176481249,False,False,False,0,Relatively Better Served,0.3494300620795618,0.6672501783837492,0.3788697226026473,0.037261527782719364,0.41972975474611807,41.97297547461181,High,189
KANO_W033,Bebeji,Bebeji,58952.98099374771,1.8073715924843368,85.86085030800653,94.7220367446949,11.162549009385865,58952.98099374771,0.8443131884720595,8.420806464749074,0.0,0.0,58952.98099374771,False,False,False,0,Relatively Better Served,0.16002932245825116,0.7652223937738152,0.22338601124211477,0.1565218367107389,0.38399211231334446,38.39921123133445,Moderate,257
KANO_W034,Bebeji,Damau,21675.213315963745,5.266829764519713,54.01452494444575,77.87303536007877,11.227279231464042,21675.213315963745,0.6338852674841902,5.728479334610117,0.0,0.0,21675.213315963745,True,True,True,3,Critical Underserved,0.5231082587187036,0.8443956765620275,0.7265296762188616,0.05368839435806632,0.605830158809803,60.5830158809803,Very High,25
KANO_W035,Bebeji,Durmawa,29779.589923381805,3.104172625160825,65.4488854440823,97.4319797129104,8.298461578074038,29779.589923381805,1.060543854620702,7.198620323106657,0.0,0.0,29779.589923381805,False,False,True,1,Single-Dimension Underserved,0.29613188999084705,0.6838658342540502,0.5458769326833288,0.07604490861790346,0.44877473181552296,44.8774731815523,High,145
KANO_W036,Bebeji,Gargai,21902.19045829773,1.9006592219563367,95.60843668092475,100.0,8.205132527229656,21902.19045829773,0.7925185753759206,11.007494683102262,0.0,0.0,21902.19045829773,False,False,False,0,Relatively Better Served,0.1698200965016399,0.7847100621892773,0.06938280125295782,0.05431452736805035,0.3476182900725382,34.76182900725382,Low,310
KANO_W037,Bebeji,Gwarmai,54313.49741625786,2.437268322402319,83.39536349600061,99.32395422824725,6.088839833367768,54313.49741625786,0.6334974588090387,7.575148889923969,4.532296845490804,0.0,54313.49741625786,True,False,False,1,Single-Dimension Underserved,0.22613858676480622,0.8445415891660268,0.2623385138113403,0.14372348271229649,0.4374573574066638,43.74573574066638,High,162
KANO_W038,Bebeji,Kofa,23055.134974956512,3.3135361181635905,50.349423163858695,100.0,6.072774456202936,23055.134974956512,0.6867002926268916,7.330795499710911,0.0,0.0,23055.134974956512,False,False,True,1,Single-Dimension Underserved,0.31810512121696505,0.8245240791929185,0.7844350301755663,0.057495008949309805,0.5495262214601206,54.95262214601206,Very High,49
KANO_W039,Bebeji,Kuki,24537.51567196846,4.113520457310482,67.12826680585809,84.48257493517951,10.69975560537796,24537.51567196846,0.6358570680283401,4.8177753322188765,0.0,0.0,24537.51567196846,True,True,True,3,Critical Underserved,0.40206551282695624,0.8436537886920574,0.5193441982591449,0.061584264273515814,0.5290049591831634,52.90049591831634,Very High,64
KANO_W040,Bebeji,Rahama,27304.87781572342,2.2902889892145817,79.50055864906639,98.18233030340754,8.012731120022591,27304.87781572342,0.9297152409864056,9.717450846691223,0.0,0.0,27304.87781572342,False,False,False,0,Relatively Better Served,0.21071273182097353,0.7330899618100841,0.3238729722671956,0.0692182346855475,0.39495263583609275,39.49526358360927,Moderate,234
KANO_W041,Bebeji,Ranka,34916.460077762604,6.667961624832802,43.26624159656417,80.3152618262989,17.456349686706588,34916.460077762604,0.5629661431028001,6.179919748796968,4.4503896063285175,0.0,34916.460077762604,True,True,True,3,Critical Underserved,0.6701606120367374,0.8710789221283984,0.8963430099119708,0.09021533978372923,0.6987267093059142,69.87267093059143,Very High,6
KANO_W042,Bebeji,Rantan,50408.79292225838,2.2466952123023742,85.0502845291678,96.89266937848409,8.664017420790032,50408.79292225838,0.5596412417899295,5.149186916305576,0.0,0.0,50408.79292225838,True,False,False,1,Single-Dimension Underserved,0.20613745402839734,0.8723299127319789,0.2361922308612957,0.1329520704335721,0.4343379624020068,43.43379624020068,High,164
KANO_W043,Bebeji,Tariwa,28358.65462136269,2.367362330559837,88.5427581836946,100.0,8.676693721341373,28358.65462136269,0.6654710261348982,5.411385635084659,0.0,0.0,28358.65462136269,False,False,False,0,Relatively Better Served,0.21880177507516893,0.832511568265026,0.1810142480229997,0.07212515489954598,0.40404120425484163,40.404120425484166,Moderate,223
KANO_W044,Bebeji,Wak,22383.871805906296,1.2196024443300624,98.45278028000035,100.0,5.868648344134518,22383.871805906296,1.371873027227434,20.2595862164424,0.0,0.0,22383.871805906296,False,False,False,0,Relatively Better Served,0.09834145503333352,0.5667285622261908,0.024444697828015727,0.05564328051442458,0.2410928649319337,24.10928649319337,Very Low,460
KANO_W045,Bichi,Badume,90503.92381310464,1.7679456757569751,94.45819662353206,99.61881374110374,5.569849349251738,90503.92381310464,1.325544808812597,17.550521870495814,0.5521222571822221,0.0,90503.92381310464,False,False,False,0,Relatively Better Served,0.1558914721954045,0.5841595054223809,0.08755557288273663,0.24355741479661222,0.3052679953524938,30.52679953524938,Low,382
KANO_W046,Bichi,Bichi,124955.556773901,1.836125330979088,93.83990039078112,98.56999530412908,7.711890463601271,124955.556773901,1.283248871498478,22.07085348124913,0.0,0.0,124955.556773901,False,False,False,0,Relatively Better Served,0.163047100464812,0.6000733071177191,0.09732410438632977,0.3385947583052698,0.32919382225370175,32.91938222537018,Low,337
KANO_W047,Bichi,Danzabuwa,61892.10955309868,3.578005627437737,75.44609402811767,91.3089196453879,10.29104198243185,61892.10955309868,1.1872019442202597,11.676473768847655,5.460528956245149,0.0,61892.10955309868,False,False,False,0,Relatively Better Served,0.34586186904435257,0.6362108619566306,0.38792991339349836,0.16462963731424002,0.4287127906739621,42.87127906739621,High,175
KANO_W048,Bichi,Fagolo,24970.085165023804,2.9236775493941165,73.83829525551347,100.0,5.90387599245862,24970.085165023804,1.368004072445242,12.184708967536166,0.0,0.0,24970.085165023804,False,False,False,0,Relatively Better Served,0.27718847259694074,0.5681842523723808,0.41333170646563766,0.06277753878534076,0.3741040022203441,37.41040022203441,Moderate,269
KANO_W049,Bichi,Kau-Kau,33661.78238654137,2.3222000963683267,80.39979495186583,100.0,6.407775659869072,33661.78238654137,1.091772913449366,18.67654392013736,0.0,0.0,33661.78238654137,False,False,False,0,Relatively Better Served,0.2140618837008641,0.6721159338879573,0.3096658370983656,0.08675421981681995,0.3744054423632404,37.440544236324044,Moderate,267
KANO_W050,Bichi,Kwamarawa,28445.725249290463,3.352928710173532,66.48079292460564,100.0,6.389390372179473,28445.725249290463,1.1343600018310152,11.338109915871613,0.0,0.0,28445.725249290463,False,False,True,1,Single-Dimension Underserved,0.32223947396593805,0.6560925869112921,0.5295737107027636,0.07236534558035645,0.4430737915863398,44.30737915863398,High,155
KANO_W051,Bichi,Kyalli,47393.93415474892,3.053349638294909,76.8846125861086,95.11372516225896,8.531865654281098,47393.93415474892,1.1045819303068962,14.783234851558047,0.0,0.0,47393.93415474892,False,False,False,0,Relatively Better Served,0.29079788822200964,0.6672965548381653,0.36520259741145455,0.12463536252472117,0.4125289845209598,41.252898452095984,Moderate,204
KANO_W052,Bichi,Muntsira,51636.58268404007,2.720803195325808,81.97531192559111,93.24669990070616,5.010526155514804,51636.58268404007,0.7223949431531392,9.97165585190219,0.0,0.0,51636.58268404007,False,False,False,0,Relatively Better Served,0.2558962930108207,0.8110940046720381,0.2847740677860966,0.13633901808507065,0.4380574558084394,43.80574558084394,High,159
KANO_W053,Bichi,Saye,24767.7471306324,1.6596374921840729,99.63712181623944,100.0,4.772688875493119,24767.7471306324,1.5985809486228206,15.40302120160417,0.0,0.0,24767.7471306324,False,False,False,0,Relatively Better Served,0.1445242527857781,0.4814299464973423,0.00573315311054079,0.06221937455256827,0.2223372939147966,22.23372939147966,Very Low,468
KANO_W054,Bichi,Waire,36939.8991420269,4.379026573797194,61.86525583071849,100.0,8.126415135181448,36939.8991420269,1.0441206871992397,6.606588010100715,0.0,0.0,36939.8991420269,False,True,True,2,Compound Underserved,0.42993105521850433,0.6900450336323141,0.6024950987355475,0.09579714409582525,0.5053636696983445,50.53636696983445,Very High,83
KANO_W055,Bichi,Yallami,46898.301015377045,3.073977257337,78.95638029634043,98.70280067998162,7.037277030715057,46898.301015377045,1.2243000367391008,13.069600201385471,0.0,0.0,46898.301015377045,False,False,False,0,Relatively Better Served,0.2929628093185933,0.622252743869883,0.3324705070742989,0.12326812234268511,0.3906616229162996,39.06616229162996,Moderate,241
KANO_W056,Bunkure,Barkum,44461.25253152847,3.401439416342347,71.58362374816136,97.25957431141596,11.94589105524319,44461.25253152847,0.7875324956579164,10.561874201723572,0.0,0.0,44461.25253152847,False,False,False,0,Relatively Better Served,0.3273307959930097,0.7865860694114409,0.448953514400371,0.1165453462649785,0.48077686791172825,48.07768679117282,High,114
KANO_W057,Bunkure,Bono,24751.14481639862,3.712077159098436,70.50311513214925,99.57696651577484,7.509812396900987,24751.14481639862,0.7852907885932718,8.75320585273426,0.0,0.0,24751.14481639862,False,False,False,0,Relatively Better Served,0.359933017379566,0.7874295093243775,0.46602459116960293,0.06217357585725911,0.48611118808991133,48.61111880899113,High,107
KANO_W058,Bunkure,Bunkure,45696.68604969978,2.0788967482738574,97.67534464168884,100.0,4.918214661916668,45696.68604969978,1.023718832453863,10.151946068034606,0.0,0.0,45696.68604969978,False,False,False,0,Relatively Better Served,0.1885265783374891,0.6977212099095716,0.03672749064251013,0.11995337977625396,0.3260989020645369,32.60989020645369,Low,342
KANO_W059,Bunkure,Chirin,29887.835190296173,2.90094249291206,77.59817537590308,99.97671496293736,7.537701920947489,29887.835190296173,0.720621088060707,4.7003654484385455,0.0,0.0,29887.835190296173,False,False,False,0,Relatively Better Served,0.27480237057956336,0.8117614157750853,0.35392893889200006,0.076343511085503,0.44879452113637425,44.87945211363743,High,144
KANO_W060,Bunkure,Gafan,25388.39962720871,2.871649231758052,79.34420918457657,85.62155398950728,10.930589807377432,25388.39962720871,0.7004250758785902,8.816135197248313,0.0,0.0,25388.39962720871,False,False,False,0,Relatively Better Served,0.2717279682973298,0.8193601440055519,0.32634315498631616,0.06393148975429905,0.4431527953515502,44.31527953515502,High,154
KANO_W061,Bunkure,Gurjiya,25989.094090223312,2.943659702620734,92.76747524263811,94.99491204351762,11.206781899077438,25989.094090223312,0.9202973837945216,10.86349542372027,0.0,0.0,25989.094090223312,False,False,False,0,Relatively Better Served,0.27928565041407993,0.7366334206211181,0.11426746954039269,0.06558854926408281,0.3742991686393063,37.42991686393063,Moderate,268
KANO_W062,Bunkure,Gwamma,25466.694618225098,3.1535230378315138,67.43135162980288,100.0,6.4361417414593785,25466.694618225098,0.7846260252757821,9.63355449385756,0.0,0.0,25466.694618225098,False,False,True,1,Single-Dimension Underserved,0.30131134135156284,0.7876796258197349,0.514555727144267,0.06414747220031834,0.47861453770127727,47.861453770127724,High,115
KANO_W063,Bunkure,Kulluwa,21825.624680042267,7.720812954574262,53.777732459903305,74.38953592387485,23.37121874268331,21825.624680042267,0.5127079052059398,6.375076545458543,23.93619307869092,0.0,21825.624680042267,True,True,True,3,Critical Underserved,0.7806600376210693,0.8899885309995271,0.7302707872309333,0.05410331508161527,0.6998636518445841,69.9863651844584,Very High,5
KANO_W064,Bunkure,Kumurya,41578.92378759384,2.774592650746003,83.24973997250233,100.0,7.346423518037218,41578.92378759384,0.9756094271227748,11.663275145531404,0.0,0.0,41578.92378759384,False,False,False,0,Relatively Better Served,0.26154163320133467,0.7158223227997692,0.2646392361861607,0.10859423209706938,0.3982172849921122,39.82172849921122,Moderate,230
KANO_W065,Bunkure,Sanda,35920.06992530823,2.550000972335845,83.23246088629318,96.23929614126892,7.964148530901514,35920.06992530823,0.9933581612006084,11.739733188615162,0.0,0.0,35920.06992530823,False,False,False,0,Relatively Better Served,0.23797016517513422,0.7091443803685549,0.2649122304064818,0.0929838707830697,0.38652160938029123,38.65216093802913,Moderate,251
KANO_W066,Dala,Adakawa,19510.984001159668,0.4038577688266184,100.0,100.0,0.5844511823828717,19510.984001159668,0.847807714726174,289.91597950505434,0.0,0.0,19510.984001159668,False,False,False,0,Relatively Better Served,0.012726976027316018,0.7639075819654346,0.0,0.047718209866184774,0.2783434779760246,27.83434779760246,Very Low,432
KANO_W067,Dala,Bakin Ruwa,20582.47504425049,0.5896157272131474,100.0,100.0,0.6864625538278704,20582.47504425049,0.7857656939720015,276.565144777047,0.0,0.0,20582.47504425049,False,False,False,0,Relatively Better Served,0.032222746341316694,0.7872508266777435,0.0,0.0506739960968273,0.29280571265412925,29.280571265412924,Very Low,405
KANO_W068,Dala,Dala,13835.651345729828,0.312242472113951,100.0,100.0,1.6449559020091102,13835.651345729828,0.8350680741530817,287.58254336203265,0.0,0.0,13835.651345729828,False,False,False,0,Relatively Better Served,0.003111717561551616,0.7687008582615577,0.0,0.032062390598814994,0.2747881742498329,27.478817424983287,Very Low,437
KANO_W069,Dala,Dogon Nama,17537.00440311432,0.5784573258417293,100.0,100.0,0.9533334529919648,17537.00440311432,0.7689137857504337,271.27855375752466,0.0,0.0,17537.00440311432,False,False,False,0,Relatively Better Served,0.031051643729627067,0.7935913393287434,0.0,0.04227284310078367,0.29341338834906583,29.341338834906583,Very Low,403
KANO_W070,Dala,Gobirawa,202097.43734645844,1.0967643673678646,100.0,100.0,1.6592399990766815,202097.43734645844,0.7465080047057516,231.88960853531364,0.0,0.0,202097.43734645844,False,False,False,0,Relatively Better Served,0.08544928634742803,0.8020214907573822,0.0,0.5513962650210928,0.38905174742247606,38.9051747422476,Moderate,242
KANO_W071,Dala,Gwammaja,45086.1358101368,1.0702520728251763,100.0,100.0,1.9974354889244523,45086.1358101368,0.821322132534655,281.26205415027977,0.0,0.0,45086.1358101368,False,False,False,0,Relatively Better Served,0.08266675358602754,0.7738727542620352,0.0,0.118269132387671,0.3133958599256712,31.33958599256712,Low,361
KANO_W072,Dala,Kabuwaya,7177.064601182938,0.7203352750571218,100.0,100.0,1.7682968572259474,7177.064601182938,0.843096515656941,287.28523064605633,0.0,0.0,7177.064601182938,False,False,False,0,Relatively Better Served,0.0459420954472819,0.7656801656341268,0.0,0.013694193177119568,0.28382481558269684,28.382481558269685,Very Low,421
KANO_W073,Dala,Kantudu,7311.206146240234,0.3520380744279076,100.0,100.0,0.5867226911197961,7311.206146240234,0.8395862735178978,288.2147704603332,0.0,0.0,7311.206146240234,False,False,False,0,Relatively Better Served,0.0072883672672176035,0.7670008905275956,0.0,0.01406423241766585,0.2727464567274736,27.27464567274736,Very Low,441
KANO_W074,Dala,Kofar Mazugal,15307.040576696396,0.5261978344370466,100.0,100.0,1.0386066820872102,15307.040576696396,0.8880701196972737,295.67039770554715,0.0,0.0,15307.040576696396,False,False,False,0,Relatively Better Served,0.025566877154877335,0.7487588946641226,0.0,0.03612132516187139,0.2751538750531868,27.515387505318678,Very Low,436
KANO_W075,Dala,Kofar Ruwa,135677.9864835739,1.3142162646176392,100.0,100.0,1.8815256427897928,135677.9864835739,0.7480218534356032,254.1084599562461,0.0,0.0,135677.9864835739,False,False,False,0,Relatively Better Served,0.10827141617673992,0.8014519067733537,0.0,0.36817336309086035,0.3682155966873248,36.821559668732476,Moderate,278
KANO_W076,Dala,Madigawa,21879.958984375,0.7727452888710203,100.0,100.0,0.9910462708418394,21879.958984375,0.7806435268225624,274.81547600782733,0.0,0.0,21879.958984375,False,False,False,0,Relatively Better Served,0.051442659731818455,0.7891780366521005,0.0,0.05425320022497117,0.2997830907815264,29.978309078152638,Very Low,392
KANO_W077,Dala,Yalwa,10913.062141895294,1.0305524720676429,100.0,100.0,1.0104029363481826,10913.062141895292,0.7465705506611633,266.2956550280548,0.0,1.8189894035458565e-12,10913.062141895294,False,False,False,0,Relatively Better Served,0.07850017948794288,0.8019979579077878,0.0,0.02400021501440704,0.3078493713662696,30.78493713662696,Low,376
KANO_W078,Dambatta,Ajumawa,55442.74114990234,1.8009044499094728,88.69636443932346,100.0,5.671568818797462,55442.74114990234,0.7952880459026873,16.239351413041415,0.0,0.0,55442.74114990234,False,False,False,0,Relatively Better Served,0.15935057939215283,0.7836680518317166,0.1785874055682375,0.14683858395413002,0.3798322606655136,37.98322606655136,Moderate,263
KANO_W079,Dambatta,Danbatta East,92805.13618087769,1.6526359846595442,98.83127993342808,100.0,4.58831201243064,92805.13618087769,1.005015326963509,26.680354798739213,0.0,0.0,92805.13618087769,False,False,False,0,Relatively Better Served,0.14378942675875037,0.7047583840752759,0.01846473936674986,0.24990547703596339,0.3309810318827161,33.09810318827161,Low,333
KANO_W080,Dambatta,Danbatta West,82826.8969039917,1.6173937058581902,99.90509801283277,100.0,3.593684825703512,82826.8969039917,1.0021824857676698,26.01906812098569,0.0,0.0,82826.8969039917,False,False,False,0,Relatively Better Served,0.14009065993970785,0.7058242375800738,0.0014993671355104654,0.2223797758638854,0.32272252094162307,32.272252094162305,Low,348
KANO_W081,Dambatta,Fagwalawa,45192.51347398758,4.464493239991378,66.44736047981979,98.70686139236076,8.560308402842129,45192.51347398758,0.8847900782248346,8.044952858592524,0.0,0.0,45192.51347398758,False,True,True,2,Compound Underserved,0.4389009992688046,0.7499930068001708,0.5301019136463261,0.11856258293593787,0.5179726223303571,51.79726223303571,Very High,75
KANO_W082,Dambatta,Goron Maje,28022.33770275116,6.863982401766433,46.11593676821505,71.73902682079932,15.158696373961495,28022.33770275116,1.0281047817899238,3.452101799835714,9.81747586326997,0.0,28022.33770275116,False,True,True,2,Compound Underserved,0.6907334912665898,0.696071001109102,0.8513203563919024,0.07119740013801613,0.6317885790672455,63.17885790672455,Very High,19
KANO_W083,Dambatta,Gwanda,31257.3174264431,4.566260045076541,54.96274287088462,87.07122103166141,10.43228958787543,31257.3174264431,0.9305069024946075,4.8021941077782975,0.0,0.0,31257.3174264431,False,True,True,2,Compound Underserved,0.44958168436441504,0.7327921000046396,0.7115486748864127,0.0801213277670462,0.5456796744532879,54.56796744532879,Very High,50
KANO_W084,Dambatta,Gwarabjawa,73836.61919975281,3.157001535568506,72.3348799119274,93.8109169800617,10.038620872042785,73836.61919975281,0.7258577073534088,8.482899518110475,0.0,0.0,73836.61919975281,False,False,False,0,Relatively Better Served,0.30167641853860355,0.8097911433028349,0.4370843340394204,0.19757943878296272,0.4909836083429018,49.098360834290176,Very High,95
KANO_W085,Dambatta,Kore,34694.26978778839,2.586624426500969,82.85409283876089,99.39940302723085,6.695439366431671,34694.26978778839,1.1686304681232378,6.4803658476744,0.6005969727691655,0.0,34694.26978778839,False,False,False,0,Relatively Better Served,0.2418138898624118,0.643198360202687,0.27089010961145044,0.08960241165528328,0.36528197670024654,36.52819767002465,Moderate,282
KANO_W086,Dambatta,Saidawa,56500.86523294449,3.872325286200384,71.21317122864914,93.0434242799688,9.536186126143395,56500.86523294449,0.8814395520260849,8.99545467283966,0.809751886899133,0.0,56500.86523294449,False,True,False,1,Single-Dimension Underserved,0.3767514660014417,0.7512536387399702,0.45480633529067427,0.14975749645007155,0.4893891048850676,48.93891048850676,High,102
KANO_W087,Dambatta,San San,23166.29583621025,3.4047896313600514,77.22890788700005,90.43987536651392,10.490413044106514,23166.29583621025,1.1819368780158457,5.336475632005566,0.0,0.0,23166.29583621025,False,False,False,0,Relatively Better Served,0.3276824095823008,0.6381918375493361,0.35976303735084525,0.05780165429664969,0.4022947216316244,40.22947216316244,Moderate,227
KANO_W088,Dawakin Kudu,Dabar Kwari,34017.96837592125,6.564075151840978,36.9208759982447,72.80836595580405,10.887719835331714,34017.96837592125,0.6328429780036152,8.004629783435105,0.0,0.0,34017.96837592125,True,True,True,3,Critical Underserved,0.6592574624017383,0.8447878368770909,0.9965941524318201,0.08773678485993959,0.7059323298428583,70.59323298428582,Very High,2
KANO_W089,Dawakin Kudu,Danbagina,41607.82873606682,4.4364493999364925,57.74858912201156,98.43595629296628,6.694874801844115,41607.82873606682,0.6261662979950804,15.184608956323414,0.0,0.0,41607.82873606682,True,True,True,3,Critical Underserved,0.4359577269095394,0.8472999306711109,0.6675347776203384,0.10867396850666866,0.5771503446078186,57.71503446078186,Very High,35
KANO_W090,Dawakin Kudu,Dawaki,73490.75660037994,2.1782722887901955,87.6194346262031,100.0,6.611829976304279,73490.75660037994,0.3245442515133513,10.610015157776598,0.0,0.0,73490.75660037994,True,False,False,1,Single-Dimension Underserved,0.19895629413305574,0.9607849067576917,0.1956019404293332,0.19662535156449037,0.46457579642564895,46.457579642564895,High,126
KANO_W091,Dawakin Kudu,Dawakiji,63758.0076212883,3.531023376260304,78.26824581125828,100.0,8.578022776188261,63758.0076212883,0.3361807089116359,11.248928596399672,0.0,0.0,63758.0076212883,True,False,False,1,Single-Dimension Underserved,0.34093096225712366,0.9564067019647047,0.34334242095662326,0.16977685329266598,0.5311566465500083,53.11566465500083,Very High,62
KANO_W092,Dawakin Kudu,Dosan,29937.709733963013,1.9845767214866104,89.85581982967851,100.0,5.483763941073347,29937.709733963013,0.4545882129700336,5.482291960750489,0.0,0.0,29937.709733963013,True,False,False,1,Single-Dimension Underserved,0.17862745156937365,0.9118560037538795,0.16026903985977836,0.07648109365362674,0.4162638088046696,41.62638088046696,Moderate,199
KANO_W093,Dawakin Kudu,Gano,45035.87121248245,1.653254930445555,87.82551408544192,100.0,6.3841001395925225,45035.87121248245,0.6923686419508399,13.550983255264788,0.0,0.0,45035.87121248245,False,False,False,0,Relatively Better Served,0.1438543866936339,0.8223913687528757,0.1923460679475275,0.1181304738271599,0.3871820797351761,38.71820797351761,Moderate,247
KANO_W094,Dawakin Kudu,Gurjiya,29122.107536792755,3.2406649730843147,77.7595074169441,100.0,6.972533387479039,29122.107536792755,0.4516970503743583,60.11680208828931,0.0,0.0,29122.107536792755,True,False,False,1,Single-Dimension Underserved,0.31045710915156755,0.9129438006237032,0.3513800358873087,0.07423119547704132,0.4940781494627843,49.40781494627843,Very High,93
KANO_W095,Dawakin Kudu,Jido,28748.975908994675,1.9606748119383528,100.0,100.0,3.600180131514451,28748.975908994675,0.5426344056751963,79.26356043094165,0.0,0.0,28748.975908994675,True,False,False,1,Single-Dimension Underserved,0.17611888535414205,0.8787287168389785,0.0,0.07320188465379694,0.37137099919795463,37.13709991979546,Moderate,274
KANO_W096,Dawakin Kudu,Tanburawa,59871.07987475395,2.5752264651641257,92.95073188966909,100.0,6.15410209194601,59871.07987475395,0.4984906441655725,44.7283748874202,0.0,0.0,59871.07987475395,True,False,False,1,Single-Dimension Underserved,0.24061764482289338,0.8953377604341881,0.11137217722751513,0.15905447946901957,0.4316861169646898,43.16861169646898,High,171
KANO_W097,Dawakin Kudu,Tsakuwa,60278.01387953758,3.971312907832245,76.8317999211234,94.56345542483056,14.918136247386288,60278.01387953758,0.4232439445251735,7.235947672518815,3.3792642983035046,0.0,60278.01387953758,True,True,False,2,Compound Underserved,0.3871404687231896,0.9236492516162562,0.36603699062682515,0.16017703661578772,0.5366533323003797,53.66533323003797,Very High,56
KANO_W098,Dawakin Kudu,Unguwar Duniya,13425.575059175491,2.585819867759404,76.01099231547407,100.0,6.293501823075948,13425.575059175491,0.3216445716688554,27.834900535488497,0.0,0.0,13425.575059175491,True,False,False,1,Single-Dimension Underserved,0.24172944937563048,0.9618759082333789,0.37900502201608366,0.030931165238485415,0.48961608188336125,48.96160818833613,High,101
KANO_W099,Dawakin Kudu,Yan Barau,14766.157083034515,4.841815375908084,43.27884101716675,100.0,6.8321227095414105,14766.157083034515,0.2661363293245634,10.055030445265428,0.0,0.0,14766.157083034515,True,True,True,3,Critical Underserved,0.4785019173673624,0.9827608257270731,0.8961439502532442,0.03462925857554146,0.6719400430516644,67.19400430516644,Very High,11
KANO_W100,Dawakin Kudu,Yankatsari,17537.378254890442,1.2165403871643166,99.91936814200729,100.0,4.647074691303642,17537.378254890442,0.4027253110482919,40.771410473872606,0.0,0.0,17537.378254890442,True,False,False,1,Single-Dimension Underserved,0.09802008434369933,0.9313693657677735,0.0012739117647387888,0.04227387439818862,0.3619811668345066,36.19811668345066,Moderate,285
KANO_W101,Dawakin Kudu,Yargaya,32991.90990900993,3.756987120189157,53.77489600728904,97.13638492462356,9.063987645519935,32991.90990900993,0.4567797930872427,24.934139000760783,0.7307057678920468,0.0,32991.90990900993,True,True,True,3,Critical Underserved,0.3646464320501425,0.9110314240519168,0.7303156006638045,0.08490632770597009,0.58705399732187,58.705399732187004,Very High,34
KANO_W102,Dawakin Kudu,Zogarawa,14024.368523597715,3.3027578660766435,62.6882739315796,100.0,7.308227287811947,14024.368523597715,0.4028808845273387,21.311177446087047,0.0,0.0,14024.368523597715,True,False,True,2,Compound Underserved,0.3169739162398072,0.9313108314107685,0.589492143484601,0.03258298070493344,0.5438368416683713,54.383684166837135,Very High,52
KANO_W103,Dawakin Tofa,Danguguwa,36233.21717572212,1.1381025677175742,99.3977255718471,100.0,3.9745154232033104,36233.21717572212,1.0519157685236855,37.33867981014004,0.0,0.0,36233.21717572212,False,False,False,0,Relatively Better Served,0.0897878356414244,0.6871121425256579,0.009515401216410257,0.09384771032415162,0.2834058373683124,28.34058373683124,Very Low,422
KANO_W104,Dawakin Tofa,Dawaki East,27149.51277589798,1.007824596437585,100.0,100.0,3.0491537893696843,27149.51277589798,2.3064689895523176,41.45634121834593,0.0,0.0,27149.51277589798,False,False,False,0,Relatively Better Served,0.07611483111925132,0.2150878195410264,0.0,0.06878964888597368,0.10843363350803069,10.843363350803068,Very Low,481
KANO_W105,Dawakin Tofa,Dawaki West,22233.994185447693,0.2825936666551468,99.96784330878896,100.0,1.4808078346005709,22233.994185447693,2.364769273300434,42.78809517828485,0.0,0.0,22233.994185447693,False,False,False,0,Relatively Better Served,0.0,0.19315239942114248,0.0005080471697987976,0.05522983216159924,0.07598942405559951,7.598942405559951,Very Low,482
KANO_W106,Dawakin Tofa,Dawanau,98071.73553156853,1.5153826172505835,100.0,100.0,3.589431978692011,98071.73553156853,1.2847254352622366,87.02878278345737,0.0,0.0,98071.73553156853,False,False,False,0,Relatively Better Served,0.12938433666694252,0.5995177515627621,0.0,0.2644337756563406,0.2883115803955006,28.831158039550058,Very Low,413
KANO_W107,Dawakin Tofa,Ganduje,23467.54290318489,2.0440540479596323,94.8410143461022,100.0,4.835783744684681,23467.54290318489,1.4789937315801198,16.092358421217124,0.0,0.0,23467.54290318489,False,False,False,0,Relatively Better Served,0.18486974829722658,0.526424510471212,0.08150739276295482,0.05863266631334055,0.2648058816536842,26.480588165368417,Very Low,444
KANO_W108,Dawakin Tofa,Gargari,43409.82552909851,1.486127291096482,88.89328286869194,100.0,5.042299973274182,43409.82552909851,1.7263654247173,22.43262271460057,0.0,0.0,43409.82552909851,False,False,False,0,Relatively Better Served,0.12631391575945852,0.4333511724721263,0.175476269224473,0.1136449081546015,0.24170907516116655,24.170907516116653,Very Low,458
KANO_W109,Dawakin Tofa,Jalli,40162.44495844841,1.5772471389036302,95.68339445649076,100.0,5.573332341467395,40162.44495844841,1.2662104748377825,33.34770224948417,0.0,0.0,40162.44495844841,False,False,False,0,Relatively Better Served,0.13587717560213175,0.6064839858467683,0.06819853495264738,0.10468677188432933,0.2823752705001873,28.23752705001873,Very Low,424
KANO_W110,Dawakin Tofa,Kwa,28900.380245685577,0.9963199800800234,100.0,100.0,2.048930804664706,28900.380245685577,1.241588230184381,16.632143538870718,0.0,0.0,28900.380245685577,False,False,False,0,Relatively Better Served,0.0749073923639706,0.6157480793647416,0.0,0.0736195445647558,0.24902697717156413,24.902697717156414,Very Low,454
KANO_W111,Dawakin Tofa,Marke,48419.74295783043,1.273245799728266,95.80942665623812,100.0,4.655206739858354,48419.74295783043,1.354687642773125,18.979595712514776,0.0,0.0,48419.74295783043,False,False,False,0,Relatively Better Served,0.10397146165485079,0.5731945449571783,0.06620733809831503,0.12746513096279782,0.26417076649555027,26.417076649555028,Very Low,446
KANO_W112,Dawakin Tofa,Tattarawa,29552.52535843849,1.8140400356908983,92.80994054613365,100.0,5.296411897658439,29552.52535843849,0.91450295100594,10.250496621773102,0.0,0.0,29552.52535843849,False,False,False,0,Relatively Better Served,0.16072919253776918,0.7388135698314224,0.11359655544932645,0.07541853444627224,0.34083559845913475,34.08355984591348,Low,316
KANO_W113,Dawakin Tofa,Tumfafi,75784.21090984344,1.288525046380966,98.32859960637973,100.0,4.186306075966586,75784.21090984344,1.0252272358888124,70.72956587519536,0.0,0.0,75784.21090984344,False,False,False,0,Relatively Better Served,0.10557505746253171,0.6971536747119929,0.02640664221348188,0.20295201263387777,0.311400433725735,31.1400433725735,Low,366
KANO_W114,Doguwa,Dadin Kowa,34138.73034656048,3.753737357839961,86.76605603441257,99.18602735059945,9.219927645429845,34138.73034656048,1.580259909853623,7.248015462031195,0.0,0.0,34138.73034656048,False,False,False,0,Relatively Better Served,0.36430536122397,0.4883232179635899,0.209084564480442,0.08806991556812642,0.3352321348857548,33.52321348857548,Low,325
KANO_W115,Doguwa,Dariyar Shere,15075.104060411451,6.28020711157244,46.26967603438219,75.7923486433728,16.970017424889924,15075.104060411451,2.124975863493167,5.248116321989189,12.872155692542636,0.0,15075.104060411451,False,True,True,2,Compound Underserved,0.6294647893952598,0.28337441632979654,0.848891412488733,0.03548151135695083,0.463120991735296,46.312099173529596,High,129
KANO_W116,Doguwa,Dogon Kawo,22825.217678785324,3.304337122557586,67.77403218187982,96.336645624414,11.12771842390137,22825.217678785324,0.8042525227308776,5.700313089068291,0.0,0.0,22825.217678785324,False,False,True,1,Single-Dimension Underserved,0.3171396632252219,0.7802951769031676,0.5091416786812211,0.056860765310418504,0.4786026614164822,47.860266141648225,High,116
KANO_W117,Doguwa,Doguwa,26254.71422982216,1.4840501076411656,97.61028652551404,100.0,7.89193334147289,26254.71422982216,1.042390650867556,6.392432557770655,0.0,0.0,26254.71422982216,False,False,False,0,Relatively Better Served,0.126095910071322,0.6906959579729588,0.03775535111416517,0.06632128180185828,0.29707162080504396,29.707162080504396,Very Low,396
KANO_W118,Doguwa,Falgore,37270.93701219559,1.5662772047960805,93.77515579470918,97.57271334869247,9.52977036113317,37270.93701219559,0.8000143892777202,5.865988835228809,0.0,0.0,37270.93701219559,False,False,False,0,Relatively Better Served,0.1347258531092591,0.7818897701339792,0.09834701151872849,0.09671033621700559,0.348255128215967,34.825512821596696,Low,309
KANO_W119,Doguwa,Maraku,19388.52417564392,3.815174910021871,64.11714083749212,94.68299355849186,10.378226899504607,19388.52417564392,2.3302156523002724,5.736231668617108,1.097327385543447,0.0,19388.52417564392,False,True,True,2,Compound Underserved,0.37075338862692303,0.2061531627892329,0.5669173150358715,0.0473803955014261,0.3038701458966967,30.38701458966967,Low,385
KANO_W120,Doguwa,Riruwai,21745.184274196625,4.166593955837779,72.30289555218086,87.95173562269409,14.339269052304315,21745.184274196625,1.244796499162378,2.768622213588129,1.633426541939568,0.0,21745.184274196625,False,True,False,1,Single-Dimension Underserved,0.40763571152011585,0.614540971553843,0.43758965852509,0.0538814143522354,0.4329801973577332,43.298019735773316,High,168
KANO_W121,Doguwa,Tagwaye,19780.24347734452,2.8705536829015483,93.25571623060632,96.19822423959332,12.83293286712948,19780.24347734452,1.521401180724583,6.54929883098152,0.4346898579247037,0.0,19780.24347734452,False,False,False,0,Relatively Better Served,0.2716129876576863,0.510468752567607,0.10655369543070281,0.04846098177950047,0.28872784604903395,28.872784604903394,Very Low,411
KANO_W122,Doguwa,Unguwar Natsohuwa,14245.234813451769,5.281125317957692,69.53600493091663,88.35433046748929,17.57480763263316,14245.234813451769,1.0135045876296909,3.693162705474133,11.624242412165406,0.0,14245.234813451769,False,True,False,1,Single-Dimension Underserved,0.5246086134209147,0.7015643087252409,0.4813040736696891,0.03319225648243369,0.5041697452864116,50.416974528641155,Very High,84
KANO_W123,Doguwa,Zainabi,24553.09049201012,4.647839192487567,57.60453911461892,89.47684159396847,12.214397904625423,24553.09049201012,1.6244719321845618,3.446928467617257,2.8293662920418288,0.0,24553.09049201012,False,True,True,2,Compound Underserved,0.45814362342830117,0.471688491306532,0.6698106398377857,0.06162722855111825,0.44574027123600146,44.574027123600146,High,151
KANO_W124,Fagge,Fagge A,21010.16823577881,0.7360065172228752,100.0,100.0,1.1796648038114,21010.16823577881,0.859496176214369,294.0514801072823,0.0,0.0,21010.16823577881,False,False,False,0,Relatively Better Served,0.047586832181321974,0.7595098106886022,0.0,0.051853818975059064,0.28788255624166625,28.788255624166624,Very Low,414
KANO_W125,Fagge,Fagge B,4685.191780090332,0.5726810338764712,100.0,100.0,0.9187568401787294,4685.191780090332,0.8590146443240101,294.1533056828796,0.0,0.0,4685.191780090332,False,False,False,0,Relatively Better Served,0.030445407192579477,0.7596909865532306,0.0,0.006820180164512823,0.2760484944760815,27.60484944760815,Very Low,434
KANO_W126,Fagge,Fagge C,10101.682329177856,0.8494366396973334,100.0,100.0,1.08768056804603,10101.682329177856,0.8807921629455486,297.5640661873244,0.0,0.0,10101.682329177856,False,False,False,0,Relatively Better Served,0.059491612109240116,0.7514972181970436,0.0,0.02176196459344833,0.28413580469075456,28.413580469075455,Very Low,418
KANO_W127,Fagge,Fagge D1,4411.782623291016,0.5604751173931566,100.0,100.0,0.5604751173931566,4411.782623291016,0.8580972396144356,294.0,0.0,0.0,4411.782623291016,False,False,False,0,Relatively Better Served,0.029164365204944063,0.7600361591052446,0.0,0.0060659610544138275,0.27567185940648087,27.567185940648088,Very Low,435
KANO_W128,Fagge,Fagge D2,21891.856940746307,1.6365006582289616,100.0,100.0,2.443020466823689,21891.856940746307,0.8129369595281581,278.50919775049715,0.0,0.0,21891.856940746307,False,False,False,0,Relatively Better Served,0.1420959832004534,0.7770276667401645,0.0,0.054286021605832784,0.3227313815600685,32.273138156006844,Low,347
KANO_W129,Fagge,Kwachiri,166962.76798653603,1.351637345449164,99.80975636964978,100.0,3.005163704877857,166962.76798653603,0.6840135437046407,211.2724197255245,0.0,0.0,166962.76798653603,False,False,False,0,Relatively Better Served,0.11219885381187474,0.8255349656342408,0.0030056804457074815,0.454474715763276,0.3913692375691795,39.13692375691795,Moderate,238
KANO_W130,Fagge,Rijiyar Lemo,38690.50396347046,1.1537238284486764,100.0,100.0,1.7394336894177207,38690.50396347046,0.8127794041140658,237.3893515763956,0.0,0.0,38690.50396347046,False,False,False,0,Relatively Better Served,0.09142732669674151,0.777086946798135,0.0,0.1006263152399845,0.3145025766743673,31.45025766743673,Low,360
KANO_W131,Fagge,Sabon Gari East,43938.46072053909,0.7226096365549315,100.0,100.0,2.2167148784338213,43938.46072053909,0.7664880696316698,242.43605754459745,0.0,0.0,43938.46072053909,False,False,False,0,Relatively Better Served,0.046180795472612925,0.7945040124537412,0.0,0.11510318690547736,0.3091961210364149,30.91961210364149,Low,374
KANO_W132,Fagge,Sabon Gari West,25856.611166000366,1.0817463382727577,100.0,100.0,1.49194767669394,25856.611166000366,0.8329483702870405,282.6024790503192,0.0,0.0,25856.611166000366,False,False,False,0,Relatively Better Served,0.08387310598697238,0.7694983946000126,0.0,0.06522308545014009,0.30426983272361713,30.426983272361714,Low,384
KANO_W133,Fagge,Yammata,51146.59191703797,1.435685301173626,100.0,100.0,1.6908940627156577,51146.59191703797,0.756317365330971,195.21774498865204,0.0,0.0,51146.59191703797,False,False,False,0,Relatively Better Served,0.12101990058907831,0.7983307291934887,0.0,0.13498734279894883,0.33596982681428683,33.596982681428685,Low,324
KANO_W134,Gabasawa,Gabasawa,52927.08869194984,2.684466915871788,86.39652010093025,98.03212992533588,8.337513820158089,52927.08869194984,0.8333101670251656,12.149198399126892,0.0,0.0,52927.08869194984,False,False,False,0,Relatively Better Served,0.25208270804006616,0.7693622689598174,0.21492290412529302,0.1398989730780102,0.4088710333347161,40.88710333347161,Moderate,211
KANO_W135,Gabasawa,Garun Danga,43471.14401483536,2.764647549956175,87.26297050762219,100.0,6.815156364014248,43471.14401483536,0.9876398993514004,9.460919383343432,0.0,0.0,43471.14401483536,False,False,False,0,Relatively Better Served,0.2604978695724051,0.7112958703434547,0.20123375700496637,0.11381405967200664,0.38442177584372483,38.44217758437248,Moderate,256
KANO_W136,Gabasawa,Joda,28405.73940372467,5.925488708111634,63.76633990060927,72.49479558933587,14.744934336079172,28405.73940372467,0.4575326914918785,4.460966337329157,3.7215587114495694,0.0,28405.73940372467,True,True,True,3,Critical Underserved,0.5922361905234367,0.910748146823205,0.5724596583689103,0.07225504170753728,0.6217628964750653,62.176289647506536,Very High,21
KANO_W137,Gabasawa,Karmami,33564.32561326027,2.321785901922826,88.78946617909104,97.0011837173765,7.499886036111651,33564.32561326027,0.6366450903286391,12.462920461268158,0.0,0.0,33564.32561326027,False,False,False,0,Relatively Better Served,0.21401841294006893,0.8433572961347385,0.17711648074323494,0.08648537819616003,0.4077766804072501,40.77766804072501,Moderate,212
KANO_W138,Gabasawa,Mekiya,47392.77117872238,2.600088030493759,83.49387145073685,100.0,7.787349785558612,47392.77117872238,0.6953736162302181,6.9369978011573386,0.0,0.0,47392.77117872238,False,False,False,0,Relatively Better Served,0.24322692935381235,0.8212607503573908,0.260782175589912,0.1246321543704879,0.43126059970478603,43.1260599704786,High,172
KANO_W139,Gabasawa,Tarauni,16585.90804719925,3.177152545627335,80.79524825439162,100.0,7.585701716595945,16585.90804719925,0.6116832446562622,9.77576244628501,0.0,0.0,16585.90804719925,True,False,False,1,Single-Dimension Underserved,0.303791318309867,0.8527491641770443,0.3034180260341838,0.03964917440009275,0.4562305843217762,45.62305843217762,High,139
KANO_W140,Gabasawa,Yautar Arewa,24548.45909166336,4.27116675276528,69.56212919923172,96.3557528254168,7.898156103141971,24548.45909166336,0.6828781909662445,5.617165779901258,0.0,0.0,24548.45909166336,False,True,False,1,Single-Dimension Underserved,0.41861089259822054,0.8259621409016646,0.4808913334255689,0.06161445249530162,0.5200904516544578,52.00904516544578,Very High,71
KANO_W141,Gabasawa,Yautar Kudu,43056.72741103172,3.662175062345519,71.5230553155832,94.090240044633,8.433831503582951,43056.72741103172,0.692185760273638,12.109447899622037,0.0,0.0,43056.72741103172,False,False,False,0,Relatively Better Served,0.3546956653708972,0.8224601777905638,0.4499104418575066,0.11267086122982554,0.5011524793939417,50.115247939394166,Very High,86
KANO_W142,Gabasawa,Yumbu,21010.183431625366,4.063849732913497,54.47275658670816,100.0,8.721414738418476,21010.183431625366,0.6106521348757382,4.4468423868549545,0.0,0.0,21010.183431625366,True,True,True,3,Critical Underserved,0.39685244393567004,0.8531371181417837,0.7192900231265764,0.051853860893910655,0.5692898082897272,56.92898082897272,Very High,38
KANO_W143,Gabasawa,Zakirai,33067.38787722588,0.7237532645277132,100.0,100.0,2.595642190961948,33067.38787722588,0.8719301396128271,13.34139317742556,0.0,0.0,33067.38787722588,False,False,False,0,Relatively Better Served,0.046300822137826506,0.7548315451062457,0.0,0.08511453918903208,0.29084846830688876,29.084846830688875,Very Low,408
KANO_W144,Gabasawa,Zugachi,34554.24743318558,4.067340237973877,63.88084907512985,94.21914220050864,9.985876793441784,34554.24743318558,0.6673866018657885,9.976935286276763,0.0,0.0,34554.24743318558,False,True,True,2,Compound Underserved,0.3972187813218477,0.8317908349215988,0.5706505150820784,0.08921614977247437,0.5378049521014008,53.780495210140074,Very High,55
KANO_W145,Garko,Dal,25683.29281592369,2.8455798440349547,77.07801131085486,98.99359102176592,9.452801287011011,25683.29281592369,1.0220378576837996,7.905359507976986,0.0,0.0,25683.29281592369,False,False,False,0,Relatively Better Served,0.26899191973343156,0.6983536748895292,0.3621470692756401,0.06474497413415879,0.4072625221066165,40.72625221066165,Moderate,214
KANO_W146,Garko,Garin Ali,28029.41776585579,2.7122474341296177,79.68048243684854,93.4448863553549,10.373134309993826,28029.41776585579,0.3966381356731259,4.005484655435843,0.0,0.0,28029.41776585579,True,False,False,1,Single-Dimension Underserved,0.2549983441068212,0.9336596590667662,0.3210303361712651,0.07121693100873287,0.47816899079097747,47.816899079097745,High,117
KANO_W147,Garko,Garko,61503.04936790466,0.7115980847988298,100.0,100.0,2.618580987233856,61503.04936790466,0.9268147608992168,13.061241345059257,0.0,0.0,61503.04936790466,False,False,False,0,Relatively Better Served,0.04502510510164652,0.7341812643762384,0.0,0.1635563864030887,0.2950044320226407,29.50044320226407,Very Low,400
KANO_W148,Garko,Gurjiya,31266.79181075096,3.747666173247064,80.21505758501513,87.9772603573616,11.052988508540611,31266.79181075096,0.7739829833232572,10.266780406005426,0.0,0.0,31266.79181075096,False,False,False,0,Relatively Better Served,0.3636681749554241,0.7916840591015837,0.3125845234696908,0.08014746354751918,0.4607288973982475,46.07288973982475,High,133
KANO_W149,Garko,Kafin Malamai,35540.994270563126,3.302697524478775,71.08955441094584,85.6533929409982,10.11421185537624,35540.994270563126,0.7956480524912589,15.425973364402418,0.0,0.0,35540.994270563126,False,False,False,0,Relatively Better Served,0.31696758323559765,0.7835325997333982,0.45675937125328403,0.09193816292774758,0.4744692835671876,47.44692835671876,High,120
KANO_W150,Garko,Katumari,21477.0840280056,3.5458319726439007,80.87666891268807,99.30662357472345,9.436635247665068,21477.0840280056,0.703926260101024,10.793642490714335,0.0,0.0,21477.0840280056,False,False,False,0,Relatively Better Served,0.3424851621216947,0.8180428271436305,0.30213165192500735,0.05314184025944839,0.4574581445606978,45.74581445606978,High,137
KANO_W151,Garko,Kwas,26535.08460044861,4.843731592969276,48.8319450736797,94.45126898761532,9.829716781625905,26535.08460044861,0.8920494705517663,5.565223716058875,0.0,0.0,26535.08460044861,False,True,True,2,Compound Underserved,0.4787030292229258,0.7472616681124502,0.8084098366594628,0.06709470392826943,0.5768986655273682,57.689866552736824,Very High,36
KANO_W152,Garko,Raba,32359.28558063507,5.396439491910964,41.00617307055834,90.63643710986578,9.338534992115823,32359.28558063507,0.570247163499674,7.210465126471317,0.0,0.0,32359.28558063507,True,True,True,3,Critical Underserved,0.5367111293446941,0.8683394459022294,0.9320500859495191,0.08316118733262085,0.6638163401589855,66.38163401589856,Very High,12
KANO_W153,Garko,Sarina,34067.781299591064,3.405148126969355,73.20789943165575,100.0,8.0251663123242,34067.781299591064,0.7426631778106914,11.770073729889626,0.0,0.0,34067.781299591064,False,False,False,0,Relatively Better Served,0.3277200346085353,0.8034681028115491,0.42329140076571325,0.08787419744480504,0.47736925613646614,47.73692561364661,High,118
KANO_W154,Garko,Zakarawa,44037.64643788338,5.572407778934523,53.93789447724612,79.63176209919735,13.331308063838389,44037.64643788338,0.6912870197248913,6.100853903670711,4.983609257953197,0.0,44037.64643788338,False,True,True,2,Compound Underserved,0.5551794487435374,0.8227983279717997,0.727740369561831,0.11537679794449916,0.6173878430172322,61.738784301723214,Very High,23
KANO_W155,Garum Mallam,Chiromawa,39495.024658203125,1.5063018861641144,100.0,100.0,2.569694452882984,39495.024658203125,1.6711796493653424,26.21845044381608,0.2837310846999548,0.0,39495.024658203125,False,False,False,0,Relatively Better Served,0.12843129083739788,0.45411476210089596,0.0,0.1028456442834623,0.21289640062905227,21.289640062905228,Very Low,470
KANO_W156,Garum Mallam,Dakasoye,27249.177635908127,0.7087589897606383,100.0,100.0,3.3455741581056464,27249.177635908127,1.2985435723063772,26.58818799951988,0.0,0.0,27249.177635908127,False,False,False,0,Relatively Better Served,0.04472713485453051,0.5943186921096912,0.0,0.06906458167500301,0.2317893699460015,23.17893699460015,Very Low,465
KANO_W157,Garum Mallam,Dorawar Sallau,16789.279750347137,1.524432058680054,100.0,100.0,2.42105950912914,16789.279750347137,1.8197212440245136,33.373062149872155,0.0,0.0,16789.279750347137,False,False,False,0,Relatively Better Served,0.13033409856738204,0.39822614416202207,0.0,0.04021019008355834,0.18451090853945606,18.451090853945608,Very Low,476
KANO_W158,Garum Mallam,Fankurun,9915.744256734848,1.0290126580697558,100.0,100.0,4.366516012635556,9915.744256734848,1.2426572293145166,18.611846122036745,0.0,0.0,9915.744256734848,False,False,False,0,Relatively Better Served,0.07833857209146934,0.6153458695722709,0.0,0.021249040852439817,0.24205998210560156,24.205998210560157,Very Low,457
KANO_W159,Garum Mallam,Garun Babba,22145.97734260559,1.5959621719379196,100.0,100.0,1.9911269807614385,22145.97734260559,1.0269101703812726,14.036157109664432,1.3154096874476904,0.0,22145.97734260559,False,False,False,0,Relatively Better Served,0.1378413659314431,0.6965204723885556,0.0,0.054987031277900895,0.29338262980711255,29.338262980711256,Very Low,404
KANO_W160,Garum Mallam,Garun Malam,28762.40452694893,1.321759216354214,100.0,100.0,4.366516012635556,28762.40452694893,1.343453112901799,20.34002539084539,0.0,0.0,28762.40452694893,False,False,False,0,Relatively Better Served,0.10906306815129414,0.5774215249431012,0.0,0.07323892847632975,0.24580229344692311,24.580229344692313,Very Low,456
KANO_W161,Garum Mallam,Jobawa,16439.13120532036,3.538021354736416,48.34171390553334,100.0,8.253918195404767,16439.13120532036,0.675003180497032,7.300786703251255,0.0,0.0,16439.13120532036,False,False,True,1,Single-Dimension Underserved,0.3416654179015419,0.8289251052645308,0.816155053848923,0.03924427977124792,0.5617410649485202,56.17410649485202,Very High,40
KANO_W162,Garum Mallam,Kadawa,20430.679079532623,0.8018285042291587,100.0,100.0,2.069483382876866,20430.679079532623,0.9074256227395238,16.171296273531755,0.0,0.0,20430.679079532623,False,False,False,0,Relatively Better Served,0.05449501717340412,0.7414764071088684,0.0,0.05025525585137838,0.2834035360178319,28.340353601783193,Very Low,423
KANO_W163,Garum Mallam,Makwaro,25820.67198586464,1.2928904184358316,91.92805577653893,100.0,4.366516012635556,25820.67198586464,1.1095665755794126,14.916806222446416,0.0,0.0,25820.67198586464,False,False,False,0,Relatively Better Served,0.10603321436550393,0.6654210873245998,0.12752955179962966,0.06512394459920087,0.2999818469230672,29.99818469230672,Very Low,391
KANO_W164,Garum Mallam,Yada Kwari,20909.92188596725,1.6116179286140382,100.0,100.0,3.131916538367726,20909.92188596725,1.710853033775767,30.41214983175153,0.0,0.0,20909.92188596725,False,False,False,0,Relatively Better Served,0.13948447742394984,0.4391876931627722,0.0,0.051577282103980375,0.20329762814975225,20.329762814975226,Very Low,473
KANO_W165,Gaya,Balan,30474.14916396141,4.647345928889008,64.72404584452059,96.79627696081668,8.670589014330961,30474.14916396141,0.5392982567827976,6.213848264487807,0.0,0.0,30474.14916396141,True,True,True,3,Critical Underserved,0.4580918541587351,0.8799839393324644,0.5573287547846332,0.07796090096605109,0.5685818211158175,56.85818211158175,Very High,39
KANO_W166,Gaya,Gamarya,19484.152621507645,3.7899204674211178,69.58073978324776,100.0,7.393809973044346,19484.152621507645,0.5071472651357367,7.089856139119723,0.0,0.0,19484.152621507645,True,True,False,2,Compound Underserved,0.3681028706268926,0.8920807159467282,0.4805973027221112,0.04764419354748945,0.5259252013459682,52.59252013459682,Very High,66
KANO_W167,Gaya,Gamoji,20930.187529325485,5.723046834178782,56.153978981439344,75.81164705850092,15.036313947045004,20930.187529325485,0.4284951636725778,1.9182056486550327,16.8542267124983,0.0,20930.187529325485,True,True,True,3,Critical Underserved,0.5709894008277928,0.9216734859641103,0.6927282020163166,0.05163318635999785,0.6401731586930394,64.01731586930394,Very High,15
KANO_W168,Gaya,Gaya North,84436.5729906559,1.552601207839196,95.98694733059384,99.05011994530678,7.238624660584932,84436.5729906559,0.6793048085298212,14.743219839436051,0.9498800546932252,0.0,84436.5729906559,False,False,False,0,Relatively Better Served,0.13329052243593423,0.827306622265265,0.06340266906084169,0.22682018480937888,0.37624803605719814,37.62480360571981,Moderate,266
KANO_W169,Gaya,Gaya South,60222.25958275795,1.2772258322520682,99.9772448567411,100.0,4.598502197004028,60222.25958275795,0.5941458300967192,13.60454378026176,0.0,0.0,60222.25958275795,True,False,False,1,Single-Dimension Underserved,0.104389176193707,0.8593475978629279,0.00035951105961684604,0.16002323431964813,0.3561637994700074,35.616379947000745,Low,294
KANO_W170,Gaya,Kademi,56489.81666302681,2.0710349654294844,92.16830928701263,100.0,5.353005639233008,56489.81666302681,0.9289452225983144,13.597095416330616,0.0,0.0,56489.81666302681,False,False,False,0,Relatively Better Served,0.18770146422704265,0.7333796804144703,0.12373375965082545,0.14972701816372325,0.360199132067901,36.0199132067901,Moderate,289
KANO_W171,Gaya,Kazurawa,36138.66147708893,3.987553646567892,57.31056229445532,99.72430968078204,8.6993296064813,36138.66147708893,0.6990385423968412,7.187224314667372,0.0,0.0,36138.66147708893,False,True,True,2,Compound Underserved,0.38884497557107933,0.819881825762091,0.67445521257975,0.09358687152960363,0.5525412049334462,55.254120493344615,Very High,45
KANO_W172,Gaya,Maimakawa,49401.224858284,3.518949474615149,68.22802332558894,96.6911900090452,9.674423058949015,49401.224858284,0.9751188758231382,3.8963948698173976,0.0,0.0,49401.224858284,False,False,True,1,Single-Dimension Underserved,0.33966377556260813,0.7160068922076022,0.5019690217010171,0.13017262040537603,0.472421242342453,47.242124234245296,High,123
KANO_W173,Gaya,Shagogo,51781.8307390213,3.954760335844971,59.5505834093808,100.0,7.840207017260374,51781.8307390213,0.6648379062764658,14.46667398736786,0.0,0.0,51781.8307390213,False,True,True,2,Compound Underserved,0.3854032341822158,0.8327497789423695,0.6390648678375431,0.1367396954437005,0.5554073207685577,55.54073207685577,Very High,44
KANO_W174,Gaya,Wudilawa,20884.108263015747,1.4854199688451837,100.0,100.0,4.296168936605124,20884.108263015747,0.8681115941478701,19.85852254995613,0.0,0.0,20884.108263015747,False,False,False,0,Relatively Better Served,0.12623968048970713,0.7562682688001233,0.0,0.051506073341410635,0.3102917092281669,31.02917092281669,Low,371
KANO_W175,Gezawa,Babawa,86329.19391274452,2.6432798166309124,93.93530738108178,100.0,5.557382974592726,86329.19391274452,0.3988317334192023,91.54353897045642,0.0,0.0,86329.19391274452,True,False,False,1,Single-Dimension Underserved,0.24776001719185375,0.9328343202340753,0.09581675864969408,0.23204111773029115,0.45478953662896493,45.478953662896494,High,141
KANO_W176,Gezawa,Gawo,22370.71760725975,2.527388446720652,89.64442886675687,100.0,4.962768599644159,22370.71760725975,0.5996478466476541,13.603029811386374,0.0,0.0,22370.71760725975,True,False,False,1,Single-Dimension Underserved,0.23559692308396132,0.8572774699528694,0.16360882938378596,0.05560699369757688,0.4117890063400863,41.17890063400863,Moderate,207
KANO_W177,Gezawa,Gezawa,42951.56576991081,1.880616742612344,94.43996717647823,100.0,5.604895173961562,42951.56576991081,0.8105799465791089,20.36523647665288,0.0,0.0,42951.56576991081,False,False,False,0,Relatively Better Served,0.1677165873050082,0.7779144903701967,0.08784358196059572,0.11238076516899397,0.35701087898853945,35.70108789885394,Low,292
KANO_W178,Gezawa,Jogana,81403.46664071083,1.617610601358724,94.87818736642922,100.0,5.011090147251909,81403.46664071083,0.6588186085711144,33.03043357141029,0.0,0.0,81403.46664071083,False,False,False,0,Relatively Better Served,0.1401134236742863,0.8350145333398608,0.0809200920470301,0.2184531396128264,0.3832411031225671,38.32411031225671,Moderate,261
KANO_W179,Gezawa,Ketawa,63508.14157438278,2.862823810707696,88.43104686874081,100.0,4.855818088512328,63508.14157438278,0.64226185900551,20.562685868912904,0.0,0.0,63508.14157438278,False,False,False,0,Relatively Better Served,0.27080171790560204,0.8412439928586228,0.1827791876128444,0.16908757956918438,0.43759488733014507,43.75948873301451,High,161
KANO_W180,Gezawa,Mesar Tudu,38385.3818693161,2.507720906429297,95.50328671895105,100.0,5.063938798688259,38385.3818693161,0.5188099754736206,13.755931314534198,0.0,0.0,38385.3818693161,True,False,False,1,Single-Dimension Underserved,0.23353276469477532,0.887692633512974,0.07104407729142193,0.09978461367805197,0.40992875864796563,40.99287586479656,Moderate,209
KANO_W181,Gezawa,Sararin Gezawa,26853.15255689621,2.063209794331435,87.8663115804806,100.0,5.0382052650409,26853.15255689621,0.7450234318346265,19.890002388469668,0.0,0.0,26853.15255689621,False,False,False,0,Relatively Better Served,0.18688019261251573,0.8025800597305179,0.1917015037492632,0.06797211759601647,0.3855031970786911,38.55031970786911,Moderate,254
KANO_W182,Gezawa,Tsamiya Babba,128425.96181225777,2.2435958272340777,99.44432152931502,100.0,4.626724438100967,128425.96181225777,0.4537222196620483,103.34971313890684,0.0,0.0,128425.96181225777,True,False,False,1,Single-Dimension Underserved,0.20581216568042562,0.9121818328204024,0.0087792264601122,0.34816812384413404,0.43498835505991107,43.49883550599111,High,163
KANO_W183,Gezawa,Tumbau,24141.225328445435,4.255527489184283,53.84987648543576,100.0,7.610952033224465,24141.225328445435,0.5193728364337887,6.614949725541189,0.0,0.0,24141.225328445435,True,True,True,3,Critical Underserved,0.4169695120980064,0.8874808576718184,0.729130975682876,0.06049106844301864,0.5906090092175664,59.06090092175664,Very High,31
KANO_W184,Gezawa,Wangara,38648.41859912872,4.144593754402287,59.51256321597533,88.92979845331894,11.836448262698111,38648.41859912872,0.6222729835286409,15.520375627268542,0.0,0.0,38648.41859912872,True,True,True,3,Critical Underserved,0.4053267344093983,0.8487647861227438,0.6396655531359181,0.10051021969141692,0.561675339046676,56.1675339046676,Very High,41
KANO_W185,Gezawa,Zango,66622.09300208092,2.632793752468525,85.47665090016916,100.0,7.643930371166212,66622.09300208092,0.403225501544537,16.000332200354396,0.0,0.0,66622.09300208092,True,False,False,1,Single-Dimension Underserved,0.24665947808072516,0.931181169622408,0.22945602076234584,0.17767764181210285,0.47245410321634496,47.245410321634495,High,122
KANO_W186,Gwale,Dandago,11300.713973999023,0.9999963564759756,100.0,100.0,1.0710432771854028,11300.713973999023,0.793434304548492,280.1973439594084,0.0,0.0,11300.713973999023,False,False,False,0,Relatively Better Served,0.07529323741968638,0.7843655200562892,0.0,0.02506958088078921,0.3008763403777255,30.08763403777255,Very Low,389
KANO_W187,Gwale,Diso,11166.22183227539,0.4989470824429477,100.0,100.0,1.1779910528503017,11166.22183227539,0.8500720144999264,292.8547757982769,0.0,0.0,11166.22183227539,False,False,False,0,Relatively Better Served,0.022706841405263523,0.7630556415695833,0.0,0.024698574493755284,0.2775863131449965,27.75863131449965,Very Low,433
KANO_W188,Gwale,Dorayi,364719.1042802334,1.5154328235818328,100.0,100.0,2.711711999650932,364719.1042802334,0.6364269313295727,205.1969701853796,0.0,0.0,364719.1042802334,True,False,False,1,Single-Dimension Underserved,0.12938960594913557,0.8434393782274798,0.0,1.0,0.4840206641643586,48.402066416435865,High,110
KANO_W189,Gwale,Galadanchi,22005.976974487305,1.0685168357287735,100.0,100.0,1.1350206974918993,22005.9769744873,0.8003360692349254,281.82058109258617,0.0,3.637978807091713e-12,22005.976974487305,False,False,False,0,Relatively Better Served,0.08248463603819464,0.7817687383901899,0.0,0.054600830046413945,0.3065545737549869,30.655457375498692,Low,380
KANO_W190,Gwale,Goron Dutse,16381.674552679062,0.6475102994927919,100.0,100.0,1.224085208837795,16381.674552679062,0.7642598907639895,259.8581059097941,0.0,0.0,16381.674552679062,False,False,False,0,Relatively Better Served,0.03829892898993647,0.7953423623968734,0.0,0.0390857814022405,0.29572237274622265,29.572237274622264,Very Low,398
KANO_W191,Gwale,Gwale,14429.323318004608,1.2409805585859273,100.0,100.0,1.397964866532167,14429.323318004608,0.7836509021222196,278.0229387934162,0.0,0.0,14429.323318004608,False,False,False,0,Relatively Better Served,0.1005851425119155,0.7880465148752743,0.0,0.033700078055451485,0.3110468346682384,31.10468346682384,Low,368
KANO_W192,Gwale,Gyaranya,13923.644790649414,0.7062526425305141,100.0,100.0,0.7014355931241927,13923.644790649414,0.8012162424363175,282.1860578452503,0.0,0.0,13923.644790649414,False,False,False,0,Relatively Better Served,0.04446408733640503,0.781437574153765,0.0,0.032305126937636694,0.2916881461953847,29.16881461953847,Very Low,407
KANO_W193,Gwale,Kabuga,122864.51647615431,1.51946019373357,100.0,100.0,2.955605698183456,122864.51647615431,0.6282724298351448,215.12938418313863,0.0,0.0,122864.51647615431,True,False,False,1,Single-Dimension Underserved,0.12981228869247383,0.8465075007930801,0.0,0.3328264710576512,0.38514528254396785,38.51452825439679,Moderate,255
KANO_W194,Gwale,Mandawari,18334.27052307129,0.7795956298155944,100.0,100.0,1.171618481969124,18334.27052307129,0.8016492154765067,282.50028939213894,0.0,0.0,18334.27052307129,False,False,False,0,Relatively Better Served,0.05216162044170153,0.7812746685051722,0.0,0.04447215987036572,0.2957654440898756,29.57654440898756,Very Low,397
KANO_W195,Gwale,Sani Mai Nagge,42695.18185162544,0.9610770642811528,100.0,100.0,1.6536726998575788,42695.18185162544,0.8070929882247989,277.73537394742823,0.0,0.0,42695.18185162544,False,False,False,0,Relatively Better Served,0.07120855869041817,0.7792264547642773,0.0,0.11167351142169238,0.3108428534878763,31.08428534878763,Low,370
KANO_W196,Gwarzo,Getso,46848.29147553444,3.595490872587587,85.53637223725403,100.0,6.503656463717416,46848.29147553444,1.4930073001010002,24.667612444329933,0.0,0.0,46848.29147553444,False,False,False,0,Relatively Better Served,0.347696990006525,0.5211519201316457,0.22851247666188357,0.12313016737775964,0.3508842894870741,35.08842894870741,Low,300
KANO_W197,Gwarzo,Gwarzo,34334.948858737946,0.8924700753926315,100.0,100.0,1.9488342171667128,34334.948858737946,1.0073446983926289,21.02091649037725,0.0,0.0,34334.948858737946,False,False,False,0,Relatively Better Served,0.06400808066555413,0.7038819605378922,0.0,0.08861119865232124,0.2788527901857767,27.88527901857767,Very Low,430
KANO_W198,Gwarzo,Jama'A,11535.081839323044,1.7309562334103803,98.14808213638388,99.9728214111232,6.125891079142391,11535.081839323044,1.347854742538772,8.311784146723637,0.0,0.0,11535.081839323044,False,False,False,0,Relatively Better Served,0.1520093361173818,0.575765416445992,0.029258657961269363,0.025716101739453174,0.25682984344448356,25.682984344448357,Very Low,450
KANO_W199,Gwarzo,Kara,35663.72525191307,2.804168728575235,78.89700754973474,100.0,7.172079865224449,35663.72525191307,1.1492307120251264,14.717100964772444,0.0,0.0,35663.72525191307,False,False,False,0,Relatively Better Served,0.2646457178131385,0.6504974979234206,0.3334085437546973,0.09227672529566153,0.3875910571624275,38.75910571624275,Moderate,244
KANO_W200,Gwarzo,Kutama,51635.00675821304,1.7529626308329926,94.279521237954,100.0,5.460295900357389,51635.00675821304,1.022326637305275,17.37341596440562,0.0,0.0,51635.00675821304,False,False,False,0,Relatively Better Served,0.15431896351271057,0.698245021862273,0.09037848533227599,0.1363346707786792,0.32920734438886573,32.920734438886576,Low,336
KANO_W201,Gwarzo,Lakwaya,70697.78695869446,4.276738495867207,59.88136166413075,99.7458637514905,8.734289743917895,70697.78695869446,0.8161472512287847,12.191591106870188,0.0,0.0,70697.78695869446,False,True,True,2,Compound Underserved,0.41919566121167473,0.7758197978820153,0.6338388651044324,0.18892074100080056,0.5524015117932143,55.24015117932143,Very High,46
KANO_W202,Gwarzo,Madadi,37764.86453819275,4.313322901114514,57.85289059319872,98.5211653425536,8.211708585521508,37764.86453819275,0.8327346667965383,8.040358140645708,0.0,0.0,37764.86453819275,False,True,True,2,Compound Underserved,0.4230352876156843,0.7695788003123674,0.6658869069829423,0.0980728713400864,0.5441514784916353,54.415147849163525,Very High,51
KANO_W203,Gwarzo,Mainika,22412.89573502541,3.3243294439552664,74.84623516728415,100.0,6.921475198323853,22412.89573502541,0.7739787029798421,11.817175164535946,0.0,0.0,22412.89573502541,False,False,False,0,Relatively Better Served,0.31923790821778275,0.7916856695762681,0.3974071507910003,0.055723345140818434,0.4607012887463514,46.07012887463514,High,134
KANO_W204,Gwarzo,Sabon Birni,21694.23192834854,3.165935464500107,78.61684631509469,100.0,6.079331538726641,21694.23192834854,1.357584835716715,14.238497116595507,0.0,0.0,21694.23192834854,False,False,False,0,Relatively Better Served,0.30261405710851974,0.5721044791753275,0.33783484251199425,0.05374085858814589,0.3666488821345413,36.66488821345413,Moderate,280
KANO_W205,Gwarzo,Unguwar Tudu,42029.64623093605,3.876121668662848,69.79352028615699,100.0,8.787279710146333,42029.64623093605,0.7709387662929097,13.256406919362476,0.0,0.0,42029.64623093605,False,True,False,1,Single-Dimension Underserved,0.37714990599914183,0.7928294425406298,0.4772355597000467,0.10983758284690812,0.5025580260560085,50.25580260560085,Very High,85
KANO_W206,Kabo,Dugabau,20947.9741666317,3.2662006578923704,76.35969946649978,99.57014483469398,8.489928745061821,20947.9741666317,0.5300516374543411,3.95834547507309,0.0,0.0,20947.9741666317,True,False,False,1,Single-Dimension Underserved,0.3131371442367543,0.883462970078432,0.37349575864055384,0.05168225209692411,0.4856046723411268,48.56046723411268,High,108
KANO_W207,Kabo,Durun,16994.924002170563,2.1263490918541628,74.87152102830797,100.0,5.735944986637634,16994.924002170563,1.4072371483475463,10.629543614549734,0.0,0.0,16994.924002170563,False,False,False,0,Relatively Better Served,0.19350682251834764,0.5534228490449031,0.3970076566376757,0.040777474758376606,0.337268196462512,33.7268196462512,Low,322
KANO_W208,Kabo,Gammo,23415.953518867493,4.016946375886188,59.42013595948932,98.65193256211604,7.822839443600212,23415.953518867493,0.7857680669815689,8.81342977506347,0.0,0.0,23415.953518867493,False,True,True,2,Compound Underserved,0.39192981729020887,0.7872499338354028,0.6411258217239331,0.058490353232147796,0.5301151393590624,53.01151393590624,Very High,63
KANO_W209,Kabo,Garo,68251.44174146652,1.5975994166762912,99.97710030760705,100.0,4.465532957470156,68251.44174146652,1.3344496154244163,22.397233108995152,0.0,0.0,68251.44174146652,False,False,False,0,Relatively Better Served,0.1380131989320012,0.5808090813496527,0.0003617948075922417,0.18217231920567067,0.27208534499434783,27.208534499434784,Very Low,442
KANO_W210,Kabo,Godiya,47544.99382448197,3.287928775120342,73.82401422536924,100.0,6.150791770602165,47544.99382448197,1.0405033956777336,16.824721288344705,0.0,0.0,47544.99382448197,False,False,False,0,Relatively Better Served,0.31541756541769117,0.6914060357427522,0.4135573340620521,0.12505207164672597,0.4380866596946899,43.80866596946899,High,158
KANO_W211,Kabo,Gude,26724.13530445099,1.580015160705014,94.348126449867,100.0,5.191615096180145,26724.13530445099,1.034611238676984,16.216448881364624,0.0,0.0,26724.13530445099,False,False,False,0,Relatively Better Served,0.13616768653222946,0.6936229535845617,0.08929458389735856,0.06761621409056777,0.3116196886073223,31.16196886073223,Low,365
KANO_W212,Kabo,Hawadin Galadima,12261.558168411257,2.582655045321691,86.21794775425458,100.0,5.253594546297628,12261.558168411257,1.4442519528043714,9.553503396075335,0.0,0.0,12261.558168411257,False,False,False,0,Relatively Better Served,0.24139729320926123,0.5394960680034294,0.2177441886516609,0.02772013970528866,0.3089496704501042,30.894967045010418,Low,375
KANO_W213,Kabo,Kabo,39269.683455228806,2.0194363347647526,89.90840517682842,100.0,6.220498551055326,39269.683455228806,2.226283440149577,19.45637688719196,0.0,0.0,39269.683455228806,False,False,False,0,Relatively Better Served,0.18228605666822706,0.2452575477243759,0.15943823806437385,0.10222402413157881,0.18774720993661126,18.774720993661127,Very Low,474
KANO_W214,Kabo,Kanwa,18964.09841442108,2.759671562810221,79.90264608177787,100.0,7.05023131894499,18964.09841442108,1.0900306528302832,11.077281332672404,0.0,0.0,18964.09841442108,False,False,False,0,Relatively Better Served,0.25997562706217536,0.6727714576038113,0.3175203478364024,0.0462095860681212,0.3838982057574852,38.389820575748516,Moderate,259
KANO_W215,Kabo,Masanawa,17363.239748954773,4.155760033051587,66.00591864869465,97.71941975852816,9.143812238118478,17363.239748954773,0.4422343067347425,3.1171514341451374,0.0,0.0,17363.239748954773,True,True,True,3,Critical Underserved,0.40649866376144206,0.9165041479132383,0.5370763026300076,0.04179350062242232,0.5564103365174309,55.641033651743086,Very High,43
KANO_W216,Kano Municipal,Chedi,17088.220916748047,0.5049985899413698,100.0,100.0,0.5206483656355446,17088.220916748047,0.8420750977190484,290.7265858904605,0.0,0.0,17088.220916748047,False,False,False,0,Relatively Better Served,0.023341962512684382,0.7660644730533233,0.0,0.0410348411052516,0.28128038048825615,28.128038048825616,Very Low,427
KANO_W217,Kano Municipal,Dan Agundi,13177.07901120186,1.0898483461034332,100.0,100.0,1.5569676372560417,13177.07901120186,0.8180613447818463,286.8395906563869,0.0,0.0,13177.07901120186,False,False,False,0,Relatively Better Served,0.08472343232088056,0.775099622206429,0.0,0.030245670757028244,0.3012387480820686,30.123874808206857,Very Low,388
KANO_W218,Kano Municipal,Gandu Albasa,63552.255291461945,1.316916913869462,100.0,100.0,1.7164598924509626,63552.255291461945,0.7403553076466246,268.5206354220611,0.0,0.0,63552.255291461945,False,False,False,0,Relatively Better Served,0.10855485618636071,0.8043364365206896,0.0,0.16920927047679002,0.33946560020966804,33.94656002096681,Low,320
KANO_W219,Kano Municipal,Jakara,10346.181594848633,0.305647897588552,100.0,100.0,0.6729742143869926,10346.181594848633,0.83648573483416,288.1525934832307,0.0,0.0,10346.181594848633,False,False,False,0,Relatively Better Served,0.0024196001880487485,0.7681674649291814,0.0,0.022436433659271997,0.2729499578305189,27.29499578305189,Very Low,440
KANO_W220,Kano Municipal,Kan Karofi,22157.384843349457,0.9454757687393104,100.0,100.0,1.217056764768005,22157.384843349457,0.8396647013906963,291.0495022610693,0.0,0.0,22157.384843349457,False,False,False,0,Relatively Better Served,0.0695711630325067,0.7669713821233762,0.0,0.05501849970112495,0.2975641076081024,29.756410760810244,Very Low,395
KANO_W221,Kano Municipal,Shahuchi,15298.19793319702,0.5230274571225048,100.0,100.0,0.5230274571225048,15298.19793319702,0.8515359458455665,293.0,0.0,0.0,15298.19793319702,False,False,False,0,Relatively Better Served,0.025234137990052898,0.7625048389485871,0.0,0.03609693208451766,0.27986147484169893,27.986147484169894,Very Low,429
KANO_W222,Kano Municipal,Sharada,59435.54341816902,1.2489655143458782,100.0,100.0,1.6470782775421762,59435.54341816902,0.7486892468932581,267.65552101914875,0.0,0.0,59435.54341816902,False,False,False,0,Relatively Better Served,0.10142318393321241,0.8012008006905398,0.0,0.15785302037179458,0.33452518847742185,33.45251884774218,Low,326
KANO_W223,Kano Municipal,She She,10644.321807861328,0.5834088068868601,100.0,100.0,0.697070514890714,10644.321807861328,0.8365969955186175,289.8775994007015,0.0,0.0,10644.321807861328,False,False,False,0,Relatively Better Served,0.031571314262230206,0.7681256032142891,0.0,0.023258875192597124,0.2818041866825598,28.18041866825598,Very Low,425
KANO_W224,Kano Municipal,Tudun Nufawa,9268.949157714844,0.6065385307712314,100.0,100.0,0.658394279831112,9268.949157714844,0.8204398027297942,286.2579167670947,0.0,0.0,9268.949157714844,False,False,False,0,Relatively Better Served,0.03399883762754223,0.774204729918235,0.0,0.019464809374203976,0.2840910281657755,28.40910281657755,Very Low,420
KANO_W225,Kano Municipal,Tudun Wazurchi,23992.487313985825,0.3899151201342838,100.0,100.0,0.9055381695738932,23992.487313985825,0.8585179814300966,294.4964798261434,0.0,0.0,23992.487313985825,False,False,False,0,Relatively Better Served,0.011263659575974846,0.7598778554419485,0.0,0.06008076377650024,0.27834846184394946,27.834846184394944,Very Low,431
KANO_W226,Kano Municipal,Yakasai,27750.157355308533,0.7948265402959647,100.0,100.0,1.1745511597755844,27750.157355308533,0.8442032104928738,292.0169662603287,0.0,0.0,27750.157355308533,False,False,False,0,Relatively Better Served,0.05376014324512581,0.7652637728722052,0.0,0.07044657078819559,0.2945373490970389,29.45373490970389,Very Low,401
KANO_W227,Kano Municipal,Zaitawa,28596.736989974976,0.506887143119296,100.0,100.0,0.5421035448510805,28596.736989974976,0.8464460397082177,291.23471902221803,0.0,0.0,28596.736989974976,False,False,False,0,Relatively Better Served,0.02354017097332008,0.7644199107512544,0.0,0.07278192248658338,0.2855263084279225,28.552630842792247,Very Low,417
KANO_W228,Kano Municipal,Zango,18466.421295166016,0.6724302456090225,100.0,100.0,0.755523570825783,18466.421295166016,0.8463051967273023,292.0939629507817,0.0,0.0,18466.421295166016,False,False,False,0,Relatively Better Served,0.040914340732933624,0.7644729027739119,0.0,0.044836707418425124,0.286565324303513,28.6565324303513,Very Low,416
KANO_W229,Karaye,Daura,20978.516822338104,2.617968969953562,89.80860268145548,99.74510780555455,5.96659778787124,20978.516822338104,1.3162663699052526,14.57121470285215,0.0,0.0,20978.516822338104,False,False,False,0,Relatively Better Served,0.24510357944048855,0.5876505082512626,0.1610150288784633,0.05176650624143271,0.31917673343199604,31.917673343199603,Low,353
KANO_W230,Karaye,Kafin Dabga,23176.963044166565,4.262352841283525,59.65811835063819,99.70749874525988,7.910278631900051,23176.963044166565,0.991471227447916,8.64488332382257,0.0,0.0,23176.963044166565,False,True,True,2,Compound Underserved,0.41768585016499854,0.709854337197968,0.6373659112439761,0.05783108056819903,0.5099026174028134,50.99026174028134,Very High,81
KANO_W231,Karaye,Kurugu,20579.93715000153,1.3233415866958624,94.77891451716091,100.0,3.1807031877498173,20579.93715000153,1.3359529185757373,17.37202414961239,0.0,0.0,20579.93715000153,False,False,False,0,Relatively Better Served,0.10922914194431178,0.5802434651283965,0.0824885149229293,0.05066699513034767,0.2599517076323703,25.99517076323703,Very Low,448
KANO_W232,Karaye,Kwanyawa,28291.342821121216,3.117662680121677,84.61935180610428,99.29775735834713,6.101656814425015,28291.342821121216,1.3008870835028428,9.106111071608035,0.0,0.0,28291.342821121216,False,False,False,0,Relatively Better Served,0.2975477055786388,0.5934369484997936,0.24300058526844748,0.07193947038673887,0.3563582812602197,35.63582812602197,Low,293
KANO_W233,Karaye,Magaji Hajji,24853.62136054039,1.9018634847417704,99.0118481707439,100.0,5.181650307463969,24853.62136054039,1.4718210483556218,20.663263142491967,0.0,0.0,24853.62136054039,False,False,False,0,Relatively Better Served,0.16994648694470055,0.5291232249508184,0.015611921540382045,0.06245626488213825,0.24866789885659374,24.866789885659372,Very Low,455
KANO_W234,Karaye,Magajin Gari,33174.80266427994,0.734337107669772,100.0,100.0,1.7816223665546622,33174.80266427994,1.4612347019630745,21.38687565371293,0.0,0.0,33174.80266427994,False,False,False,0,Relatively Better Served,0.04741162340162826,0.5331063265881693,0.0,0.0854108507173356,0.21362232893394806,21.362232893394804,Very Low,469
KANO_W235,Karaye,Tudun Kaya,23715.160064458847,5.156542930296814,42.06213965189736,83.60404836832099,8.185859560531044,23715.160064458847,0.9551221921488924,6.752113967527136,0.0,0.0,23715.160064458847,False,True,True,2,Compound Underserved,0.5115333748895334,0.7235306232977304,0.9153667515377,0.059315736321703005,0.5986664413768611,59.86664413768611,Very High,27
KANO_W236,Karaye,Turawa,32651.643099546432,2.707447733347232,80.99641192779985,97.91179023606573,7.636195745931743,32651.643099546432,0.6854623812974316,8.125006169207493,0.0,0.0,32651.643099546432,False,False,False,0,Relatively Better Served,0.25449460329893286,0.8249898420217957,0.3002398186038655,0.08396767688229576,0.4377379409504258,43.773794095042575,High,160
KANO_W237,Karaye,Yammedi,20860.11385035515,2.848343694266651,83.96274674038517,100.0,7.311276387424757,20860.11385035515,1.298034716743698,12.88381766996053,0.0,0.0,20860.11385035515,False,False,False,0,Relatively Better Served,0.26928199284667786,0.5945101484771411,0.2533743623192284,0.05143988300317881,0.3472540047353252,34.72540047353252,Low,311
KANO_W238,Karaye,Yola,11230.604593515396,2.907299026030519,75.17601260908779,100.0,6.293243983650756,11230.604593515396,1.0338814366200049,8.783004105182872,0.0,0.0,11230.604593515396,False,False,False,0,Relatively Better Served,0.27546950490181377,0.6938975408368873,0.39219696001383786,0.02487617903874057,0.4076758096220333,40.76758096220333,Moderate,213
KANO_W239,Kibiya,Durba,14227.265533208849,1.98412949622948,91.70261970826996,100.0,5.2517540803555525,14227.265533208849,1.4477542097536236,14.17204818143231,0.0,0.0,14227.265533208849,False,False,False,0,Relatively Better Served,0.17858051414086526,0.5381783475291768,0.13109124151773377,0.033142686911638804,0.27312622721776403,27.312622721776403,Very Low,439
KANO_W240,Kibiya,Fammar,21177.797415733337,3.184884353657493,70.63257024059342,99.14163630645632,8.599915373686258,21177.797415733337,1.049695409183368,8.365964847560859,0.0,0.0,21177.797415733337,False,False,False,0,Relatively Better Served,0.3046027912328965,0.6879475503798872,0.46397931539699866,0.052316236300111306,0.4328057785272459,43.28057785272459,High,169
KANO_W241,Kibiya,Fassi,48668.62436294556,4.8607418745575846,57.4938821846546,86.03288730113475,12.365532221595211,48668.62436294556,0.6681164207351673,5.9527495122100165,0.0,0.0,48668.62436294556,False,True,True,2,Compound Underserved,0.48048830155097366,0.8315162413436257,0.6715589210809657,0.12815168848004987,0.5887117124237617,58.87117124237618,Very High,32
KANO_W242,Kibiya,Kadigawa,9896.152205228806,2.599905251773249,86.1881906138678,99.51200948841606,5.387841115375904,9896.152205228806,1.2301309559280245,9.503436562089256,0.0,0.0,9896.152205228806,False,False,False,0,Relatively Better Served,0.24320774626209288,0.6200588666900269,0.21821432504895344,0.0211949947486996,0.3368050414422329,33.68050414422329,Low,323
KANO_W243,Kibiya,Kahu,41642.98987603188,4.385556582354547,58.57474602599866,96.94525420942747,9.056322345220494,41642.98987603188,0.7211458662069419,10.061315540350098,0.0,0.0,41642.98987603188,False,True,True,2,Compound Underserved,0.4306163962294004,0.8115639685524074,0.654482232066887,0.10877096307702237,0.5604443987370934,56.04443987370934,Very High,42
KANO_W244,Kibiya,Kibiya 1,25239.91374444961,2.234563529906256,80.71937072310487,100.0,4.115308375052606,25239.91374444961,1.34398931227781,18.90790125407745,0.0,0.0,25239.91374444961,False,False,False,0,Relatively Better Served,0.2048642030970699,0.5772197804947957,0.3046168236582477,0.06352188061147493,0.33393783092567025,33.39378309256703,Low,327
KANO_W245,Kibiya,Kibiya 2,16369.628731250765,1.5741238874124532,97.75217904010096,100.0,4.925710977822438,16369.628731250765,1.3441869615301798,16.694526931362187,0.0,0.0,16369.628731250765,False,False,False,0,Relatively Better Served,0.1355493824123609,0.5771454151725642,0.035513575367450145,0.03905255212482925,0.2556263079263202,25.562630792632017,Very Low,452
KANO_W246,Kibiya,Nariya,22977.37984013557,3.5130920578313454,65.03404639736576,100.0,6.204733856429213,22977.37984013557,1.0535490572779898,14.650453665551357,0.0,0.0,22977.37984013557,False,False,True,1,Single-Dimension Underserved,0.33904902476946697,0.6864976193587118,0.552431021293478,0.05728051573599975,0.46106715582548474,46.106715582548475,High,132
KANO_W247,Kibiya,Tarai,25802.03746962548,2.473988015988986,81.77898763802762,98.27010214517284,11.348892442297778,25802.03746962548,1.030680197122557,12.051634349812623,1.3455237174941344,0.0,25802.03746962548,False,False,False,0,Relatively Better Served,0.2299924120242146,0.6951020038131615,0.28787581721686994,0.06507253992636712,0.37961946937419994,37.961946937419995,Moderate,264
KANO_W248,Kibiya,Unguwar Gai,21078.79191470146,2.174124882590892,93.73503013303296,100.0,5.1591278600354,21078.79191470146,1.115627185968668,11.718275896481304,0.0,0.0,21078.79191470146,False,False,False,0,Relatively Better Served,0.19852101330114524,0.6631407890734693,0.09898096134637446,0.052043122400937926,0.3192582407954734,31.92582407954734,Low,352
KANO_W249,Kiru,Baawa,45581.84206485748,5.540022890290559,62.19076122921884,72.10073235090245,17.39241857401079,45581.84206485748,0.5729218637001692,1.5648480370903224,9.603989692605325,0.0,45581.84206485748,True,True,True,3,Critical Underserved,0.5517805722909148,0.8673330927797286,0.5973524024495082,0.11963657426373209,0.6065167207896408,60.65167207896408,Very High,24
KANO_W250,Kiru,Badafi,49897.09845435619,4.117268323979823,72.58054724381466,84.48118919467838,11.779118057242314,49897.09845435619,0.9007029791907534,7.347848458308682,0.0339934013577298,0.0,49897.09845435619,False,True,False,1,Single-Dimension Underserved,0.4024588609687404,0.7440057946363052,0.4332030083191145,0.13154052390476642,0.48751136666286676,48.751136666286676,High,105
KANO_W251,Kiru,Bargoni,49621.10081171989,3.9829389849902648,70.10383283000947,95.55536255394868,7.983281388232765,49621.10081171989,0.9339082048094536,8.972052233172656,0.0,0.0,49621.10081171989,False,True,False,1,Single-Dimension Underserved,0.38836065509848317,0.7315123636048438,0.4723328970279872,0.13077916426760047,0.4866209778369778,48.662097783697774,High,106
KANO_W252,Kiru,Bauda,17257.104536533356,3.724045343157526,80.92536890658856,93.9769823158712,8.63367969620753,17257.104536533356,0.4789319407924494,4.160148100991731,6.023017684128802,0.0,17257.104536533356,True,False,False,1,Single-Dimension Underserved,0.361189108744471,0.9026967018990915,0.30136223526121,0.04150071889411537,0.49079813317438253,49.07981331743825,Very High,97
KANO_W253,Kiru,Dangora,33435.30783319473,2.574422270243688,83.93753607665685,96.00391674545833,8.63367969620753,33435.30783319473,0.6950244223923459,7.607815775765687,0.0,0.0,33435.30783319473,False,False,False,0,Relatively Better Served,0.24053324252006492,0.8213921341696908,0.2537726684220504,0.08612947323523218,0.42332117438510614,42.332117438510615,High,184
KANO_W254,Kiru,Dansoshiya,17936.17236971855,4.428915304363312,56.28784855354591,92.8575193079959,13.351556852716534,17936.17236971855,1.189255358493591,2.173926361593528,0.4627234624225955,0.0,17936.17236971855,False,True,True,2,Compound Underserved,0.4351670044118641,0.6354382670073453,0.6906131816373677,0.04337397706453475,0.4975822276632838,49.75822276632838,Very High,91
KANO_W255,Kiru,Dashi,11485.352670431135,2.1061144019515057,83.8527178582239,87.30175711312013,8.424041777806902,11485.352670431135,1.2659666630882471,15.073060617152612,0.0,0.0,11485.352670431135,False,False,False,0,Relatively Better Served,0.19138314033458695,0.6065757197597512,0.25511272096475246,0.025578920198254286,0.3245758262389776,32.457582623897764,Low,344
KANO_W256,Kiru,Galadimawa,13565.169162273409,4.18469655167967,59.45831320370218,100.0,7.2428596026048275,13565.169162273409,0.8723542387654691,7.78050609379956,0.0,0.0,13565.169162273409,False,True,True,2,Compound Underserved,0.4095356250080015,0.7546719782484601,0.640522655162244,0.03131624575826793,0.5197978477855504,51.979784778555036,Very High,72
KANO_W257,Kiru,Kiru,71204.89597964287,1.5243723840340129,96.38318631819786,100.0,4.291785938272672,71204.89597964287,1.1484236741469434,14.400142491848609,0.0,0.0,71204.89597964287,False,False,False,0,Relatively Better Served,0.13032783556146352,0.6508011450718134,0.057142444870019404,0.19031963823957745,0.3068551861535142,30.68551861535142,Low,379
KANO_W258,Kiru,Kogo,23040.690415382385,3.8487682853969134,72.47841990368546,72.47841990368546,12.21398530721032,23040.690415382385,0.6024964656190285,7.331256337794185,0.0,0.0,23040.690415382385,True,True,False,2,Compound Underserved,0.37427909883644767,0.8562056800767079,0.4348165296161659,0.05745516257768383,0.5075372979876678,50.75372979876678,Very High,82
KANO_W259,Kiru,Maraku,23669.96942639351,4.035209695505673,64.66352017283903,91.1942575790293,11.84961871551774,23669.96942639351,0.7612660596753988,9.288126212923698,1.4884161079593643,0.0,23669.96942639351,False,True,True,2,Compound Underserved,0.39384659914744574,0.7964687881786059,0.5582850066575693,0.05919107464897248,0.5174537181356056,51.74537181356056,Very High,77
KANO_W260,Kiru,Tsaudawa,11463.591928958893,2.3997986774217592,91.91365354349897,91.91365354349897,3.864081175088269,11463.591928958893,1.1941066731263463,13.302259473671226,0.0,0.0,11463.591928958893,False,False,False,0,Relatively Better Served,0.22220605219867956,0.6336129650060207,0.1277570942941828,0.025518891604989814,0.3178056060112961,31.780560601129608,Low,355
KANO_W261,Kiru,Yako,26821.408928632736,3.668488633941889,80.45673499825591,80.45673499825591,13.947583153778636,26821.408928632736,0.9912682729274784,11.072601234306788,0.0,0.0,26821.408928632736,False,False,False,0,Relatively Better Served,0.35535829077210723,0.7099306986217007,0.30876623492142385,0.06788455048107246,0.427019161305673,42.701916130567305,High,178
KANO_W262,Kiru,Yalwa,69497.12743091583,1.87330111187256,91.71946246654774,98.40571609361616,9.870172827169782,69497.12743091583,0.7223095240921263,10.108790485873792,1.4256229857434433,0.0,69497.12743091583,False,False,False,0,Relatively Better Served,0.16694879324738784,0.8111261435034314,0.1308251408913208,0.18560863407953251,0.3879851114906114,38.798511149061135,Moderate,243
KANO_W263,Kiru,Zuwo,23033.242586374283,2.3209297330002543,73.94891051541158,100.0,7.033462011321935,23033.242586374283,0.9919395625065622,6.335665058678517,0.0,0.0,23033.242586374283,False,False,False,0,Relatively Better Served,0.21392855583349096,0.7096781266273187,0.41158408357250553,0.057434617197885944,0.40349792036379284,40.349792036379284,Moderate,225
KANO_W264,Kumbotso,Chalawa,43289.80251598358,2.6421469938280184,97.07611841496482,100.0,4.9014531050631085,43289.80251598358,0.4994765070019012,54.42833081597483,0.0,0.0,43289.80251598358,True,False,False,1,Single-Dimension Underserved,0.24764112455670903,0.894966830584363,0.04619473298278609,0.11331381591466827,0.4137667470552972,41.37667470552972,Moderate,202
KANO_W265,Kumbotso,Chiranchi,198925.14441156387,2.2057559000204776,100.0,100.0,3.859563095839944,198925.14441156387,0.536329399238654,159.02229947064149,0.0,0.0,198925.14441156387,True,False,False,1,Single-Dimension Underserved,0.2018407690519173,0.8811009688445032,0.0,0.5426452634733075,0.4503343593321474,45.03343593321474,High,143
KANO_W266,Kumbotso,Dan Maliki,278711.66805434227,1.435146506531642,100.0,100.0,2.121654128172864,278711.66805434227,0.5927810779288627,212.2949857684419,0.0,0.0,278711.66805434227,True,False,False,1,Single-Dimension Underserved,0.12096335272067057,0.8598610844231442,0.0,0.7627422110818276,0.45165171702657575,45.165171702657574,High,142
KANO_W267,Kumbotso,Danbare,114465.84750008585,1.879060288123636,99.14628217139952,100.0,4.246072893406055,114465.84750008585,0.5534720904213355,133.59701645461618,0.0,0.0,114465.84750008585,True,False,False,1,Single-Dimension Underserved,0.16755323344668846,0.8746510494118264,0.013487983691503946,0.30965812982394514,0.40554015354003825,40.55401535400382,Moderate,217
KANO_W268,Kumbotso,Garun Gawa,83048.29761075974,1.2502607198996791,100.0,100.0,3.0049557081110034,83048.29761075974,0.5706032527941662,191.9495411845046,0.0,0.0,83048.29761075974,True,False,False,1,Single-Dimension Underserved,0.10155911905117801,0.8682054676816666,0.0,0.22299052586944007,0.3677882282843527,36.77882282843527,Moderate,279
KANO_W269,Kumbotso,Kumbotso,39396.39269900322,1.8093570815981543,98.3249320997604,100.0,4.493752164746407,39396.39269900322,0.330414548649824,53.489523232726185,0.0,0.0,39396.39269900322,True,False,False,1,Single-Dimension Underserved,0.16023770459197054,0.9585762136667041,0.02646458556175535,0.10257356082669031,0.4042519373972922,40.425193739729224,Moderate,221
KANO_W270,Kumbotso,Kureken Sani,60094.16771411896,2.503084278490061,96.07467353075111,100.0,3.980917542507852,60094.16771411896,0.5189590083427608,137.10700515568865,0.0,0.0,60094.16771411896,True,False,False,1,Single-Dimension Underserved,0.23304613879664435,0.8876365600535311,0.06201667298883895,0.15966988355295553,0.4169404547884403,41.694045478844025,Moderate,196
KANO_W271,Kumbotso,Mariri,140039.119617939,1.8007401804397771,99.86198486577422,100.0,3.7912789214559353,140039.119617939,0.6090563617502527,163.10271338727233,0.0,0.0,140039.119617939,True,False,False,1,Single-Dimension Underserved,0.15933333889339515,0.8537375260930516,0.0021805165796640047,0.38020386708030207,0.40407481917856475,40.40748191785647,Moderate,222
KANO_W272,Kumbotso,Naibawa,171205.67027902603,1.8785931637193192,97.47665071793531,100.0,4.449783594572359,171205.67027902603,0.5991082680985982,177.14944023769544,0.0,0.0,171205.67027902603,True,False,False,1,Single-Dimension Underserved,0.167504207552058,0.8574804858114602,0.039866678221129326,0.466179071347927,0.42826962864604334,42.82696286460433,High,176
KANO_W273,Kumbotso,Panshekara,101506.5303285122,2.35952892435087,89.34790646499309,100.0,5.986506786542264,101506.5303285122,0.3908790740722052,56.50290315922478,0.0,0.0,101506.5303285122,True,False,False,1,Single-Dimension Underserved,0.21797963916480056,0.9358264999051106,0.16829362005485804,0.2739089077457352,0.4676782268890607,46.767822688906065,High,125
KANO_W274,Kumbotso,Unguwar Rimi,42530.13511133194,2.222194126577268,99.72192883397548,100.0,4.498848910759722,42530.13511133194,0.4683986939228778,91.21479025652172,0.0,0.0,42530.13511133194,True,False,False,1,Single-Dimension Underserved,0.203566002749059,0.9066598248970643,0.004393277528905171,0.1112182179448895,0.39596212773620465,39.596212773620465,Moderate,231
KANO_W275,Kunchi,Bumai,15435.597174167631,2.121670074647782,84.44808060904411,100.0,6.128902736242818,15435.597174167631,1.4104999007605634,9.41073938632864,0.0,0.0,15435.597174167631,False,False,False,0,Relatively Better Served,0.19301574775878855,0.5521952418991831,0.24570651811344724,0.036475957916959685,0.30578575630258403,30.578575630258403,Low,381
KANO_W276,Kunchi,Garun Sheme,12664.605396032332,2.976165743536007,74.29150937076906,100.0,6.150266358803656,12664.605396032332,0.7720324780974565,5.209609223784839,0.0,0.0,12664.605396032332,False,False,False,0,Relatively Better Served,0.2826972421057963,0.7924179346305403,0.4061713258450901,0.02883197489363007,0.4477145111554905,44.77145111554905,High,149
KANO_W277,Kunchi,Gwarmai,35510.20523071289,4.083819839954258,71.73623832939273,92.7498598262624,7.364393620687088,35510.20523071289,1.0461033814400398,8.617732698698461,0.0,0.0,35510.20523071289,False,True,False,1,Single-Dimension Underserved,0.39894835747495727,0.689299047020497,0.4465423395205995,0.0918532291145992,0.46402562597097086,46.40256259709709,High,127
KANO_W278,Kunchi,Kasuwar Kuka,28648.82122230529,2.199044900874984,89.07725759327543,100.0,5.474592728303234,28648.82122230529,1.3188571905804622,10.276036800313772,0.0,0.0,28648.82122230529,False,False,False,0,Relatively Better Served,0.20113643261834308,0.5866757147114654,0.17256963192383357,0.07292560064212956,0.31113019641560197,31.113019641560197,Low,367
KANO_W279,Kunchi,Kunchi,19424.309900283813,2.727389390226119,77.66690381271141,100.0,6.094677253653067,19424.309900283813,1.5721771599586551,8.864406905430961,0.0,0.0,19424.309900283813,False,False,False,0,Relatively Better Served,0.2565875309213522,0.4913643440657556,0.35284309061314545,0.047479113034182174,0.32664426477717656,32.664426477717655,Low,340
KANO_W280,Kunchi,Matan Fada,22818.778262138367,2.906014860815925,69.69249216560837,100.0,5.980799784245192,22818.778262138367,1.9007545773263697,4.826815650888459,0.0,0.0,22818.778262138367,False,False,False,0,Relatively Better Served,0.2753347284955353,0.36773743818298443,0.47883171430370186,0.056843001709704175,0.3156013150299011,31.560131502990107,Low,359
KANO_W281,Kunchi,Ridawa,13479.20402765274,4.382085900776643,63.43612455956745,90.86171465347104,10.429246941703957,13479.20402765274,1.299493314070154,8.526345137169484,0.0,0.0,13479.20402765274,False,True,True,2,Compound Underserved,0.43025213936814083,0.5939613527752234,0.5776767675652332,0.03107910466141457,0.4571593344940293,45.71593344940293,High,138
KANO_W282,Kunchi,Shamakawa,22933.429236888885,3.1506820119737307,66.91492077322553,97.79762379065738,7.221607901910348,22933.429236888885,1.2497528189627405,6.625859798612953,0.0,0.0,22933.429236888885,False,False,True,1,Single-Dimension Underserved,0.3010131684600186,0.6126761614692273,0.5227148761487144,0.05715927478980364,0.4178574735004485,41.78574735004485,High,194
KANO_W283,Kunchi,Shuwaki,34506.36552619934,3.394882400419037,67.41711330502199,100.0,6.469729380038253,34506.36552619934,1.591971648186587,10.429927048609676,0.0,0.0,34506.36552619934,False,False,True,1,Single-Dimension Underserved,0.3266426204903478,0.48391668879852356,0.5147806800338579,0.0890840640380397,0.3836823728390651,38.36823728390651,Moderate,260
KANO_W284,Kunchi,Yandadi,25727.13948297501,2.399272539779118,80.51390105504136,98.97504529755192,6.502027439919269,25727.13948297501,1.680100401420232,11.187221894850335,0.0,0.0,25727.13948297501,False,False,False,0,Relatively Better Served,0.22215083271455313,0.4507583385720715,0.30786306198090596,0.0648659283647756,0.2957131699654885,29.571316996548852,Very Low,399
KANO_W285,Kura,Dalili,24966.067092895508,4.063168293577781,86.38750117573679,89.66719261486887,10.075929315513054,24966.067092895508,1.5280643476926974,29.247272815940143,0.0,0.0,24966.067092895508,False,True,False,1,Single-Dimension Underserved,0.3967809251437569,0.5079617430407583,0.21506539513561163,0.06276645464017022,0.3492489348305403,34.924893483054035,Low,304
KANO_W286,Kura,Dan Hassan,36843.61116313934,2.488590779839053,90.77100826283886,100.0,6.409741061257146,36843.61116313934,0.7941196583584027,15.665254870788454,0.0,0.0,36843.61116313934,False,False,False,0,Relatively Better Served,0.2315250092407393,0.7841076564099285,0.14580987519484945,0.09553152667978856,0.3873868865566349,38.73868865566349,Moderate,245
KANO_W287,Kura,Dukawa,23535.37387251854,2.631665551696166,84.83931276132462,100.0,6.436245125743813,23535.37387251854,0.7209780899507836,5.881327133116674,0.0,0.0,23535.37387251854,False,False,False,0,Relatively Better Served,0.2465410705394438,0.8116270941913988,0.23952539747525925,0.058819782991972956,0.4147598510726705,41.47598510726705,Moderate,201
KANO_W288,Kura,Gundutse,20832.010462760925,1.6449209352649932,100.0,100.0,2.8956001898480963,20832.010462760925,0.6711367824399423,27.286994750387134,0.0,0.0,20832.010462760925,False,False,False,0,Relatively Better Served,0.14297971269716298,0.8303798334456043,0.0,0.05136235775775464,0.3412312091787736,34.12312091787736,Low,314
KANO_W289,Kura,Karfi,40829.94744992256,1.7511699876405178,99.41526261561032,100.0,5.545576229966027,40829.94744992256,0.7404152800474586,26.08575375499412,0.0,0.0,40829.94744992256,False,False,False,0,Relatively Better Served,0.15413082104904974,0.8043138719682841,0.00923833149577058,0.1065281262156988,0.3455759867351233,34.55759867351233,Low,313
KANO_W290,Kura,Kosawa,27897.959646701813,2.50081844137423,76.20411717010292,98.6312915832958,7.644111986375915,27897.959646701813,0.8218302273156295,17.266208562997466,0.0,0.0,27897.959646701813,False,False,False,0,Relatively Better Served,0.2328083334268886,0.7736815841378974,0.3759538207849601,0.07085429419435443,0.4264499627624758,42.64499627624758,High,179
KANO_W291,Kura,Kura Sarki,39541.50338768959,0.4390204439052793,100.0,100.0,0.745506749119637,39541.50338768959,1.2015513776759146,28.857845632571788,0.0,0.0,39541.50338768959,False,False,False,0,Relatively Better Served,0.016417388233144408,0.6308119027904622,0.0,0.10297385925037193,0.24115546133416085,24.115546133416085,Very Low,459
KANO_W292,Kura,Kurun Sumau,32261.195496559143,1.135314878453862,100.0,100.0,2.736914344939788,32261.195496559143,1.3478461018009025,31.60778880851847,0.0,0.0,32261.195496559143,False,False,False,0,Relatively Better Served,0.0894952605611199,0.5757686675144796,0.0,0.08289059867791977,0.2408012016000918,24.08012016000918,Very Low,461
KANO_W293,Kura,Rigar Duka,30873.55360198021,1.5656298428777475,100.0,100.0,3.9006035686178433,30873.55360198021,0.7759802298123607,19.17035621183308,0.0,0.0,30873.55360198021,False,False,False,0,Relatively Better Served,0.13465791082899575,0.7909325972217286,0.0,0.0790626872534549,0.32908318536432196,32.9083185364322,Low,338
KANO_W294,Kura,Tanawa,14539.18121767044,0.5696263426705414,100.0,100.0,1.8369103863343577,14539.181217670442,1.2518700735685142,30.55319307210879,0.0,-1.8189894035458565e-12,14539.18121767044,False,False,False,0,Relatively Better Served,0.030124809579167484,0.6118795466623583,0.0,0.03400312908817211,0.22829575356880147,22.829575356880145,Very Low,466
KANO_W295,Madobi,Burji,14089.39015007019,2.6545570589373138,98.8413243031158,100.0,4.598243681668014,14089.39015007019,0.5734981834129239,21.9975635429203,0.0,0.0,14089.39015007019,True,False,False,1,Single-Dimension Underserved,0.2489435924620096,0.8671162530971421,0.018306047243895285,0.032762347606281425,0.3867493279123239,38.67493279123239,Moderate,249
KANO_W296,Madobi,Cinkoso,7920.3715624809265,2.1656026644615887,95.58225201903176,100.0,5.26513328818234,7920.3715624809265,0.3873081692670482,4.092368167313636,0.0,0.0,7920.3715624809265,True,False,False,1,Single-Dimension Underserved,0.1976265848273515,0.9371700490625666,0.06979649566198665,0.01574465967006169,0.40361849070301037,40.361849070301034,Moderate,224
KANO_W297,Madobi,Galinja,6475.866956472397,0.728714843525663,100.0,100.0,3.2446600453487955,6475.866956472397,0.2203177971878655,7.729848149881377,0.0,0.0,6475.866956472397,True,False,False,1,Single-Dimension Underserved,0.046821552476267896,1.0,0.0,0.01175988830676265,0.36581044898889475,36.58104489888947,Moderate,281
KANO_W298,Madobi,Gora,39827.11561369896,3.5146932414384024,68.32124658282733,92.17697188365534,8.959901812941222,39827.11561369896,0.8249610676837719,10.060217213932562,0.0,0.0,39827.11561369896,False,False,True,1,Single-Dimension Underserved,0.3392170730625515,0.772503608759592,0.5004961770078689,0.10376174141736275,0.4878048815988008,48.78048815988008,High,104
KANO_W299,Madobi,Kafin Agur,15162.483126878738,0.7562158615339662,100.0,100.0,3.033091454853553,15162.483126878738,0.7385373410712625,14.800779816453566,0.0,0.0,15162.483126878738,False,False,False,0,Relatively Better Served,0.04970785428076683,0.8050204445225506,0.0,0.035722552887979764,0.3020278948003197,30.20278948003197,Low,386
KANO_W300,Madobi,Kanwa,28439.945814609528,3.5937891109385585,74.97857694033313,100.0,9.766806249385535,28439.945814609528,0.2965465993103167,8.722917913632338,0.0,0.0,28439.945814609528,True,False,False,1,Single-Dimension Underserved,0.3475183857920579,0.9713189937974276,0.3953162682806567,0.07234940258805525,0.5341328276110566,53.41328276110566,Very High,58
KANO_W301,Madobi,Kauran Mata,20460.010513067245,3.5145729581769265,78.88105506001885,100.0,6.0555711355405535,20460.010513067245,0.2798742305009816,12.732093826688777,0.0,0.0,20460.010513067245,True,False,False,1,Single-Dimension Underserved,0.33920444902825053,0.9775919549344002,0.3336605789282856,0.05033616875114146,0.5182010600338436,51.82010600338436,Very High,74
KANO_W302,Madobi,Kubaraci,43701.88676786423,3.954946990238808,52.24431020581586,94.8756753206552,6.194860631872027,43701.88676786423,1.0583920990478777,8.931032392119059,0.0,0.0,43701.88676786423,False,True,True,2,Compound Underserved,0.3854228240357109,0.6846754300132942,0.7544974973480529,0.11445058039387465,0.523330334244058,52.3330334244058,Very High,69
KANO_W303,Madobi,Kwankwaso,39595.7819018364,2.1759300490425457,94.04168694434044,100.0,5.3161089757274445,39595.7819018364,0.6219268349074375,9.676577440913354,0.0,0.0,39595.7819018364,True,False,False,1,Single-Dimension Underserved,0.19871047011271695,0.8488950241754918,0.09413605600266817,0.10312359049242888,0.3910221492696352,39.10221492696352,Moderate,240
KANO_W304,Madobi,Madobi,35583.91522574425,1.515880813889951,97.6595724552047,100.0,4.824609991039583,35583.91522574425,1.1121799988997343,12.444098102883729,0.0,0.0,35583.91522574425,False,False,False,0,Relatively Better Served,0.12943662367169148,0.6644377895634769,0.03697667718512476,0.0920565635146199,0.29258803341294226,29.258803341294225,Very Low,406
KANO_W305,Madobi,Rikadawa,26201.40384197235,1.606873015916093,93.73776124395953,99.30726629461988,7.783401286299682,26201.40384197235,0.918276006647225,5.945747378673533,0.0,0.0,26201.40384197235,False,False,False,0,Relatively Better Served,0.13898648676490827,0.7373939616356053,0.09893781221863807,0.06617422120683722,0.3294975282266875,32.94975282266875,Low,335
KANO_W306,Madobi,Yakun,7159.754047870636,2.598206852864042,77.03959760701898,100.0,8.74078868737705,7159.754047870636,1.300709035750637,14.118505317500468,0.0,0.0,7159.754047870636,False,False,False,0,Relatively Better Served,0.24302949497572507,0.5935039387783128,0.3627539716894248,0.013646440752631061,0.3552329875159066,35.52329875159066,Low,297
KANO_W307,Makoda,Babbar Ruga,33312.06169772148,1.597336098511664,90.46521678811466,96.56168511692894,6.974794909502987,33312.06169772148,1.57457236789923,26.319640937034137,0.0,0.0,33312.06169772148,False,False,False,0,Relatively Better Served,0.1379855630207236,0.49046314961054527,0.15064110898885652,0.08578948977707754,0.2560544165342408,25.605441653424084,Very Low,451
KANO_W308,Makoda,Durma,8543.574949264526,3.328205410695608,67.34878864743766,100.0,9.84819122592596,8543.574949264526,0.7049664615491906,11.731923571644431,0.0,0.0,8543.574949264526,False,False,True,1,Single-Dimension Underserved,0.319644700787914,0.8176514524485531,0.5158601489594814,0.01746381168857149,0.48786302013854976,48.78630201385498,High,103
KANO_W309,Makoda,Jibga,36933.28953075409,2.1153431949750967,82.0634482660414,99.78368926688934,7.296167237604093,36933.28953075409,0.9147980228028014,17.65251082349227,0.0,0.0,36933.28953075409,False,False,False,0,Relatively Better Served,0.19235172564111255,0.7387025493798299,0.2833815918616204,0.09577891100081615,0.38729456499772075,38.72945649977208,Moderate,246
KANO_W310,Makoda,Kadan Dani,30821.54685640335,3.2808712319606084,68.06780327337513,100.0,8.271281473410134,30821.54685640335,0.7964044285569072,9.051482543026152,0.0,0.0,30821.54685640335,False,False,True,1,Single-Dimension Underserved,0.31467685830819003,0.7832480140384074,0.5045003562695529,0.07891922285077246,0.481277817087426,48.1277817087426,High,113
KANO_W311,Makoda,Koguna,27478.046658992767,4.144161505188862,66.7216737466536,87.52157392311065,9.343562543566067,27478.046658992767,0.7262964462383283,10.57845392155686,0.0,0.0,27478.046658992767,False,True,True,2,Compound Underserved,0.40528136875477694,0.8096260682612584,0.5257680075880646,0.06969593357609105,0.5205615260719002,52.05615260719002,Very High,70
KANO_W312,Makoda,Maitsidau,17253.511739253998,1.7189223636936135,100.0,100.0,3.773365722998144,17253.511739253998,1.1290888838798738,21.26239179630542,0.0,0.0,17253.511739253998,False,False,False,0,Relatively Better Served,0.15074635087559468,0.6580758394673054,0.0,0.04149080790064856,0.28177407026133255,28.177407026133256,Very Low,426
KANO_W313,Makoda,Makoda,31443.963173151016,2.15807451692349,87.91282264909952,98.77150292162598,9.693992124812787,31443.963173151016,1.0475333066098995,13.700334338531189,0.0,0.0,31443.963173151016,False,False,False,0,Relatively Better Served,0.19683648659109024,0.6887610391871839,0.1909666701614079,0.08063620367915449,0.35040607427699616,35.04060742769962,Low,302
KANO_W314,Makoda,Satame,21305.74791574478,2.454900131934039,87.6384069588263,98.88342061580944,6.4704544004829385,21305.74791574478,0.6785759414094862,14.007109028329848,0.0,0.0,21305.74791574478,False,False,False,0,Relatively Better Served,0.227989090031726,0.8275808577486666,0.19530219441907248,0.052669197091128946,0.40501084566903495,40.501084566903494,Moderate,219
KANO_W315,Makoda,Tabo,24722.61359381676,1.9551291718160848,82.0204814333388,99.04675546649106,7.28179049882609,24722.61359381676,0.6042360925406338,7.763226041353509,0.0,0.0,24722.61359381676,True,False,False,1,Single-Dimension Underserved,0.1755368563148108,0.8555511472867452,0.2840604296688597,0.0620948703978018,0.41823027493824627,41.823027493824625,High,192
KANO_W316,Makoda,Tangaji,15944.268112421036,3.430092111514337,63.930332859015785,100.0,7.982255231556971,15944.268112421036,1.3143318234323618,10.826858491190253,0.0,0.0,15944.268112421036,False,False,True,1,Single-Dimension Underserved,0.3303379692457854,0.5883783793163099,0.5698687152324238,0.03787916381859781,0.42468944115371854,42.468944115371855,High,182
KANO_W317,Makoda,Wailare,14910.067511081696,1.578024445353866,93.2525683219484,100.0,5.5001984811115845,14910.067511081696,1.0153948626778382,24.764885575630142,0.0,0.0,14910.067511081696,False,False,False,0,Relatively Better Served,0.1359587558916064,0.7008530947369456,0.10660342959252767,0.03502624599266509,0.31266083274281814,31.266083274281815,Low,363
KANO_W318,Minjibir,Azore,37096.74218964577,4.3096817130584535,53.7954377803475,94.14264892765893,7.604974873610905,37096.74218964577,0.353545529668253,12.763270451251218,0.0,0.0,37096.74218964577,True,True,True,3,Critical Underserved,0.4226531356657618,0.9498732065146902,0.7299910588881439,0.09622980708774964,0.6196842458206612,61.96842458206612,Very High,22
KANO_W319,Minjibir,Gandurwawa,33819.99021434784,4.502878780654655,53.90585640216966,100.0,8.609923950010598,33819.99021434784,0.4929946995107536,13.239852841294637,0.0,0.0,33819.99021434784,True,True,True,3,Critical Underserved,0.4429296594169356,0.8974056037997529,0.7282465427020205,0.08719064765448187,0.6056987648435705,60.56987648435705,Very High,26
KANO_W320,Minjibir,Kantama,33393.21419835091,2.0156654710213524,83.30380351753386,100.0,6.520654901088055,33393.21419835091,0.5992928238959763,16.87734388187633,0.0,0.0,33393.21419835091,True,False,False,1,Single-Dimension Underserved,0.18189029492501416,0.8574110468878259,0.26378508017669133,0.08601335487188108,0.42031997415436373,42.03199741543637,High,185
KANO_W321,Minjibir,Kunya,88834.94932198524,1.98508698215924,97.9875669889977,100.0,4.640660030277225,88834.94932198524,1.2346243789662568,29.98409509279928,0.0,0.0,88834.94932198524,False,False,False,0,Relatively Better Served,0.17868100472510526,0.6183682210227461,0.031794654771519104,0.23895342687533735,0.31223512376109713,31.223512376109714,Low,364
KANO_W322,Minjibir,Kuru,41203.961461782455,2.250743194891141,77.51545788475528,100.0,5.602601245819109,41203.961461782455,0.6756486112135965,19.187005766119007,0.0,0.0,41203.961461782455,False,False,False,0,Relatively Better Served,0.20656230009944132,0.8286822626398314,0.3552358018087939,0.10755987115976656,0.4391886229894971,43.91886229894971,High,156
KANO_W323,Minjibir,Kwarkiya,37251.23609852791,2.572740052154952,96.20333289202604,100.0,4.804125127703399,37251.23609852791,0.6901651569880473,16.10084782834707,0.0,0.0,37251.23609852791,False,False,False,0,Relatively Better Served,0.24035668945197072,0.8232204276404024,0.05998396931497951,0.09665598980904866,0.3867293488440852,38.67293488440852,Moderate,250
KANO_W324,Minjibir,Minjibir,62926.31156206131,1.7776703498156816,100.0,100.0,3.272685313151614,62926.31156206131,0.9071800737885676,19.46176583927232,0.0,0.0,62926.31156206131,False,False,False,0,Relatively Better Served,0.15691210147812173,0.7415687946420491,0.0,0.1674825590232043,0.33174509242163436,33.17450924216344,Low,332
KANO_W325,Minjibir,Sarbi,18778.786769390103,4.246617882288963,58.88224933892846,99.19279106114968,7.490897178329572,18778.786769390103,0.6884958836512937,9.001827964004283,0.0,0.0,18778.786769390103,False,True,True,2,Compound Underserved,0.4160344261876749,0.8238484899684488,0.6496239527491412,0.0456983903728401,0.5499368484510138,54.99368484510138,Very High,48
KANO_W326,Minjibir,Tsakiya,23939.6731171608,3.6171703852667214,72.66007273818703,100.0,8.01601199018764,23939.6731171608,0.4114695997245396,18.03721360365114,0.0,0.0,23939.6731171608,True,False,False,1,Single-Dimension Underserved,0.34997231001640794,0.9280793363985901,0.4319465761172574,0.05993507196062883,0.5251990367619748,52.51990367619748,Very High,67
KANO_W327,Minjibir,Tsakuwa,47722.11996507645,2.66313944526185,91.8685356323396,100.0,4.519485871371736,47722.11996507645,0.5961536722943187,14.381024619628027,0.0,0.0,47722.11996507645,True,False,False,1,Single-Dimension Underserved,0.2498443357409652,0.8585921493589539,0.12846991723113588,0.12554068703071067,0.4199856394987572,41.998563949875724,High,187
KANO_W328,Minjibir,Wasai,52015.27007436752,2.09951435082131,88.91973996123676,100.0,5.631467480733585,52015.27007436752,0.5695947502278185,12.721068246947578,0.0,0.0,52015.27007436752,True,False,False,1,Single-Dimension Underserved,0.1906904481774778,0.8685849157059746,0.1750582706530316,0.13738365488466447,0.4168310573136404,41.68310573136404,Moderate,198
KANO_W329,Nassarawa,Dakata,54803.56644368172,0.8242427754962627,100.0,100.0,2.223480464408944,54803.56644368172,0.6484050702727746,217.3332380770604,0.0,0.0,54803.56644368172,False,False,False,0,Relatively Better Served,0.05684745196637208,0.8389326161144744,0.0,0.14507537388550254,0.33244195731280307,33.24419573128031,Low,330
KANO_W330,Nassarawa,Gama,51902.1364736557,0.7726718081230666,100.0,100.0,1.807883590155566,51902.1364736557,0.6983014131940924,240.5713948015154,0.0,0.0,51902.1364736557,False,False,False,0,Relatively Better Served,0.0514349477403805,0.8201591698452655,0.0,0.13707156759157577,0.3230469289066934,32.30469289066934,Low,345
KANO_W331,Nassarawa,Gawuna,16862.368128299713,0.6200395731809478,100.0,100.0,1.2273756205312778,16862.368128299713,0.7969345380938421,269.5595498632996,0.0,0.0,16862.368128299713,False,False,False,0,Relatively Better Served,0.03541580637604513,0.7830485608856155,0.0,0.0404118097075069,0.29075350967890495,29.075350967890497,Very Low,409
KANO_W332,Nassarawa,Giginyu,201996.51729106903,1.1802045568770732,100.0,100.0,1.8215474716588649,201996.51729106903,0.736482659908654,252.43330772001656,0.0,0.0,201996.51729106903,False,False,False,0,Relatively Better Served,0.09420654651414069,0.8057935161375869,0.0,0.5511178696840164,0.39295737505500006,39.29573750550001,Moderate,236
KANO_W333,Nassarawa,Gwagwarwa,15968.326427459717,1.1084311959788602,100.0,100.0,1.2643229048251925,15968.326427459717,0.782455850607992,267.5048476232278,0.0,0.0,15968.326427459717,False,False,False,0,Relatively Better Served,0.08667374969138604,0.7884961517439856,0.0,0.03794553043620262,0.3076676075832412,30.766760758324118,Low,377
KANO_W334,Nassarawa,Hotoro North,175799.07468128204,1.4783661426188286,100.0,100.0,2.535775604460375,175799.07468128204,0.6667888596599337,216.903890655776,0.0,0.0,175799.07468128204,False,False,False,0,Relatively Better Served,0.12549936348182023,0.8320157347945645,0.0,0.4788503125790217,0.40068286310949686,40.06828631094969,Moderate,228
KANO_W335,Nassarawa,Hotoro South,54607.61873149872,0.5438866106107423,100.0,100.0,1.6101276790760377,54607.61873149872,0.7526291437701966,237.3836914399,0.0,0.0,54607.61873149872,False,False,False,0,Relatively Better Served,0.027423359215799616,0.7997184186562079,0.0,0.14453483782285315,0.3098086799678406,30.980867996784063,Low,373
KANO_W336,Nassarawa,Kaura Goje,101803.73725438118,1.4261999017948856,100.0,100.0,2.0406599410045683,101803.73725438118,0.6388241920785978,217.8527760565796,0.0,0.0,101803.73725438118,False,False,False,0,Relatively Better Served,0.12002438379275518,0.8425374114052605,0.0,0.274728774738371,0.3721047253404234,37.21047253404234,Moderate,272
KANO_W337,Nassarawa,Kawaji,127740.56569647788,1.600852699036769,100.0,100.0,3.205587438237714,127740.56569647788,0.6720221872197005,220.4629542099923,0.0,0.0,127740.56569647788,False,False,False,0,Relatively Better Served,0.1383546391923129,0.8300467008333505,0.0,0.3462774086443931,0.3839643483460255,38.39643483460255,Moderate,258
KANO_W338,Nassarawa,Tudun Murtala,88796.23459529877,1.646896653435875,100.0,100.0,2.0769207781898147,88796.23459529877,0.611753604720081,209.93944479279784,0.0,0.0,88796.23459529877,True,False,False,1,Single-Dimension Underserved,0.14318706934556327,0.8527226912774235,0.0,0.23884662947670218,0.37723605717227254,37.72360571722725,Moderate,265
KANO_W339,Nassarawa,Tudun Wada,34267.52355480194,0.8397847382279415,100.0,100.0,1.825036569385176,34267.52355480194,0.823812559221096,276.90332607674355,0.0,0.0,34267.52355480194,False,False,False,0,Relatively Better Served,0.05847862049491003,0.7729357338543666,0.0,0.08842520103129023,0.30133487315219487,30.133487315219487,Low,387
KANO_W340,Rano,Lausu,25470.089806318283,3.43542877815204,83.88411303760701,99.98527670211682,6.969264313057883,25470.089806318283,0.7578806559182081,12.71204131257865,0.0,0.0,25470.089806318283,False,False,False,0,Relatively Better Served,0.33089806598626825,0.7977425427628932,0.25461670500570266,0.06415683807442527,0.4390261764751975,43.90261764751975,High,157
KANO_W341,Rano,Madachi,35625.957082509995,3.5274629286301105,71.91271237127934,94.87949199964063,7.854795868085612,35625.957082509995,0.702879205809584,12.249068975867928,0.138915196826466,0.0,35625.957082509995,False,False,False,0,Relatively Better Served,0.34055728422030523,0.8184367802137441,0.4437542063468525,0.0921725390443643,0.49119678046692716,49.11967804669272,Very High,94
KANO_W342,Rano,Rano Dawaki,29647.27742862701,2.4753630948436696,86.93381631823223,100.0,5.659378025196952,29647.27742862701,1.0047566791480205,15.025014889311231,0.0,0.0,29647.27742862701,False,False,False,0,Relatively Better Served,0.23013673004831114,0.7048557000423876,0.20643410094736692,0.07567991494608513,0.36837932146071517,36.837932146071516,Moderate,277
KANO_W343,Rano,Rano Sabon Gari,47958.424636125565,1.8325255086221528,99.77183110800208,100.0,4.355547414048804,47958.424636125565,1.0873482600975273,18.4664964562858,0.0,0.0,47958.424636125565,False,False,False,0,Relatively Better Served,0.16266928995024993,0.6737807050334419,0.0036048659065976985,0.12619255070929888,0.30427388953449397,30.427388953449398,Low,383
KANO_W344,Rano,Rurum Sabon Gari,33805.13409614563,1.7561313490504842,90.25832531249772,99.44263030069683,7.485219067002952,33805.13409614563,0.9804291159273746,4.748102725517346,0.0,0.0,33805.13409614563,False,False,False,0,Relatively Better Served,0.15465152855107872,0.7140089199828504,0.1539098106084621,0.08714966596834828,0.3401529925762659,34.015299257626594,Low,317
KANO_W345,Rano,Rurum Tsohon Gari,30602.616366624832,2.925991647864808,83.235633018209,88.05631244634797,14.670017249925364,30602.616366624832,0.9415144979005052,5.210386477405651,0.0,0.0,30602.616366624832,False,False,False,0,Relatively Better Served,0.27743134311866935,0.7286505038713982,0.2648621135386896,0.07831528711903876,0.4029767950661839,40.29767950661839,Moderate,226
KANO_W346,Rano,Saji,25126.01541519165,6.4632675823206025,51.25197439612323,81.20933418837652,15.35744966606557,25126.01541519165,0.486154949373372,3.468065579081496,14.88913035501303,0.0,25126.01541519165,True,True,True,3,Critical Underserved,0.6486774515190153,0.8999790525573388,0.7701755220644527,0.06320768375888834,0.673112160827497,67.31121608274971,Very High,10
KANO_W347,Rano,Yalwa,34560.574634075165,3.994005937426424,64.49984402651675,94.15198151529712,11.172191039254628,34560.574634075165,0.7155763915868739,5.127981414559501,1.0386059968712458,0.0,34560.574634075165,False,True,True,2,Compound Underserved,0.38952215991176486,0.8136594774896546,0.5608709444444164,0.08923360381783345,0.5271966945564668,52.71966945564668,Very High,65
KANO_W348,Rano,Zinyau,19399.24674654007,3.299516715340268,80.29807398549306,100.0,9.193647498300797,19399.24674654007,0.7414056352296837,7.378945620489376,0.0,0.0,19399.24674654007,False,False,False,0,Relatively Better Served,0.31663374922430876,0.8039412518780652,0.3112729380508771,0.04740997449568489,0.4457356467091436,44.573564670914365,High,152
KANO_W349,Rano,Zurgu,30004.029193639755,4.561605587936652,46.75226907180311,96.84147587135118,8.006970815365497,30004.029193639755,0.8008021283866722,7.908186768560968,0.0,0.0,30004.029193639755,False,True,True,2,Compound Underserved,0.4490931872463168,0.7815933841271052,0.8412668709829787,0.07666404072257349,0.5880386209233637,58.80386209233637,Very High,33
KANO_W350,Rimin Gado,Butu-Butu,22027.975883960724,3.604527719625324,68.7222673361473,100.0,7.127777308336017,22027.975883960724,0.9128762672540977,12.935281258624494,0.0,0.0,22027.975883960724,False,False,False,0,Relatively Better Served,0.34864543009351107,0.7394256078731756,0.4941604051643764,0.05466151564348914,0.4704239001630634,47.04239001630634,High,124
KANO_W351,Rimin Gado,Dawakin Gulu,2212.833703994751,2.5589259293964166,90.27297961590035,100.0,4.64574270589506,2212.833703994751,1.1634288205719288,4.867649569869568,0.0,0.0,2212.833703994751,False,False,False,0,Relatively Better Served,0.23890686212436082,0.6451554745942136,0.1536782856259873,0.0,0.32821213187048043,32.821213187048045,Low,339
KANO_W352,Rimin Gado,Doka Dawa,19934.940731048584,3.453073359722713,72.80880820744912,100.0,7.281580977118123,19934.940731048584,1.0560490659782156,17.534929730729548,0.0,0.0,19934.940731048584,False,False,False,0,Relatively Better Served,0.33274990971116913,0.6855569937284877,0.42959668776240834,0.04888772544232914,0.43302241708715244,43.30224170871524,High,167
KANO_W353,Rimin Gado,Dugurawa,10192.902290582657,2.7391946833223084,80.61468423814516,100.0,5.341010242902085,10192.902290582657,1.4529888861398832,17.299738907547336,0.0,0.0,10192.902290582657,False,False,False,0,Relatively Better Served,0.2578265264652947,0.5362088060734209,0.3062707771714035,0.02201360151343815,0.32957723572658215,32.95772357265822,Low,334
KANO_W354,Rimin Gado,Gulu,24801.377804279327,2.4911198334487894,87.56526380171755,100.0,6.843846565050473,24801.377804279327,1.3229293493907992,7.445201673812358,0.0,0.0,24801.377804279327,False,False,False,0,Relatively Better Served,0.2317904398511717,0.5851435692645316,0.1964577913589246,0.06231214721990301,0.3229757615527079,32.29757615527079,Low,346
KANO_W355,Rimin Gado,Jili,16988.444175958633,3.2970307227902427,77.43422095076488,99.97627706501945,9.070170785249251,16988.444175958633,1.6055287118327073,12.441317540653486,0.0,0.0,16988.444175958633,False,False,False,0,Relatively Better Served,0.3163728379816434,0.47881585793542747,0.3565192732370601,0.04075959968492856,0.3399151962720439,33.99151962720439,Low,319
KANO_W356,Rimin Gado,Karofin Yashi,11955.282813072205,1.1938782348222867,100.0,100.0,2.972491240258796,11955.282813072205,1.1450811407809818,10.513985926291042,0.0,0.0,11955.282813072205,False,False,False,0,Relatively Better Served,0.09564163380129098,0.6520587697167273,0.0,0.02687525678822298,0.26094434805947525,26.094434805947525,Very Low,447
KANO_W357,Rimin Gado,Rimin Gado,26785.5610935688,1.9191850727009327,83.1081014246816,99.28013379240448,10.942351905901868,26785.5610935688,2.1509841677947104,28.898313972833744,0.0,0.0,26785.5610935688,False,False,False,0,Relatively Better Served,0.17176443166835487,0.2735888193346777,0.26687699948346233,0.06778566161217937,0.21082866540616302,21.0828665406163,Very Low,471
KANO_W358,Rimin Gado,Sakara Tsa,10601.250041246414,3.2905440113940494,92.1343284852692,100.0,7.573579981491214,10601.250041246414,0.7065692209564303,11.084253881639649,0.0,0.0,10601.250041246414,False,False,False,0,Relatively Better Served,0.31569204111796206,0.8170484159161617,0.12427062614744189,0.02314005858137976,0.40899969192274055,40.89996919227406,Moderate,210
KANO_W359,Rimin Gado,Tamawa,12603.04921078682,2.0487393129504965,89.31197692695467,100.0,8.066322975525793,12603.04921078682,1.5098704989805332,8.22722944111381,0.0,0.0,12603.04921078682,False,False,False,0,Relatively Better Served,0.18536147877766204,0.5148071593825239,0.16886127485468794,0.028662167664785,0.2738625295378373,27.38625295378373,Very Low,438
KANO_W360,Rimin Gado,Yalwan Danziyal,18904.0281457901,1.2906235955391288,99.95371996049111,100.0,3.923846490887954,18904.0281457901,1.1664454748441453,12.652605837154423,0.0,0.0,18904.0281457901,False,False,False,0,Relatively Better Served,0.1057953055355378,0.6440204616137726,0.0007311835330431338,0.04604387784868683,0.26419857160939336,26.419857160939337,Very Low,445
KANO_W361,Rimin Gado,Zango,14091.147215366364,2.3877803662871178,90.06509484558725,100.0,8.46617483391735,14091.147215366364,1.6961929552233002,24.392739390081257,0.0,0.0,14091.147215366364,False,False,False,0,Relatively Better Served,0.2209446998696686,0.4447035322181738,0.15696268041986405,0.03276719459911656,0.2582372615111017,25.823726151110172,Very Low,449
KANO_W362,Rogo,Beli,33321.369710206985,2.3683633535371205,86.08277950229144,93.31501151642324,12.813857959336367,33321.369710206985,0.8782307066793776,10.08263644228469,0.0,0.0,33321.369710206985,False,False,False,0,Relatively Better Served,0.21890683498330785,0.7524609634089867,0.2198797270192696,0.08581516660873816,0.3858816080833023,38.58816080833023,Moderate,252
KANO_W363,Rogo,Falgore,42211.47146272659,5.301757222513104,49.96223249636533,89.98293899363784,12.344841967502742,42211.47146272659,0.5983190809021948,3.7835004028564927,0.7583859453291741,0.0,42211.47146272659,True,True,True,3,Critical Underserved,0.5267739842930241,0.8577774166597067,0.7905522989424776,0.11033916101685677,0.6329156250598286,63.29156250598286,Very High,18
KANO_W364,Rogo,Fulatan,38374.30983901024,3.4746582994095463,68.78644256722696,96.98108413403286,8.132032278272566,38374.30983901024,0.7765646201213667,4.742822913476868,0.0,0.0,38374.30983901024,False,False,False,0,Relatively Better Served,0.3350153040449097,0.7907127209858354,0.49314649349332706,0.09975407067451092,0.4908464528583574,49.084645285835734,Very High,96
KANO_W365,Rogo,Gwangwan,36553.89067983627,3.278748985300258,67.47338352843319,99.47380896599915,8.253477239442178,36553.89067983627,0.8260711013675827,6.287766457988388,0.0,0.0,36553.89067983627,False,False,True,1,Single-Dimension Underserved,0.31445412312204124,0.7720859597596865,0.513891660465259,0.09473231158526749,0.48155450168334457,48.155450168334454,High,112
KANO_W366,Rogo,Jajaye,31628.20753657818,6.704151582717092,40.80459104800372,79.98830432074972,10.267099048193025,31628.20753657818,0.714165251180779,1.832829757274923,0.0,0.0,31628.20753657818,False,True,True,2,Compound Underserved,0.6739588401864963,0.8141904175754622,0.9352349029249057,0.08114445520025035,0.6863729470723794,68.63729470723794,Very High,7
KANO_W367,Rogo,Rogo Ruma,31962.745903253555,7.177100412231185,39.74758517667662,69.88882280511136,14.316247700902982,31962.745903253555,0.72062949802474,7.539934292984976,10.601376340048194,0.0,31962.745903253555,False,True,True,2,Compound Underserved,0.7235960230591462,0.8117582515350097,0.95193465719577,0.08206730369648076,0.7038912219486233,70.38912219486232,Very High,3
KANO_W368,Rogo,Rogo Sabon Gari,38057.31451201439,0.8856718164663778,99.300851344951,99.300851344951,2.589916346154552,38057.31451201439,1.2327509564892818,13.187611544809403,0.0,0.0,38057.31451201439,False,False,False,0,Relatively Better Served,0.06329458609599412,0.6190730942489558,0.011045927988521442,0.09887961593337788,0.25270508680364373,25.270508680364372,Very Low,453
KANO_W369,Rogo,Ruwan Bago,57883.68446946144,4.0162756070841885,65.23913456410338,97.01100925379468,7.232129829721439,57883.68446946144,0.8569564506249061,6.154866231614639,0.0,0.0,57883.68446946144,False,True,True,2,Compound Underserved,0.39185941839795596,0.7604653797564096,0.549190810353041,0.153572104220356,0.5165946861377917,51.65946861377917,Very High,78
KANO_W370,Rogo,Zarewa,40037.51608371735,2.5961791884218086,83.25158620631285,100.0,6.963781258952625,40037.51608371735,0.7819848411998717,7.181147754619005,0.0,0.0,40037.51608371735,False,False,False,0,Relatively Better Served,0.24281668643399149,0.7886733685357971,0.2646100673311915,0.10434214646714007,0.4174540203540357,41.74540203540357,Moderate,195
KANO_W371,Rogo,Zoza,38602.81891822815,4.513111705414783,62.80021494187626,80.20257204869645,12.813857959336367,38602.81891822815,0.843384554436798,5.5259454791423686,0.0,0.0,38602.81891822815,False,True,True,2,Compound Underserved,0.44400363090379263,0.7655717913477462,0.5877235749122813,0.10038442964417695,0.5337535956719318,53.37535956719318,Very High,59
KANO_W372,Shanono,Alajawa,21685.21953487396,3.20210731538471,72.99273616443023,100.0,7.0584394673887445,21685.21953487396,0.7825172987889323,8.069089876050452,0.0,0.0,21685.21953487396,False,False,False,0,Relatively Better Served,0.3064103848825961,0.7884730319308755,0.42669078934836246,0.053715997243098654,0.4612842340967225,46.12842340967225,High,131
KANO_W373,Shanono,Dutsen Bakoshi,40829.42319869995,3.828563529317296,73.5208086673284,84.31598018475582,9.82728851397892,40829.42319869995,0.7026552037460713,8.012804940893913,0.0,0.0,40829.42319869995,False,True,False,1,Single-Dimension Underserved,0.37215855828356875,0.8185210607533054,0.41834771266845006,0.10652668003044585,0.4977784832869844,49.77784832869844,Very High,90
KANO_W374,Shanono,Faruruwa,20316.1949505806,2.8884228130611658,84.79464851232906,91.02384037125786,10.067150979551698,20316.1949505806,1.113797498031416,7.2408747369796576,0.0,0.0,20316.1949505806,False,False,False,0,Relatively Better Served,0.2734883983282643,0.6638292072253483,0.24023105295282254,0.04993944302758905,0.36992386907205405,36.99238690720541,Moderate,276
KANO_W375,Shanono,Goron Dutse,26471.87663888932,3.3272900116036306,76.5229367878295,99.9298023406487,6.68074756215153,26471.87663888932,0.8542334517785144,5.766603250426933,0.0,0.0,26471.87663888932,False,False,False,0,Relatively Better Served,0.3195486273243712,0.7614899051933632,0.3709167538989644,0.06692034015393025,0.4466074568178709,44.66074568178709,High,150
KANO_W376,Shanono,Kadamu,30388.7479224205,3.757398074216293,65.99855549453977,100.0,7.7061879846828445,30388.7479224205,0.8869684517479365,7.551064084288074,0.0,0.0,30388.7479224205,False,True,True,2,Compound Underserved,0.36468956272078645,0.7491733960652776,0.5371926339280452,0.07772531540940636,0.4907148815361031,49.07148815361031,High,99
KANO_W377,Shanono,Kokiya,27236.00580263137,3.574644224960992,74.13152715297127,100.0,5.949053893198235,27236.00580263137,0.7502616700048923,10.093385685715552,0.0,0.0,27236.00580263137,False,False,False,0,Relatively Better Served,0.34550908130277347,0.8006091781572957,0.4086989028410217,0.06902824621174104,0.475959954245851,47.595995424585105,High,119
KANO_W378,Shanono,Leni,13215.01634144783,2.7128501643393634,80.4898901621219,100.0,6.03676038379151,13215.01634144783,1.1458596397804373,11.360998155361235,0.0,0.0,13215.01634144783,False,False,False,0,Relatively Better Served,0.25506160217572216,0.6517658602912818,0.3082424127702025,0.030350323650854508,0.3708375628563339,37.08375628563339,Moderate,275
KANO_W379,Shanono,Shakogi,26755.79702353477,4.097452151596276,54.27071046873782,100.0,7.929982759171585,26755.79702353477,0.9775226196068908,10.11059307626002,0.0,0.0,26755.79702353477,False,True,True,2,Compound Underserved,0.40037910326334836,0.715102486150421,0.7224821723974697,0.06770355525306257,0.5250515688991052,52.50515688991052,Very High,68
KANO_W380,Shanono,Shanono,55399.73110771179,2.112135119287004,89.78259195551429,100.0,6.781568412053884,55399.73110771179,1.302822855767775,14.9141330584072,0.0,0.0,55399.73110771179,False,False,False,0,Relatively Better Served,0.19201502993607664,0.5927086162317867,0.16142597525388813,0.1467199376142414,0.3193457103548622,31.93457103548622,Low,351
KANO_W381,Shanono,Tsaure,32465.493579149246,2.8556691057407857,79.45273619798976,100.0,7.070100177908503,32465.493579149246,0.949265775333666,8.069695102555166,0.0,0.0,32465.493579149246,False,False,False,0,Relatively Better Served,0.27005081341725123,0.7257340939325246,0.3246285245335301,0.08345416984667597,0.41246600728526633,41.24660072852663,Moderate,205
KANO_W382,Sumaila,Gala,47001.60040688515,2.361898497514708,82.04719781040795,99.8881004553455,6.012609376866062,47001.60040688515,0.9132056125408404,9.65728740218439,0.1118995446545004,0.0,47001.60040688515,False,False,False,0,Relatively Better Served,0.21822833189670646,0.7393016920572523,0.2836383346321477,0.12355308125206865,0.39948472090329007,39.948472090329005,Moderate,229
KANO_W383,Sumaila,Gani,58674.94805884361,4.494296001618872,59.8640884571324,96.53605337291248,9.145607853060614,58674.94805884361,0.92855312934736,7.488419863586223,0.0,0.0,58674.94805884361,False,True,True,2,Compound Underserved,0.4420288749219356,0.7335272050855852,0.634111766438443,0.15575486257133397,0.5395287669299242,53.952876692992426,Very High,54
KANO_W384,Sumaila,Garfa,36573.0127966404,4.773888274380595,51.28015571552962,93.69588664208663,10.040058142189135,36573.0127966404,0.7293502548256343,9.8372578548606,0.0,0.0,36573.0127966404,False,True,True,2,Compound Underserved,0.4713727952507201,0.8084770760090478,0.7697302822395078,0.09478506133984066,0.5925426308272604,59.25426308272604,Very High,29
KANO_W385,Sumaila,Gediya,51390.84586119652,4.131446262496873,64.11156518494649,89.95539237770863,12.810524537688243,51390.84586119652,0.8836285361497976,6.072982659320393,0.0,0.0,51390.84586119652,False,True,True,2,Compound Underserved,0.4039468716857793,0.7504300357778158,0.5670054053955731,0.13566113512747954,0.5175848253762059,51.75848253762059,Very High,76
KANO_W386,Sumaila,Kanawa,32763.1151649952,2.2296507331328304,88.94507108399439,99.09574373058274,7.186672439933882,32763.1151649952,1.0571193279200397,8.714380214426484,0.0,0.0,32763.1151649952,False,False,False,0,Relatively Better Served,0.20434859257719776,0.6851543088044543,0.1746580614044997,0.08427518070911666,0.34868147524198567,34.86814752419857,Low,308
KANO_W387,Sumaila,Magami,58535.92874240875,4.6661225589167055,63.30337522849848,80.90582997104077,14.548805558395753,58535.92874240875,0.9371096567423942,4.406431740511358,5.356870982203519,0.0,58535.92874240875,False,True,True,2,Compound Underserved,0.4600625092492117,0.73030782069994,0.5797740891304295,0.15537136764250456,0.5328870129922041,53.288701299220406,Very High,60
KANO_W388,Sumaila,Massu,53879.07920587063,5.472783920730611,61.23948727565616,83.86307093118127,14.907387190428665,53879.07920587063,0.7227481347727169,3.05629278257598,4.571637209365504,0.0,53879.07920587063,False,True,True,2,Compound Underserved,0.5447236713749221,0.8109611166985982,0.612381686297123,0.1425251083788079,0.5911085957732318,59.11085957732318,Very High,30
KANO_W389,Sumaila,Rimi,42757.55121874809,2.780475594934239,85.54585742699565,97.36741026584863,8.335745650597246,42757.55121874809,1.4721493845760838,11.095420162097284,1.084433746328699,0.0,42757.55121874809,False,False,False,0,Relatively Better Served,0.26215906316051457,0.5289996887950164,0.22836261908569166,0.11184556187208461,0.3262469681243611,32.62469681243611,Low,341
KANO_W390,Sumaila,Rumo,26685.5370426178,3.543218704228216,70.08488408404523,90.65631211144698,11.356392628295607,26685.5370426178,0.6954087161172992,6.445869561895435,3.5743355106657493,0.0,26685.5370426178,False,False,False,0,Relatively Better Served,0.3422108929531297,0.8212475440619873,0.47263227038997857,0.06750973796872901,0.4947528230809395,49.47528230809395,Very High,92
KANO_W391,Sumaila,Sitti,45607.68698942661,5.37244628130721,57.86063700649184,75.78225443787163,15.88617817519288,45607.68698942661,0.8828584583999366,5.866678848644623,4.754765140929231,0.0,45607.68698942661,False,True,True,2,Compound Underserved,0.5341929808514118,0.750719776717005,0.6657645205308091,0.11970786937409818,0.5741189006186518,57.41189006186518,Very High,37
KANO_W392,Sumaila,Sumaila,55695.37650823593,1.6931996029444991,97.8096622939101,98.34720991607745,5.170848109560564,55695.37650823593,1.164082669263022,15.71187687858152,0.0,0.0,55695.37650823593,False,False,False,0,Relatively Better Served,0.14804668169445936,0.644909464715498,0.034605390995591234,0.1475354970252667,0.29918371991167036,29.918371991167035,Very Low,393
KANO_W393,Takai,Bagwaro,26676.15706551075,2.468679287880976,77.17952153216002,94.5543434785814,11.096770146038876,26676.15706551075,1.2888041704742217,6.45613605020379,0.0,0.0,26676.15706551075,False,False,False,0,Relatively Better Served,0.22943524750350058,0.5979831317516613,0.36054329790808004,0.06748386261740849,0.3603559093383589,36.03559093383589,Moderate,287
KANO_W394,Takai,Durbunde,64324.04556274414,2.735481382303821,82.88142543545986,98.00523554730756,6.980495250275072,64324.04556274414,0.8331361400026639,12.648936597610556,0.0,0.0,64324.04556274414,False,False,False,0,Relatively Better Served,0.25743680607650504,0.7694277464430365,0.27045827885171736,0.1713383102587926,0.42632315538717663,42.63231553871766,High,180
KANO_W395,Takai,Fajewa,38740.45190739632,3.683409532302208,67.63642037367954,99.42520910202956,8.002366488472592,38740.45190739632,1.2878938018722803,9.488501017360123,0.0,0.0,38740.45190739632,False,False,True,1,Single-Dimension Underserved,0.3569242770148394,0.5983256569756175,0.5113158230677878,0.10076410028807888,0.4338690427026873,43.38690427026873,High,165
KANO_W396,Takai,Falali,31340.30530309677,2.3202893758986054,90.74607547381606,100.0,6.357335922043864,31340.30530309677,0.8416565396224317,10.12076929344986,0.0,0.0,31340.30530309677,False,False,False,0,Relatively Better Served,0.21386134872655932,0.7662219550946376,0.14620379112404414,0.0803502558805427,0.3736293855079812,37.36293855079812,Moderate,271
KANO_W397,Takai,Farun Ruwa,37682.06753706932,1.2308914358802414,99.068961321009,100.0,7.666921151834979,37682.06753706932,1.0315564363707692,7.463004680635526,0.0,0.0,37682.06753706932,False,False,False,0,Relatively Better Served,0.09952626341651473,0.6947723197224611,0.014709584475910864,0.09784446977066853,0.29064677828859825,29.064677828859825,Very Low,410
KANO_W398,Takai,Kachako,82189.4098482132,1.5208007446136853,96.66200191970714,99.59409787014144,8.96232933316718,82189.4098482132,0.8485484825145508,11.458422611448356,0.0,0.0,82189.4098482132,False,False,False,0,Relatively Better Served,0.1299529829177978,0.7636288688682646,0.05273740592142562,0.22062122130215286,0.34989666335884,34.989666335884,Low,303
KANO_W399,Takai,Karfi,27121.89370894432,2.590645250705212,82.25733686834168,100.0,6.333213855817473,27121.89370894432,1.0954251733784992,8.989997254674375,0.0,0.0,27121.89370894432,False,False,False,0,Relatively Better Served,0.2422358855919072,0.6707417749511212,0.2803183240954057,0.0687134596743781,0.3738010706807024,37.38010706807024,Moderate,270
KANO_W400,Takai,Kuka,27273.86196041107,3.895233939049685,68.92374574373473,100.0,7.431033675540619,27273.86196041107,0.657800156648958,10.697854805684797,0.0,0.0,27273.86196041107,False,True,False,1,Single-Dimension Underserved,0.37915578739920286,0.8353977247987724,0.49097722521347353,0.06913267518539583,0.5147012862198352,51.47012862198353,Very High,80
KANO_W401,Takai,Takai,81534.72395372391,2.340339876774772,89.22923041511714,100.0,5.947837127378151,81534.72395372391,0.9884751420299872,15.827605768811154,0.0,0.0,81534.72395372391,False,False,False,0,Relatively Better Served,0.2159656998034,0.7109816111687306,0.1701685962726125,0.21881522248881205,0.38048927647791997,38.048927647792,Moderate,262
KANO_W402,Takai,Zuga,39519.34708738327,3.915207115667698,63.142373620221925,99.28532259212038,8.50081929416,39519.34708738327,0.6314309278354052,9.770291589697017,0.0,0.0,39519.34708738327,True,True,True,3,Critical Underserved,0.3812520230984319,0.8453191192599325,0.5823177715908274,0.10291273947919914,0.5421377639105512,54.21377639105513,Very High,53
KANO_W403,Tarauni,Babban Giji,39371.632573366165,0.7884929156465853,100.0,100.0,1.5706916293350637,39371.632573366165,0.7544501757801311,265.39838968193567,0.0,0.0,39371.632573366165,False,False,False,0,Relatively Better Served,0.053095413224986066,0.7990332572878301,0.0,0.10250525821333772,0.31096605275023703,31.096605275023702,Low,369
KANO_W404,Tarauni,Darmanawa,82599.93442821503,1.303797482493218,100.0,100.0,1.842111290186387,82599.93442821503,0.6212984059869041,219.3456408524424,0.0,0.0,82599.93442821503,True,False,False,1,Single-Dimension Underserved,0.10717793848666608,0.8491314698924105,0.0,0.22175368331266998,0.362612448505244,36.2612448505244,Moderate,284
KANO_W405,Tarauni,Daurawa,17272.833315849304,0.6054341448652634,100.0,100.0,1.498668109855664,17272.833315849304,0.8117313213035277,272.8347896018929,0.0,0.0,17272.833315849304,False,False,False,0,Relatively Better Served,0.033882929517075326,0.7774812868474718,0.0,0.04154410787961056,0.2885149454336792,28.851494543367924,Very Low,412
KANO_W406,Tarauni,Gyadi Gyadi Arewa,8924.616729736328,1.0480226411002629,100.0,100.0,1.8752452792788064,8924.616729736328,0.8117589087094543,278.4089796165659,0.0,0.0,8924.616729736328,False,False,False,0,Relatively Better Served,0.08033371817325731,0.7774709071151598,0.0,0.018514943245181804,0.2989921744290604,29.89921744290604,Very Low,394
KANO_W407,Tarauni,Gyadi Gyadi Kudu,11535.66261100769,0.586436675613021,100.0,100.0,0.869487191336854,11535.66261100769,0.8226818082036416,276.7461651096397,0.0,0.0,11535.66261100769,False,False,False,0,Relatively Better Served,0.031889096788152174,0.7733611777291514,0.0,0.025717703840525033,0.2841007968177274,28.410079681772736,Very Low,419
KANO_W408,Tarauni,Hotoro,79935.41353750229,1.2074933563704473,100.0,100.0,2.4332844366520976,79935.41353750229,0.7612951340240772,240.05176652859183,0.0,0.0,79935.41353750229,False,False,False,0,Relatively Better Served,0.09707057544559897,0.7964578489856557,0.0,0.21440340800163266,0.34004193097890406,34.00419309789041,Low,318
KANO_W409,Tarauni,Tarauni,33592.345363140106,1.0690482644271604,100.0,100.0,1.6383634058977343,33592.345363140106,0.8326393071613865,281.85394929774145,0.0,0.0,33592.345363140106,False,False,False,0,Relatively Better Served,0.08254041083208238,0.7696146792742704,0.0,0.0865626727208459,0.3071116619037462,30.711166190374623,Low,378
KANO_W410,Tarauni,Unguwa Uku Cikin Gari,29759.60682106018,1.0779877834487754,100.0,100.0,1.2253587142410036,29759.60682106018,0.709872434530848,250.62473058766824,0.0,0.0,29759.60682106018,False,False,False,0,Relatively Better Served,0.08347863609616715,0.8158055853012438,0.0,0.07598978377195291,0.3219740132500784,32.19740132500784,Low,350
KANO_W411,Tarauni,Unguwa Uku Kauyen Alu,73698.16828632355,0.9124546304007484,100.0,100.0,2.67614669585935,73698.16828632355,0.6777776309423977,230.4689619520076,0.0,0.0,73698.16828632355,False,False,False,0,Relatively Better Served,0.06610551055577205,0.8278812212178626,0.0,0.19719751183530143,0.3391697073682787,33.916970736827864,Low,321
KANO_W412,Tarauni,Unguwar Gano,25287.874848127365,1.3331550237855576,100.0,100.0,1.9230051988705048,25287.874848127365,0.6714012523944867,225.56495477528225,0.0,0.0,25287.874848127365,False,False,False,0,Relatively Better Served,0.11025908713295068,0.8302803269048287,0.0,0.06365418481576227,0.3332239682789396,33.32239682789396,Low,329
KANO_W413,Tofa,Dindere,9148.623517036438,1.0965042923736854,92.78830960573964,100.0,6.085626605959028,9148.623517036438,2.104616552284205,30.698163511475297,0.0,0.0,9148.623517036438,False,False,False,0,Relatively Better Served,0.0854219908151398,0.291034585646459,0.11393830510183689,0.019132882314053717,0.15314629558827803,15.314629558827802,Very Low,479
KANO_W414,Tofa,Doka,14931.323156356812,1.1415773498955928,100.0,100.0,2.367543448389966,14931.323156356812,2.0575650683744526,35.82043322512904,0.0,0.0,14931.323156356812,False,False,False,0,Relatively Better Served,0.09015252287109812,0.3087376567204093,0.0,0.035084881241212174,0.1403666688996545,14.03666688996545,Very Low,480
KANO_W415,Tofa,Gajida,9602.482651948929,1.191679257719359,88.12028155407653,100.0,5.107298101659956,9602.482651948929,1.611145736719582,24.56672859427452,0.0,0.0,9602.482651948929,False,False,False,0,Relatively Better Served,0.09541084555998602,0.4767024582605688,0.18768900366172347,0.020384885856478067,0.23606464767001129,23.60646476700113,Very Low,464
KANO_W416,Tofa,Ginsawa,10344.51134634018,1.2953952166412623,99.39625122351138,100.0,2.967338704726329,10344.51134634018,1.9149767810095728,29.18611269701297,0.0,0.0,10344.51134634018,False,False,False,0,Relatively Better Served,0.106296099309547,0.3623863490841822,0.009538694611067822,0.022431826156880937,0.16399656481807356,16.399656481807355,Very Low,478
KANO_W417,Tofa,Janguza,17392.322745084763,1.2740337574372966,99.16187788764545,100.0,5.047129002726786,17392.322745084763,0.7660962654393758,45.65364885681721,0.0,0.0,17392.322745084763,False,False,False,0,Relatively Better Served,0.10405415982103348,0.794651428366841,0.013241585221968388,0.04187372818947587,0.3182736241475194,31.827362414751942,Low,354
KANO_W418,Tofa,Jauben Kudu,9522.32709479332,1.480678661723612,100.0,100.0,4.154513842481844,9522.32709479332,1.377014066759479,27.31144403214545,0.0,0.0,9522.32709479332,False,False,False,0,Relatively Better Served,0.1257420682450788,0.5647942515378319,0.0,0.020163770902995485,0.23842517414721412,23.842517414721414,Very Low,463
KANO_W419,Tofa,Kwami,5437.159482240677,1.6430088277338633,98.1014154532904,100.0,4.406001027121961,5437.159482240677,1.4387719911883718,27.27680078592281,0.0,0.0,5437.159482240677,False,False,False,0,Relatively Better Served,0.1427790321472346,0.541557897767537,0.02999595011965528,0.008894537943083163,0.23971234457820187,23.971234457820188,Very Low,462
KANO_W420,Tofa,Lambu,27404.61713409424,1.1909922624796736,99.20503237191758,100.0,5.8171916636854135,27404.61713409424,1.1326243180887652,29.808745087980046,0.0,0.0,27404.61713409424,False,False,False,0,Relatively Better Served,0.09533874366181676,0.6567456360841915,0.012559782686542786,0.06949337287339809,0.2713985581963303,27.13985581963303,Very Low,443
KANO_W421,Tofa,Langel,17548.471397399902,1.9653334363497432,97.84485934846428,100.0,4.384266789612012,17548.471397399902,0.6376130115965064,45.50357494500272,0.0,0.0,17548.471397399902,False,False,False,0,Relatively Better Served,0.1766078198379862,0.8429931167810776,0.03404930878445356,0.04230447564128388,0.3611854699278562,36.118546992785625,Moderate,286
KANO_W422,Tofa,Tofa,30974.09759330749,0.9197535679923194,100.0,100.0,2.2144142026589706,30974.09759330749,2.878132574816345,43.800710450207305,0.0,0.0,30974.09759330749,False,False,False,0,Relatively Better Served,0.06687155262501894,0.0,0.0,0.07934004519037406,0.03196247256606179,3.1962472566061795,Very Low,484
KANO_W423,Tofa,Unguwar Rimi,19878.798130750656,3.3174438976478497,87.6139435205344,100.0,5.988379490274095,19878.798130750656,0.8857403267663878,19.509979671672493,0.0,0.0,19878.798130750656,False,False,False,0,Relatively Better Served,0.3185152526155044,0.7496354767911002,0.19568869502344666,0.04873285198259923,0.40437465946361556,40.437465946361556,Moderate,220
KANO_W424,Tofa,Wangara,14813.595254421234,3.795169748006269,67.42662735044067,88.96945378998214,8.841272621204576,14813.595254421234,1.1334774131464114,19.633612375596776,0.0,0.0,14813.595254421234,False,True,True,2,Compound Underserved,0.3686537959788439,0.6564246599707215,0.514630366563589,0.03476012023294482,0.44848486113106517,44.84848611310652,High,146
KANO_W425,Tofa,Yalwa Karama,6409.275157690048,1.5575263882675978,98.57959241331726,100.0,4.879775985780909,6409.275157690048,1.6791459286644348,31.8824964662684,0.0,0.0,6409.275157690048,False,False,False,0,Relatively Better Served,0.13380743265190104,0.4511174579372851,0.022441178715773336,0.011576189970520094,0.20425800431235275,20.425800431235274,Very Low,472
KANO_W426,Tofa,Yanoko,18729.793099164963,0.3458186703328324,100.0,100.0,2.110825811567945,18729.793099164963,2.3858112595863314,38.91852766945478,0.0,0.0,18729.793099164963,False,False,False,0,Relatively Better Served,0.006635624984837235,0.18523537432856896,0.0,0.04556323775838392,0.0736575541742079,7.3657554174207895,Very Low,483
KANO_W427,Tofa,Yarimawa,10843.612566947935,1.946555809896117,91.2139011146986,100.0,5.752610905832038,10843.612566947935,0.7439110474971917,22.396289314653192,0.0,0.0,10843.612566947935,False,False,False,0,Relatively Better Served,0.17463706017007338,0.8029985931613642,0.13881256137189624,0.023808633294077175,0.3647744329259903,36.477443292599034,Moderate,283
KANO_W428,Tsanyawa,Daddarawa,15578.756290435793,6.076946236581485,39.98924709326656,71.54794073451698,14.435226095495718,15578.756290435793,0.7548495683311649,3.237665960946876,5.369005672993145,0.0,15578.756290435793,False,True,True,2,Compound Underserved,0.6081320434549715,0.7988829862627777,0.9481166134808272,0.03687087278571656,0.6572026118424865,65.72026118424866,Very High,14
KANO_W429,Tsanyawa,Dunbulum,22638.36379933357,2.129523125904209,94.36367931922447,100.0,5.833468229114885,22638.36379933357,1.3414973104357657,9.142886672241652,0.0,0.0,22638.36379933357,False,False,False,0,Relatively Better Served,0.19383994546686628,0.5781573935530946,0.08904886237061749,0.05634531524894858,0.2867686411451088,28.67686411451088,Very Low,415
KANO_W430,Tsanyawa,Gozarki,17518.162175655365,3.910529624778804,69.70006210674084,96.1382184993003,9.951806684222724,17518.162175655365,1.300440408861148,4.54611269052969,0.0,0.0,17518.162175655365,False,True,False,1,Single-Dimension Underserved,0.3807611085297761,0.5936050093614662,0.4787121159550205,0.04222086544139311,0.4240656388426591,42.40656388426591,High,183
KANO_W431,Tsanyawa,Gurun,26480.685334205627,2.903658465040811,70.08651997656195,100.0,7.41988286111452,26480.685334205627,1.0646252334798438,6.926874210611945,0.0,0.0,26480.685334205627,False,False,False,0,Relatively Better Served,0.2750874187641002,0.6823302197735017,0.47260642474069336,0.06694463958274374,0.42590478343550586,42.590478343550586,High,181
KANO_W432,Tsanyawa,Kabagiwa,34509.61428451538,4.1137862347337375,63.581659510718126,93.94483484696372,8.157676907438942,34509.61428451538,1.043011107415215,7.056050165771136,0.0,0.0,34509.61428451538,False,True,True,2,Compound Underserved,0.4020934068436834,0.6904625118529049,0.5753774445548634,0.08909302597492116,0.49072934400883256,49.072934400883256,High,98
KANO_W433,Tsanyawa,Tatsan,25276.440741300583,2.3273615224634363,80.70742192023233,99.98603372731276,7.5288638273893405,25276.440741300583,1.1805008010782134,8.63393223250749,0.0,0.0,25276.440741300583,False,False,False,0,Relatively Better Served,0.21460358850057748,0.6387321599787694,0.3048056041345112,0.063622642997717,0.3584418498193023,35.84418498193023,Moderate,290
KANO_W434,Tsanyawa,Tsanyawa,29415.22591137886,2.085670841877932,86.50998778507467,100.0,7.154289635239347,29415.22591137886,1.3078841166187634,12.355429754655455,0.0,0.0,29415.22591137886,False,False,False,0,Relatively Better Served,0.18923753669500815,0.5908043221878261,0.2131302154616843,0.07503978390261577,0.3174347844519708,31.74347844519708,Low,356
KANO_W435,Tsanyawa,Yanganau,21460.144567728043,4.37282663960434,62.72898409807086,94.9380537111163,9.015538541473592,21460.144567728043,1.023918097477741,5.207961153367104,0.0,0.0,21460.144567728043,False,True,True,2,Compound Underserved,0.4292803563518949,0.6976462366550187,0.5888489589998485,0.05309511152217543,0.498694348263121,49.8694348263121,Very High,88
KANO_W436,Tsanyawa,Yankamaye,33335.04125928879,2.7921994724977,79.49477410599954,100.0,8.138278413313493,33335.04125928879,1.0976970914434758,8.815708925308899,0.0,0.0,33335.04125928879,False,False,False,0,Relatively Better Served,0.2633895139371704,0.6698869681812514,0.3239643629116623,0.08585288057451335,0.3911480977130985,39.11480977130985,Moderate,239
KANO_W437,Tsanyawa,Zarogi,21105.848551273342,3.0758467103534013,69.37632566003451,100.0,7.4586913446166365,21105.848551273342,0.8783985873345286,7.600603942924388,0.0,0.0,21105.848551273342,False,False,False,0,Relatively Better Served,0.29315901316868487,0.7523977984899848,0.4838268643733341,0.05211776010728401,0.4558699703128596,45.58699703128596,High,140
KANO_W438,Tudun Wada,Baburi,46754.18149924278,5.781457450052195,41.28739031405124,85.80225228090448,10.919714272482327,46754.18149924278,0.5510802047668796,4.364772443236716,0.4396590566832353,0.0,46754.18149924278,True,True,True,3,Critical Underserved,0.5771197435644297,0.875550993860397,0.927607103189958,0.1228705581408158,0.6835307752795818,68.35307752795818,Very High,8
KANO_W439,Tudun Wada,Burum-Burum,45528.21933889389,3.4005832498811266,80.93679036076315,96.96118205860896,11.348892442297778,45528.21933889389,0.6974989783119162,6.913392622969892,0.0,0.0,45528.21933889389,False,False,False,0,Relatively Better Served,0.32724093914475677,0.8204610851212774,0.3011817864261508,0.11948865206123238,0.4634933166302891,46.349331663028906,High,128
KANO_W440,Tudun Wada,Dalawa,43358.39196968079,4.503224544595949,68.92668657265799,85.65378774518844,11.65487371582827,43358.39196968079,0.5728210692781239,5.509610745719482,0.2683472605118129,0.0,43358.39196968079,True,True,False,2,Compound Underserved,0.44296594822222224,0.8673710165744541,0.49093076272759406,0.11350302492776529,0.5516812465524092,55.16812465524092,Very High,47
KANO_W441,Tudun Wada,Jandutse,42792.77407622337,3.624775619613622,66.19319399470308,100.0,7.345451807450238,42792.77407622337,0.9362454613272488,10.34284173795966,0.0,0.0,42792.77407622337,False,False,True,1,Single-Dimension Underserved,0.35077049870936716,0.7306329733111828,0.5341175184414152,0.11194272669469385,0.4845676029642112,48.45676029642112,High,109
KANO_W442,Tudun Wada,Jita,26882.60911262036,3.0429639063568668,77.47651813756173,100.0,7.054744745512502,26882.60911262036,0.967510485258542,7.492035853576106,0.0,0.0,26882.60911262036,False,False,False,0,Relatively Better Served,0.2897078792330783,0.7188695411132513,0.3558510152405655,0.06805337565446971,0.419894912555845,41.9894912555845,High,188
KANO_W443,Tudun Wada,Karefa,34298.20353937149,5.895279486325164,39.67370790574047,86.37861105630562,10.28762991785134,34298.20353937149,0.6252089963180516,5.427906939780791,0.0,0.0,34298.20353937149,True,True,True,3,Critical Underserved,0.5890656558425579,0.8476601144149468,0.9531018524822888,0.08850983400748891,0.6772975823955798,67.72975823955798,Very High,9
KANO_W444,Tudun Wada,Nata-Ala,54152.15149855614,5.2512985326173816,55.49277337105488,82.77877244451408,14.595403197664506,54152.15149855614,0.5251671495720623,2.5650310490898667,1.4484487220179585,0.0,54152.15149855614,True,True,True,3,Critical Underserved,0.5214782164180056,0.8853007534798161,0.703174663588071,0.1432783982246675,0.6284254210946516,62.84254210946516,Very High,20
KANO_W445,Tudun Wada,Sabon Gari,40104.596873283386,1.812319274591392,93.54930772483698,100.0,6.133470950247227,40104.596873283386,0.9961714111770402,13.338831098767322,0.0,0.0,40104.596873283386,False,False,False,0,Relatively Better Served,0.1605485942826385,0.7080858980393453,0.10191521049635521,0.1045271937201418,0.33205676375585474,33.205676375585476,Low,331
KANO_W446,Tudun Wada,Shuwaki,28407.319559812546,2.69328902484625,80.79053965462552,99.98375956599794,6.124287154104422,28407.319559812546,0.9930035350113176,11.613192112283787,0.0,0.0,28407.319559812546,False,False,False,0,Relatively Better Served,0.25300861082100273,0.7092778080973325,0.30349241772980895,0.07225940068341201,0.3956872097288408,39.56872097288408,Moderate,232
KANO_W447,Tudun Wada,Tsohon Gari,32873.72949075699,1.5762709677113862,98.62775193003748,100.0,5.106452647459818,32873.72949075699,0.9422385868978396,13.104498809864618,0.0,0.0,32873.72949075699,False,False,False,0,Relatively Better Served,0.13577472395205745,0.7283780661517236,0.021680301111544398,0.0845803183984205,0.31268784832079244,31.268784832079245,Low,362
KANO_W448,Tudun Wada,Yaryasa,38996.5299243927,2.7851203385732344,80.38093603276776,95.6774899140516,11.069819866516532,38996.5299243927,1.0633431577633623,10.97771113602669,0.0,0.0,38996.5299243927,False,False,False,0,Relatively Better Served,0.26264654082198224,0.6828125994063012,0.309963791275627,0.10147051018435273,0.3949917068215784,39.49917068215784,Moderate,233
KANO_W449,Ungogo,Bachirawa,179187.6437549591,1.846485776321304,100.0,100.0,4.071343861760031,179187.6437549591,0.7200027171025802,173.23310619079643,0.0,0.0,179187.6437549591,False,False,False,0,Relatively Better Served,0.1641344555611805,0.8119940771942826,0.0,0.48819792763762637,0.40666795283199697,40.6667952831997,Moderate,215
KANO_W450,Ungogo,Fanisau,48616.17567753792,1.272462815925831,99.72000465070757,100.0,3.251284206778159,48616.17567753792,0.566806838697695,106.70129574381788,0.0,0.0,48616.17567753792,True,False,False,1,Single-Dimension Underserved,0.10388928551281928,0.8696338644715508,0.004423677916091218,0.12800700495409523,0.35562442454522103,35.562442454522106,Low,296
KANO_W451,Ungogo,Gayawa,132173.87039351463,1.742245180204893,97.33710523016268,100.0,4.970583196025531,132173.87039351463,0.4416746567100094,120.85838275953768,0.0,0.0,132173.87039351463,True,False,False,1,Single-Dimension Underserved,0.15319413980334196,0.9167147156433314,0.042071373028060854,0.3585070031559297,0.42899871749517016,42.89987174951702,High,174
KANO_W452,Ungogo,Kadawa,102957.72483706474,1.535868745886051,100.0,100.0,2.638646348661196,102957.72483706474,0.8289450174031612,161.59436572322304,0.0,0.0,102957.72483706474,False,False,False,0,Relatively Better Served,0.1315344079853895,0.7710046518898647,0.0,0.27791213369337386,0.3509987706110756,35.09987706110756,Low,299
KANO_W453,Ungogo,Karo,20618.31839132309,0.383150648025049,99.96633234051804,100.0,3.1417496538568352,20618.31839132309,0.510518157691886,39.33523502574523,0.0,0.0,20618.31839132309,True,False,False,1,Single-Dimension Underserved,0.010553711018816988,0.8908124211864903,0.000531919126918412,0.050772872585268795,0.3226727754340907,32.267277543409065,Low,349
KANO_W454,Ungogo,Rangaza,108730.4357457161,1.947401276884946,99.47754287410278,100.0,5.043615092914802,108730.4357457161,0.4446549636448046,118.97039942756412,0.0,0.0,108730.4357457161,True,False,False,1,Single-Dimension Underserved,0.1747257940814786,0.9155933783101653,0.008254358709087528,0.2938365779780895,0.4186017790715323,41.86017790715323,High,190
KANO_W455,Ungogo,Rijiyar Zaki,101369.39772629738,2.3365418439121712,98.52081430608877,100.0,5.19535914477565,101369.39772629738,0.541064728645923,161.86186028335376,0.0,0.0,101369.39772629738,True,False,False,1,Single-Dimension Underserved,0.21556708659200682,0.8793193061616377,0.02336982062198134,0.27353061745575796,0.41813543987693513,41.813543987693514,High,193
KANO_W456,Ungogo,Tudun Fulani,257579.60654568672,1.962934840727636,100.0,100.0,3.439490762307856,257579.60654568672,0.5659316672006652,178.29705038791124,0.0,0.0,257579.60654568672,True,False,False,1,Single-Dimension Underserved,0.17635608112524978,0.8699631468219976,0.0,0.704447877372609,0.4630611073311654,46.30611073311654,High,130
KANO_W457,Ungogo,Ungogo,88427.56577372551,1.708319829822139,99.961631529561,100.0,4.2823079069358165,88427.56577372551,0.7778587936262934,110.2066558553544,0.0,0.0,88427.56577372551,False,False,False,0,Relatively Better Served,0.1496335879721902,0.7902257895729243,0.0006061877662757453,0.2378296296300865,0.35726478473994866,35.72647847399487,Low,291
KANO_W458,Ungogo,Yada Kunya,61103.45094561577,2.5742761525588382,99.99367947268333,100.0,3.575862742850215,61103.45094561577,0.3656019582692222,68.34689427080424,0.0,0.0,61103.45094561577,True,False,False,1,Single-Dimension Underserved,0.24051790709730625,0.9453369880007247,9.985871972328919e-05,0.16245406499592052,0.4274113994227782,42.741139942277826,High,177
KANO_W459,Ungogo,Zango,188218.1214795113,1.1347908916487632,100.0,100.0,2.65915097949052,188218.1214795113,0.4890642918627209,159.49457396005593,0.0,0.0,188218.1214795113,True,False,False,1,Single-Dimension Underserved,0.08944026681286542,0.8988844155217419,0.0,0.5131091594080379,0.418407999387675,41.840799938767496,High,191
KANO_W460,Warawa,Amarawa,6501.049716949463,2.238393741822526,100.0,100.0,4.1569477758276925,6501.049716949463,0.7693249089786176,7.783678028301066,0.0,0.0,6501.049716949463,False,False,False,0,Relatively Better Served,0.20526619358201145,0.793436654648816,0.0,0.011829356789161687,0.34105709072006324,34.10570907200633,Low,315
KANO_W461,Warawa,Danlasan,9754.787987232208,1.8123007742139787,90.20678088627312,100.0,6.370127305415053,9754.787987232208,0.6790956785508709,8.65516405137393,0.0,0.0,9754.787987232208,False,False,False,0,Relatively Better Served,0.1605466526209627,0.8273853071987338,0.15472416677746115,0.020805031237801197,0.3718144413470081,37.18144413470081,Moderate,273
KANO_W462,Warawa,Garin Dau,28690.928049325943,2.1710480838686617,80.53477289125112,100.0,6.455510824575167,28690.928049325943,0.752966520875759,18.30087073558416,0.0,0.0,28690.928049325943,False,False,False,0,Relatively Better Served,0.19819809544765443,0.7995914808769456,0.3075333055005117,0.07304175539706309,0.41177937135088905,41.177937135088904,Moderate,208
KANO_W463,Warawa,Gogel,8027.991742134094,2.9022310895973926,88.35551323500914,88.35551323500914,18.61105730198591,8027.991742134094,0.8189294965698833,8.95010196359975,4.797532258111184,0.0,8027.991742134094,False,False,False,0,Relatively Better Served,0.27493761207996975,0.7747729810140689,0.18397255196087825,0.016041537788837663,0.39285256803941626,39.28525680394163,Moderate,237
KANO_W464,Warawa,Imawa,19776.48653316497,4.193682469250075,65.11380717468566,94.38169714305556,13.767877705140066,19776.48653316497,0.6451768722134287,6.043216862721581,4.6745694240098565,0.0,19776.48653316497,False,True,True,2,Compound Underserved,0.41047871991782303,0.8401472222211597,0.5511708718299531,0.048450617974831446,0.5346969108149681,53.469691081496805,Very High,57
KANO_W465,Warawa,Jemagu,10588.644458532332,2.639854952919066,75.00438354953948,100.0,8.56208284418076,10588.644458532332,0.6631602509331292,10.788741616155022,0.0,0.0,10588.644458532332,False,False,False,0,Relatively Better Served,0.2474005690322009,0.8333809949915305,0.3949085467684107,0.02310528516161506,0.4483510210846203,44.83510210846203,High,147
KANO_W466,Warawa,Jigawa,21080.07378935814,3.927452974282948,73.96454381019288,91.5885096314986,11.46643622931108,21080.07378935814,0.5120496025241793,3.610525587629585,0.0,0.0,21080.07378935814,True,True,False,2,Compound Underserved,0.38253725711442954,0.8902362166875222,0.4113370913954765,0.05204665854571865,0.5164182700359147,51.641827003591466,Very High,79
KANO_W467,Warawa,Juma Galadima,36459.31873011589,2.489949907716652,94.63267408629966,100.0,6.646403530081587,36459.31873011589,0.5115653112418763,71.63702735837276,0.0,0.0,36459.31873011589,True,False,False,1,Single-Dimension Underserved,0.23166765316921037,0.890418430770452,0.08479898388634388,0.09447142796090963,0.41227725769182655,41.227725769182655,Moderate,206
KANO_W468,Warawa,Katarkawa,17730.833084583282,5.875634262419701,48.3291469372197,78.73062170330896,13.19862998525378,17730.833084583282,0.4782795322408766,4.179947105384921,0.0242312578568198,0.0,17730.833084583282,True,True,True,3,Critical Underserved,0.5870038396148458,0.9029421699268353,0.8163536007902981,0.04280753366257962,0.6618227615662926,66.18227615662926,Very High,13
KANO_W469,Warawa,Madari,25817.738194704056,3.2129852438818247,71.55007589826904,99.6307225201104,6.848985344036574,25817.738194704056,0.5497160373299045,8.69651564461486,0.3692774798895866,0.0,25817.738194704056,True,False,False,1,Single-Dimension Underserved,0.3075520511525848,0.8760642604162374,0.4494835406421497,0.06511585152220135,0.4985521923482186,49.85521923482186,Very High,89
KANO_W470,Warawa,Tamburawar Gabas,19132.221601247787,3.181925691536068,73.00713411054062,99.98046785268288,6.920602409738489,19132.221601247787,0.3317230467172605,23.175747620930924,0.0195321473171061,0.0,19132.221601247787,True,False,False,1,Single-Dimension Underserved,0.3042922721162081,0.9580838926522939,0.4264633145834903,0.04667336614717875,0.51891071190194,51.891071190194005,Very High,73
KANO_W471,Warawa,Tanagar,25289.30944705009,2.9510868360834954,75.7374243421652,100.0,6.82528476305526,25289.30944705009,0.4527816735444706,20.180097916519603,0.0,0.0,25289.30944705009,True,False,False,1,Single-Dimension Underserved,0.28006514696614765,0.9125357123027105,0.3833271530983837,0.06365814226157539,0.48962119535470594,48.96211953547059,High,100
KANO_W472,Warawa,Warawa,11058.20673918724,2.26911404240646,99.96497840143482,100.0,3.981226980553876,11058.20673918724,0.7330611833311296,12.964379025529938,0.0,0.0,11058.20673918724,False,False,False,0,Relatively Better Served,0.20849036728290454,0.8070808430823853,0.0005533101622955394,0.0244006069774515,0.34879615834278305,34.879615834278304,Low,307
KANO_W473,Warawa,Yandalla,13790.930941343307,2.1860421703748725,91.40415779421976,100.0,8.47432165587035,13790.930941343307,0.4990301511719305,9.428028865750262,0.0,0.0,13790.930941343307,True,False,False,1,Single-Dimension Underserved,0.1997717629724938,0.8951347714934617,0.13580667476087416,0.03193902610000113,0.4051808877816347,40.51808877816347,Moderate,218
KANO_W474,Warawa,Yangizo,15375.028424263,9.810709529465088,51.37879866033451,55.26629957573999,19.710852466543365,15375.028424263,0.4499952591194153,4.450181210531778,35.35170867996357,0.0,15375.028424263,True,True,True,3,Critical Underserved,1.0,0.9135840977840876,0.7681718112948499,0.03630887460055704,0.7788351276734841,77.8835127673484,Very High,1
KANO_W475,Wudil,Achika,23672.907896518707,5.785060911322016,36.705303911492976,97.33723926335612,9.119104749091369,23672.907896518707,0.4373274042539841,7.483875103574429,0.0,0.0,23672.907896518707,True,True,True,3,Critical Underserved,0.5774979359921568,0.9183503647836015,1.0,0.05919918063323733,0.7035518855668932,70.35518855668931,Very High,4
KANO_W476,Wudil,Dagumawa,50724.91078042984,1.5031957961607003,99.82628237427924,100.0,4.148114747231903,50724.91078042984,0.8579637155173392,22.993588472941248,0.0,0.0,50724.91078042984,False,False,False,0,Relatively Better Served,0.12810529878942775,0.7600863974056034,0.002744584245697901,0.13382410461292288,0.3250843612698675,32.50843612698675,Low,343
KANO_W477,Wudil,Dankaza,37540.14200258255,2.2083266229873586,82.4629629185074,99.9236776277352,5.272086186518775,37540.14200258255,0.6796605793627135,16.77433581501509,0.0,0.0,37540.14200258255,False,False,False,0,Relatively Better Served,0.20211057296739182,0.8271727638655424,0.27706961507438144,0.0974529578272719,0.4201755059321245,42.01755059321245,High,186
KANO_W478,Wudil,Darki,45803.44748640061,5.087668812681113,56.18158401773658,97.177484257409,7.949859096861076,45803.44748640061,0.7032482652955532,11.92453383185536,0.0,0.0,45803.44748640061,False,True,True,2,Compound Underserved,0.5043048610251576,0.8182979219723513,0.692292066952825,0.12024788898993218,0.594191327736925,59.419132773692496,Very High,28
KANO_W479,Wudil,Indabo,22445.839256048203,1.59559592344578,100.0,100.0,3.257322039803215,22445.839256048203,0.7209981273128049,9.418295130295256,0.0,0.0,22445.839256048203,False,False,False,0,Relatively Better Served,0.13780292722043108,0.8116195551551235,0.0,0.055814222247496964,0.33377985580754704,33.377985580754704,Low,328
KANO_W480,Wudil,Kausani,36516.98725509644,1.91574497076661,98.71753225364148,100.0,4.7246497127498674,36516.98725509644,0.7584908280047908,20.25179242119401,0.0,0.0,36516.98725509644,False,False,False,0,Relatively Better Served,0.171403384218486,0.7975129661604458,0.020261851712901846,0.09463051079522551,0.348797500383566,34.8797500383566,Low,306
KANO_W481,Wudil,Lajawa,36664.14320063591,2.7331055628333307,79.61172742851295,100.0,5.449730621997893,36664.14320063591,0.5868258073696552,11.870432473621609,0.0,0.0,36664.14320063591,True,False,False,1,Single-Dimension Underserved,0.25718745777882496,0.8621017486745941,0.3221166042566579,0.0950364512091818,0.4575706379024642,45.75706379024642,High,136
KANO_W482,Wudil,Sabon Gari,47099.37911581993,1.0864014658041117,99.96284230162776,100.0,3.1623859036545325,47099.37911581993,0.9329016474560782,27.384547188975223,0.0,0.0,47099.37911581993,False,False,False,0,Relatively Better Served,0.08436167346436042,0.7318910797448277,0.0005870586426433011,0.12382281095572138,0.3001612133218846,30.01612133218846,Very Low,390
KANO_W483,Wudil,Utai,37413.02542495728,2.0980633905627366,90.0850992810006,100.0,8.528248585909683,37413.02542495728,0.5095708700652757,14.081603017016946,0.0,0.0,37413.02542495728,True,False,False,1,Single-Dimension Underserved,0.1905381662069954,0.8911688371544441,0.1566466281019041,0.09710229747200907,0.4149652131073362,41.49652131073362,Moderate,200
KANO_W484,Wudil,Wudil,56050.54152774811,0.8446987597050446,100.0,100.0,1.4194106400124795,56050.54152774811,0.7725295277504255,24.16862920037601,0.0,0.0,56050.54152774811,False,False,False,0,Relatively Better Served,0.058994359550548874,0.7922309202241367,0.0,0.1485152456485046,0.3172564167908882,31.725641679088817,Low,357
