Ward_ID,LGA,Ward,Demand_Population,Weighted_Mean_Time_Min,Pct_Within_5min,Pct_Within_10min,P90_Cell_Time_Min,Population,Weighted_2SFCA_per_10000,Mean_Accessible_PHC_Count,Zero_Access_Pct,Population_Difference,Population_2025,Supply_Underserved,Travel_Underserved,Coverage_Underserved,Underserved_Dimensions,Underserved_Class
KANO_W001,Ajingi,Ajingi,25614.35702443123,4.186475247487638,98.93353149394709,100.0,6.261289254870718,25614.35702443123,1.249026298189663,18.648042332055606,0.0,0.0,25614.35702443123,False,True,False,1,Single-Dimension Underserved
KANO_W002,Ajingi,Balare,24040.603971242905,2.797356611270803,86.1841631780315,99.12808972822356,6.5525022935874375,24040.603971242905,0.9508658562019426,9.334717175819677,0.0,0.0,24040.603971242905,False,False,False,0,Relatively Better Served
KANO_W003,Ajingi,Chula,24778.70829319954,2.730665422830268,92.76032201884924,100.0,6.595204795215413,24778.70829319954,1.075751404658142,12.091236897071632,0.0,0.0,24778.70829319954,False,False,False,0,Relatively Better Served
KANO_W004,Ajingi,Dabin-Kanawa,33965.52364397049,3.101329549192611,86.86441779974207,99.33365816153425,6.314936964931654,33965.52364397049,0.6863516164453866,6.983952120172853,0.0,0.0,33965.52364397049,False,False,False,0,Relatively Better Served
KANO_W005,Ajingi,Dundun,28836.42067742348,2.9920783305804988,78.22460576317339,100.0,7.419853465369338,28836.42067742348,0.7293794891484225,12.517301796431171,0.0,0.0,28836.42067742348,False,False,False,0,Relatively Better Served
KANO_W006,Ajingi,Gafasa,33515.38449525833,3.904167959791269,75.30582842529883,91.58952394521776,10.727071229300265,33515.38449525833,0.7658389888214393,6.303368542551729,0.0,0.0,33515.38449525833,False,True,False,1,Single-Dimension Underserved
KANO_W007,Ajingi,Gurduba,20355.09816479683,2.5647308625254888,77.28796654845853,100.0,5.604545202794328,20355.09816479683,1.0275009895420688,9.764075615292477,0.0,0.0,20355.09816479683,False,False,False,0,Relatively Better Served
KANO_W008,Ajingi,Kunkurawa,37590.09017539024,1.998348823995009,96.84398665442644,100.0,6.774971809479155,37590.09017539024,0.7829101559108625,9.608224991753234,0.0,0.0,37590.09017539024,False,False,False,0,Relatively Better Served
KANO_W009,Ajingi,Toranke,68323.73483967781,5.647460943378123,50.00362953687828,83.68394663776625,11.407562973128572,68323.73483967781,0.7356452414574877,3.847252465781825,0.0,0.0,68323.73483967781,False,True,True,2,Compound Underserved
KANO_W010,Ajingi,Unguwar Bai,39893.87610626221,3.4580811307952373,78.28623543471767,97.27205566512713,9.077001740169456,39893.87610626221,0.983392806548527,8.588540183771292,0.0,0.0,39893.87610626221,False,False,False,0,Relatively Better Served
KANO_W011,Albasu,Albasu Central,34472.35253047943,2.779743041603884,92.28091100772872,95.75449287553695,13.607166205232009,34472.35253047943,1.1118553024491276,9.726341742880054,0.0,0.0,34472.35253047943,False,False,False,0,Relatively Better Served
KANO_W012,Albasu,Bataiya,33287.21682691574,3.0011627654542505,76.21743909797468,100.0,5.587024194164705,33287.21682691574,0.815415904226729,7.560028371861319,0.0,0.0,33287.21682691574,False,False,False,0,Relatively Better Served
KANO_W013,Albasu,Daho,27705.09175848961,1.8823647499743847,96.41218609524016,100.0,4.0397076533379375,27705.09175848961,1.1972759421110457,6.808271782116365,0.0,0.0,27705.09175848961,False,False,False,0,Relatively Better Served
KANO_W014,Albasu,Duja,9637.503433704376,4.24075672923304,68.48331278253819,95.0719644611712,9.141704240790736,9637.503433704376,0.5608424032878788,6.243380044198453,0.0,0.0,9637.503433704376,True,True,False,2,Compound Underserved
KANO_W015,Albasu,Fanda,33194.64140033722,2.394455913456404,81.5817657214139,100.0,8.246849007784403,33194.64140033722,0.7842557025107033,11.757314057829932,0.0,0.0,33194.64140033722,False,False,False,0,Relatively Better Served
KANO_W016,Albasu,Faragai,32620.26916360855,1.5384373487192926,90.8630154195356,100.0,5.470526316480906,32620.26916360855,1.0905532217451137,16.00744276437389,0.0,0.0,32620.26916360855,False,False,False,0,Relatively Better Served
KANO_W017,Albasu,Gagarame,49153.09963965416,4.898974886609175,46.56606405492419,96.34514331028954,8.946737699404755,49153.09963965416,0.5510798265821298,8.014404774657873,0.0,0.0,49153.09963965416,True,True,True,3,Critical Underserved
KANO_W018,Albasu,Hungu,23759.600473165512,2.2561394826964376,85.01590299279435,100.0,7.112957351949412,23759.600473165512,1.0415794435230294,16.945463342065608,0.0,0.0,23759.600473165512,False,False,False,0,Relatively Better Served
KANO_W019,Albasu,Saya-Saya,37297.650851249695,3.2855763939284386,83.54513332782844,99.90257340942256,7.607735350146828,37297.650851249695,0.9358274708570408,11.700931269717543,0.0,0.0,37297.650851249695,False,False,False,0,Relatively Better Served
KANO_W020,Albasu,Tsangaya,42294.02999138832,2.7363244683215906,83.29116400099032,94.21916506709825,8.793249209460061,42294.02999138832,0.7233903746962078,6.503436672049914,0.0,0.0,42294.02999138832,False,False,False,0,Relatively Better Served
KANO_W021,Bagwai,Bagwai,36794.92509293556,1.3246923715942116,99.93901613947916,100.0,3.879090958778161,36794.92509293556,1.1033412850536484,14.024901052638311,0.0,0.0,36794.92509293556,False,False,False,0,Relatively Better Served
KANO_W022,Bagwai,Dangada,35835.846756219864,3.3728311796309574,67.28193114990853,100.0,6.566834574631984,35835.846756219864,1.4220744991271874,13.127962483147916,0.0,0.0,35835.846756219864,False,False,True,1,Single-Dimension Underserved
KANO_W023,Bagwai,Gadanya,36287.73974633217,4.358938749153155,60.79706450988053,97.27586775915356,7.3309529169035965,36287.73974633217,1.1076207451480653,12.15672890166944,0.0,0.0,36287.73974633217,False,True,True,2,Compound Underserved
KANO_W024,Bagwai,Gogori,34379.87130236626,3.262358702103477,70.36822137307533,100.0,7.707065328477912,34379.87130236626,0.9074675402921693,9.08417076509124,0.0,0.0,34379.87130236626,False,False,False,0,Relatively Better Served
KANO_W025,Bagwai,Kiyawa,34375.45455479622,1.8262144125833444,99.02579601190634,100.0,3.830865441529393,34375.45455479622,2.0722743444759795,23.90078819414573,0.0,0.0,34375.45455479622,False,False,False,0,Relatively Better Served
KANO_W026,Bagwai,Kwajale,36255.36284780502,1.9838534443338909,92.56024398745863,100.0,4.987008015861403,36255.36284780502,1.83717998036752,18.152962654072304,0.0,0.0,36255.36284780502,False,False,False,0,Relatively Better Served
KANO_W027,Bagwai,Rimin Dako,39724.70056796074,1.6617782112895425,95.99232969008452,100.0,4.8952540295529126,39724.70056796074,2.0119281643151816,25.872432138254386,0.0,0.0,39724.70056796074,False,False,False,0,Relatively Better Served
KANO_W028,Bagwai,Romo,31253.1290242672,3.596825901801437,74.1961696831328,100.0,6.176250930459941,31253.1290242672,1.680391760268522,14.24558132967551,0.0,0.0,31253.1290242672,False,False,False,0,Relatively Better Served
KANO_W029,Bagwai,Sare-Sare,29383.2672791481,2.697008300293876,86.66741779501295,100.0,6.027268871646273,29383.2672791481,0.9225210180725014,10.23584058824034,0.0,0.0,29383.2672791481,False,False,False,0,Relatively Better Served
KANO_W030,Bagwai,Wuro Bagga,33477.731825351715,1.6830662375722731,100.0,100.0,3.2528814195846527,33477.731825351715,0.9574496988588244,10.33862406195486,0.0,0.0,33477.731825351715,False,False,False,0,Relatively Better Served
KANO_W031,Bebeji,Anadariya,8706.878468036652,2.531069401943014,61.8540845625618,100.0,5.254562427309917,8706.878468036652,0.7549195935777219,6.367084596559771,0.0,0.0,8706.878468036652,False,False,True,1,Single-Dimension Underserved
KANO_W032,Bebeji,Baguda,15720.371176481249,3.6120037840980816,76.01955605072848,100.0,6.108048591063225,15720.371176481249,1.1047051903327771,7.980320652361434,0.0,0.0,15720.371176481249,False,False,False,0,Relatively Better Served
KANO_W033,Bebeji,Bebeji,58952.98099374771,1.8073715924843368,85.86085030800653,94.7220367446949,11.162549009385865,58952.98099374771,0.8443131884720595,8.420806464749074,0.0,0.0,58952.98099374771,False,False,False,0,Relatively Better Served
KANO_W034,Bebeji,Damau,21675.213315963745,5.266829764519713,54.01452494444575,77.87303536007877,11.227279231464042,21675.213315963745,0.6338852674841902,5.728479334610117,0.0,0.0,21675.213315963745,True,True,True,3,Critical Underserved
KANO_W035,Bebeji,Durmawa,29779.589923381805,3.104172625160825,65.4488854440823,97.4319797129104,8.298461578074038,29779.589923381805,1.060543854620702,7.198620323106657,0.0,0.0,29779.589923381805,False,False,True,1,Single-Dimension Underserved
KANO_W036,Bebeji,Gargai,21902.19045829773,1.9006592219563367,95.60843668092475,100.0,8.205132527229656,21902.19045829773,0.7925185753759206,11.007494683102262,0.0,0.0,21902.19045829773,False,False,False,0,Relatively Better Served
KANO_W037,Bebeji,Gwarmai,54313.49741625786,2.437268322402319,83.39536349600061,99.32395422824725,6.088839833367768,54313.49741625786,0.6334974588090387,7.575148889923969,4.532296845490804,0.0,54313.49741625786,True,False,False,1,Single-Dimension Underserved
KANO_W038,Bebeji,Kofa,23055.134974956512,3.3135361181635905,50.349423163858695,100.0,6.072774456202936,23055.134974956512,0.6867002926268916,7.330795499710911,0.0,0.0,23055.134974956512,False,False,True,1,Single-Dimension Underserved
KANO_W039,Bebeji,Kuki,24537.51567196846,4.113520457310482,67.12826680585809,84.48257493517951,10.69975560537796,24537.51567196846,0.6358570680283401,4.8177753322188765,0.0,0.0,24537.51567196846,True,True,True,3,Critical Underserved
KANO_W040,Bebeji,Rahama,27304.87781572342,2.2902889892145817,79.50055864906639,98.18233030340754,8.012731120022591,27304.87781572342,0.9297152409864056,9.717450846691223,0.0,0.0,27304.87781572342,False,False,False,0,Relatively Better Served
KANO_W041,Bebeji,Ranka,34916.460077762604,6.667961624832802,43.26624159656417,80.3152618262989,17.456349686706588,34916.460077762604,0.5629661431028001,6.179919748796968,4.4503896063285175,0.0,34916.460077762604,True,True,True,3,Critical Underserved
KANO_W042,Bebeji,Rantan,50408.79292225838,2.2466952123023742,85.0502845291678,96.89266937848409,8.664017420790032,50408.79292225838,0.5596412417899295,5.149186916305576,0.0,0.0,50408.79292225838,True,False,False,1,Single-Dimension Underserved
KANO_W043,Bebeji,Tariwa,28358.65462136269,2.367362330559837,88.5427581836946,100.0,8.676693721341373,28358.65462136269,0.6654710261348982,5.411385635084659,0.0,0.0,28358.65462136269,False,False,False,0,Relatively Better Served
KANO_W044,Bebeji,Wak,22383.871805906296,1.2196024443300624,98.45278028000035,100.0,5.868648344134518,22383.871805906296,1.371873027227434,20.2595862164424,0.0,0.0,22383.871805906296,False,False,False,0,Relatively Better Served
KANO_W045,Bichi,Badume,90503.92381310464,1.7679456757569751,94.45819662353206,99.61881374110374,5.569849349251738,90503.92381310464,1.325544808812597,17.550521870495814,0.5521222571822221,0.0,90503.92381310464,False,False,False,0,Relatively Better Served
KANO_W046,Bichi,Bichi,124955.556773901,1.836125330979088,93.83990039078112,98.56999530412908,7.711890463601271,124955.556773901,1.283248871498478,22.07085348124913,0.0,0.0,124955.556773901,False,False,False,0,Relatively Better Served
KANO_W047,Bichi,Danzabuwa,61892.10955309868,3.578005627437737,75.44609402811767,91.3089196453879,10.29104198243185,61892.10955309868,1.1872019442202597,11.676473768847655,5.460528956245149,0.0,61892.10955309868,False,False,False,0,Relatively Better Served
KANO_W048,Bichi,Fagolo,24970.085165023804,2.9236775493941165,73.83829525551347,100.0,5.90387599245862,24970.085165023804,1.368004072445242,12.184708967536166,0.0,0.0,24970.085165023804,False,False,False,0,Relatively Better Served
KANO_W049,Bichi,Kau-Kau,33661.78238654137,2.3222000963683267,80.39979495186583,100.0,6.407775659869072,33661.78238654137,1.091772913449366,18.67654392013736,0.0,0.0,33661.78238654137,False,False,False,0,Relatively Better Served
KANO_W050,Bichi,Kwamarawa,28445.725249290463,3.352928710173532,66.48079292460564,100.0,6.389390372179473,28445.725249290463,1.1343600018310152,11.338109915871613,0.0,0.0,28445.725249290463,False,False,True,1,Single-Dimension Underserved
KANO_W051,Bichi,Kyalli,47393.93415474892,3.053349638294909,76.8846125861086,95.11372516225896,8.531865654281098,47393.93415474892,1.1045819303068962,14.783234851558047,0.0,0.0,47393.93415474892,False,False,False,0,Relatively Better Served
KANO_W052,Bichi,Muntsira,51636.58268404007,2.720803195325808,81.97531192559111,93.24669990070616,5.010526155514804,51636.58268404007,0.7223949431531392,9.97165585190219,0.0,0.0,51636.58268404007,False,False,False,0,Relatively Better Served
KANO_W053,Bichi,Saye,24767.7471306324,1.6596374921840729,99.63712181623944,100.0,4.772688875493119,24767.7471306324,1.5985809486228206,15.40302120160417,0.0,0.0,24767.7471306324,False,False,False,0,Relatively Better Served
KANO_W054,Bichi,Waire,36939.8991420269,4.379026573797194,61.86525583071849,100.0,8.126415135181448,36939.8991420269,1.0441206871992397,6.606588010100715,0.0,0.0,36939.8991420269,False,True,True,2,Compound Underserved
KANO_W055,Bichi,Yallami,46898.301015377045,3.073977257337,78.95638029634043,98.70280067998162,7.037277030715057,46898.301015377045,1.2243000367391008,13.069600201385471,0.0,0.0,46898.301015377045,False,False,False,0,Relatively Better Served
KANO_W056,Bunkure,Barkum,44461.25253152847,3.401439416342347,71.58362374816136,97.25957431141596,11.94589105524319,44461.25253152847,0.7875324956579164,10.561874201723572,0.0,0.0,44461.25253152847,False,False,False,0,Relatively Better Served
KANO_W057,Bunkure,Bono,24751.14481639862,3.712077159098436,70.50311513214925,99.57696651577484,7.509812396900987,24751.14481639862,0.7852907885932718,8.75320585273426,0.0,0.0,24751.14481639862,False,False,False,0,Relatively Better Served
KANO_W058,Bunkure,Bunkure,45696.68604969978,2.0788967482738574,97.67534464168884,100.0,4.918214661916668,45696.68604969978,1.023718832453863,10.151946068034606,0.0,0.0,45696.68604969978,False,False,False,0,Relatively Better Served
KANO_W059,Bunkure,Chirin,29887.835190296173,2.9009424929120597,77.59817537590308,99.97671496293736,7.537701920947489,29887.835190296173,0.720621088060707,4.7003654484385455,0.0,0.0,29887.835190296173,False,False,False,0,Relatively Better Served
KANO_W060,Bunkure,Gafan,25388.39962720871,2.871649231758052,79.34420918457657,85.62155398950728,10.930589807377432,25388.39962720871,0.7004250758785902,8.816135197248313,0.0,0.0,25388.39962720871,False,False,False,0,Relatively Better Served
KANO_W061,Bunkure,Gurjiya,25989.094090223312,2.943659702620734,92.76747524263811,94.99491204351762,11.206781899077438,25989.094090223312,0.9202973837945216,10.86349542372027,0.0,0.0,25989.094090223312,False,False,False,0,Relatively Better Served
KANO_W062,Bunkure,Gwamma,25466.694618225098,3.1535230378315138,67.43135162980288,100.0,6.4361417414593785,25466.694618225098,0.7846260252757821,9.63355449385756,0.0,0.0,25466.694618225098,False,False,True,1,Single-Dimension Underserved
KANO_W063,Bunkure,Kulluwa,21825.624680042267,7.720812954574262,53.777732459903305,74.38953592387485,23.37121874268331,21825.624680042267,0.5127079052059398,6.375076545458543,23.93619307869092,0.0,21825.624680042267,True,True,True,3,Critical Underserved
KANO_W064,Bunkure,Kumurya,41578.92378759384,2.774592650746003,83.24973997250233,100.0,7.346423518037218,41578.92378759384,0.9756094271227748,11.663275145531404,0.0,0.0,41578.92378759384,False,False,False,0,Relatively Better Served
KANO_W065,Bunkure,Sanda,35920.06992530823,2.550000972335845,83.23246088629318,96.23929614126892,7.964148530901514,35920.06992530823,0.9933581612006084,11.739733188615162,0.0,0.0,35920.06992530823,False,False,False,0,Relatively Better Served
KANO_W066,Dala,Adakawa,19510.984001159668,0.4038577688266184,100.0,100.0,0.5844511823828717,19510.984001159668,0.847807714726174,289.91597950505434,0.0,0.0,19510.984001159668,False,False,False,0,Relatively Better Served
KANO_W067,Dala,Bakin Ruwa,20582.47504425049,0.5896157272131474,100.0,100.0,0.6864625538278704,20582.47504425049,0.7857656939720015,276.565144777047,0.0,0.0,20582.47504425049,False,False,False,0,Relatively Better Served
KANO_W068,Dala,Dala,13835.651345729828,0.312242472113951,100.0,100.0,1.6449559020091102,13835.651345729828,0.8350680741530817,287.58254336203265,0.0,0.0,13835.651345729828,False,False,False,0,Relatively Better Served
KANO_W069,Dala,Dogon Nama,17537.00440311432,0.5784573258417293,100.0,100.0,0.9533334529919648,17537.00440311432,0.7689137857504337,271.27855375752466,0.0,0.0,17537.00440311432,False,False,False,0,Relatively Better Served
KANO_W070,Dala,Gobirawa,202097.43734645844,1.0967643673678646,100.0,100.0,1.6592399990766815,202097.43734645844,0.7465080047057516,231.88960853531364,0.0,0.0,202097.43734645844,False,False,False,0,Relatively Better Served
KANO_W071,Dala,Gwammaja,45086.1358101368,1.0702520728251763,100.0,100.0,1.9974354889244523,45086.1358101368,0.821322132534655,281.26205415027977,0.0,0.0,45086.1358101368,False,False,False,0,Relatively Better Served
KANO_W072,Dala,Kabuwaya,7177.064601182938,0.7203352750571218,100.0,100.0,1.7682968572259474,7177.064601182938,0.843096515656941,287.28523064605633,0.0,0.0,7177.064601182938,False,False,False,0,Relatively Better Served
KANO_W073,Dala,Kantudu,7311.206146240234,0.3520380744279076,100.0,100.0,0.5867226911197961,7311.206146240234,0.8395862735178978,288.2147704603332,0.0,0.0,7311.206146240234,False,False,False,0,Relatively Better Served
KANO_W074,Dala,Kofar Mazugal,15307.040576696396,0.5261978344370466,100.0,100.0,1.0386066820872102,15307.040576696396,0.8880701196972737,295.67039770554715,0.0,0.0,15307.040576696396,False,False,False,0,Relatively Better Served
KANO_W075,Dala,Kofar Ruwa,135677.9864835739,1.3142162646176392,100.0,100.0,1.8815256427897928,135677.9864835739,0.7480218534356032,254.10845995624612,0.0,0.0,135677.9864835739,False,False,False,0,Relatively Better Served
KANO_W076,Dala,Madigawa,21879.958984375,0.7727452888710203,100.0,100.0,0.9910462708418394,21879.958984375,0.7806435268225624,274.81547600782733,0.0,0.0,21879.958984375,False,False,False,0,Relatively Better Served
KANO_W077,Dala,Yalwa,10913.062141895294,1.0305524720676429,100.0,100.0,1.0104029363481826,10913.062141895292,0.7465705506611633,266.2956550280548,0.0,1.8189894035458565e-12,10913.062141895294,False,False,False,0,Relatively Better Served
KANO_W078,Dambatta,Ajumawa,55442.74114990234,1.8009044499094728,88.69636443932346,100.0,5.671568818797462,55442.74114990234,0.7952880459026873,16.239351413041415,0.0,0.0,55442.74114990234,False,False,False,0,Relatively Better Served
KANO_W079,Dambatta,Danbatta East,92805.13618087769,1.6526359846595442,98.83127993342808,100.0,4.58831201243064,92805.13618087769,1.005015326963509,26.680354798739213,0.0,0.0,92805.13618087769,False,False,False,0,Relatively Better Served
KANO_W080,Dambatta,Danbatta West,82826.8969039917,1.6173937058581902,99.90509801283277,100.0,3.593684825703512,82826.8969039917,1.0021824857676698,26.01906812098569,0.0,0.0,82826.8969039917,False,False,False,0,Relatively Better Served
KANO_W081,Dambatta,Fagwalawa,45192.51347398758,4.464493239991378,66.44736047981979,98.70686139236076,8.560308402842129,45192.51347398758,0.8847900782248346,8.044952858592524,0.0,0.0,45192.51347398758,False,True,True,2,Compound Underserved
KANO_W082,Dambatta,Goron Maje,28022.33770275116,6.863982401766433,46.11593676821505,71.73902682079932,15.158696373961495,28022.33770275116,1.0281047817899238,3.452101799835714,9.81747586326997,0.0,28022.33770275116,False,True,True,2,Compound Underserved
KANO_W083,Dambatta,Gwanda,31257.3174264431,4.566260045076541,54.96274287088462,87.07122103166141,10.43228958787543,31257.3174264431,0.9305069024946075,4.8021941077782975,0.0,0.0,31257.3174264431,False,True,True,2,Compound Underserved
KANO_W084,Dambatta,Gwarabjawa,73836.61919975281,3.157001535568506,72.3348799119274,93.8109169800617,10.038620872042785,73836.61919975281,0.7258577073534088,8.482899518110475,0.0,0.0,73836.61919975281,False,False,False,0,Relatively Better Served
KANO_W085,Dambatta,Kore,34694.26978778839,2.586624426500969,82.85409283876089,99.39940302723085,6.695439366431671,34694.26978778839,1.1686304681232378,6.4803658476744,0.6005969727691655,0.0,34694.26978778839,False,False,False,0,Relatively Better Served
KANO_W086,Dambatta,Saidawa,56500.86523294449,3.8723252862003834,71.21317122864914,93.0434242799688,9.536186126143395,56500.86523294449,0.8814395520260849,8.99545467283966,0.809751886899133,0.0,56500.86523294449,False,True,False,1,Single-Dimension Underserved
KANO_W087,Dambatta,San San,23166.29583621025,3.4047896313600514,77.22890788700005,90.43987536651392,10.490413044106514,23166.29583621025,1.1819368780158457,5.336475632005566,0.0,0.0,23166.29583621025,False,False,False,0,Relatively Better Served
KANO_W088,Dawakin Kudu,Dabar Kwari,34017.96837592125,6.564075151840978,36.9208759982447,72.80836595580405,10.887719835331714,34017.96837592125,0.6328429780036152,8.004629783435105,0.0,0.0,34017.96837592125,True,True,True,3,Critical Underserved
KANO_W089,Dawakin Kudu,Danbagina,41607.82873606682,4.4364493999364925,57.74858912201156,98.43595629296628,6.694874801844115,41607.82873606682,0.6261662979950804,15.184608956323414,0.0,0.0,41607.82873606682,True,True,True,3,Critical Underserved
KANO_W090,Dawakin Kudu,Dawaki,73490.75660037994,2.1782722887901955,87.6194346262031,100.0,6.611829976304279,73490.75660037994,0.3245442515133513,10.610015157776598,0.0,0.0,73490.75660037994,True,False,False,1,Single-Dimension Underserved
KANO_W091,Dawakin Kudu,Dawakiji,63758.0076212883,3.531023376260304,78.26824581125828,100.0,8.578022776188261,63758.0076212883,0.3361807089116359,11.248928596399672,0.0,0.0,63758.0076212883,True,False,False,1,Single-Dimension Underserved
KANO_W092,Dawakin Kudu,Dosan,29937.709733963013,1.9845767214866104,89.85581982967851,100.0,5.483763941073347,29937.709733963013,0.4545882129700336,5.482291960750489,0.0,0.0,29937.709733963013,True,False,False,1,Single-Dimension Underserved
KANO_W093,Dawakin Kudu,Gano,45035.87121248245,1.653254930445555,87.82551408544192,100.0,6.3841001395925225,45035.87121248245,0.6923686419508399,13.550983255264788,0.0,0.0,45035.87121248245,False,False,False,0,Relatively Better Served
KANO_W094,Dawakin Kudu,Gurjiya,29122.107536792755,3.2406649730843147,77.7595074169441,100.0,6.972533387479039,29122.107536792755,0.4516970503743583,60.11680208828931,0.0,0.0,29122.107536792755,True,False,False,1,Single-Dimension Underserved
KANO_W095,Dawakin Kudu,Jido,28748.975908994675,1.9606748119383528,100.0,100.0,3.600180131514451,28748.975908994675,0.5426344056751963,79.26356043094165,0.0,0.0,28748.975908994675,True,False,False,1,Single-Dimension Underserved
KANO_W096,Dawakin Kudu,Tanburawa,59871.07987475395,2.5752264651641257,92.95073188966909,100.0,6.15410209194601,59871.07987475395,0.4984906441655725,44.7283748874202,0.0,0.0,59871.07987475395,True,False,False,1,Single-Dimension Underserved
KANO_W097,Dawakin Kudu,Tsakuwa,60278.01387953758,3.971312907832245,76.8317999211234,94.56345542483056,14.918136247386288,60278.01387953758,0.4232439445251735,7.235947672518815,3.3792642983035046,0.0,60278.01387953758,True,True,False,2,Compound Underserved
KANO_W098,Dawakin Kudu,Unguwar Duniya,13425.575059175491,2.585819867759404,76.01099231547407,100.0,6.293501823075948,13425.575059175491,0.3216445716688554,27.834900535488497,0.0,0.0,13425.575059175491,True,False,False,1,Single-Dimension Underserved
KANO_W099,Dawakin Kudu,Yan Barau,14766.157083034515,4.841815375908084,43.27884101716675,100.0,6.8321227095414105,14766.157083034515,0.2661363293245634,10.055030445265428,0.0,0.0,14766.157083034515,True,True,True,3,Critical Underserved
KANO_W100,Dawakin Kudu,Yankatsari,17537.378254890442,1.2165403871643166,99.91936814200729,100.0,4.647074691303642,17537.378254890442,0.4027253110482919,40.771410473872606,0.0,0.0,17537.378254890442,True,False,False,1,Single-Dimension Underserved
KANO_W101,Dawakin Kudu,Yargaya,32991.90990900993,3.756987120189157,53.77489600728904,97.13638492462356,9.063987645519935,32991.90990900993,0.4567797930872427,24.934139000760783,0.7307057678920468,0.0,32991.90990900993,True,True,True,3,Critical Underserved
KANO_W102,Dawakin Kudu,Zogarawa,14024.368523597715,3.3027578660766435,62.6882739315796,100.0,7.308227287811947,14024.368523597715,0.4028808845273387,21.311177446087047,0.0,0.0,14024.368523597715,True,False,True,2,Compound Underserved
KANO_W103,Dawakin Tofa,Danguguwa,36233.21717572212,1.1381025677175742,99.3977255718471,100.0,3.9745154232033104,36233.21717572212,1.0519157685236855,37.33867981014004,0.0,0.0,36233.21717572212,False,False,False,0,Relatively Better Served
KANO_W104,Dawakin Tofa,Dawaki East,27149.51277589798,1.007824596437585,100.0,100.0,3.0491537893696843,27149.51277589798,2.3064689895523176,41.45634121834593,0.0,0.0,27149.51277589798,False,False,False,0,Relatively Better Served
KANO_W105,Dawakin Tofa,Dawaki West,22233.994185447693,0.2825936666551468,99.96784330878896,100.0,1.4808078346005709,22233.994185447693,2.364769273300434,42.78809517828485,0.0,0.0,22233.994185447693,False,False,False,0,Relatively Better Served
KANO_W106,Dawakin Tofa,Dawanau,98071.73553156853,1.5153826172505835,100.0,100.0,3.589431978692011,98071.73553156853,1.2847254352622366,87.02878278345737,0.0,0.0,98071.73553156853,False,False,False,0,Relatively Better Served
KANO_W107,Dawakin Tofa,Ganduje,23467.54290318489,2.0440540479596323,94.8410143461022,100.0,4.835783744684681,23467.54290318489,1.4789937315801198,16.092358421217124,0.0,0.0,23467.54290318489,False,False,False,0,Relatively Better Served
KANO_W108,Dawakin Tofa,Gargari,43409.82552909851,1.486127291096482,88.89328286869194,100.0,5.042299973274182,43409.82552909851,1.7263654247173,22.43262271460057,0.0,0.0,43409.82552909851,False,False,False,0,Relatively Better Served
KANO_W109,Dawakin Tofa,Jalli,40162.44495844841,1.5772471389036302,95.68339445649076,100.0,5.573332341467395,40162.44495844841,1.2662104748377825,33.34770224948417,0.0,0.0,40162.44495844841,False,False,False,0,Relatively Better Served
KANO_W110,Dawakin Tofa,Kwa,28900.380245685577,0.9963199800800234,100.0,100.0,2.048930804664706,28900.380245685577,1.241588230184381,16.632143538870718,0.0,0.0,28900.380245685577,False,False,False,0,Relatively Better Served
KANO_W111,Dawakin Tofa,Marke,48419.74295783043,1.273245799728266,95.80942665623812,100.0,4.655206739858354,48419.74295783043,1.354687642773125,18.979595712514776,0.0,0.0,48419.74295783043,False,False,False,0,Relatively Better Served
KANO_W112,Dawakin Tofa,Tattarawa,29552.52535843849,1.8140400356908983,92.80994054613365,100.0,5.296411897658439,29552.52535843849,0.91450295100594,10.250496621773102,0.0,0.0,29552.52535843849,False,False,False,0,Relatively Better Served
KANO_W113,Dawakin Tofa,Tumfafi,75784.21090984344,1.288525046380966,98.32859960637973,100.0,4.186306075966586,75784.21090984344,1.0252272358888124,70.72956587519536,0.0,0.0,75784.21090984344,False,False,False,0,Relatively Better Served
KANO_W114,Doguwa,Dadin Kowa,34138.73034656048,3.753737357839961,86.76605603441257,99.18602735059945,9.219927645429845,34138.73034656048,1.580259909853623,7.248015462031195,0.0,0.0,34138.73034656048,False,False,False,0,Relatively Better Served
KANO_W115,Doguwa,Dariyar Shere,15075.104060411451,6.28020711157244,46.26967603438219,75.7923486433728,16.970017424889924,15075.104060411451,2.124975863493167,5.248116321989189,12.872155692542636,0.0,15075.104060411451,False,True,True,2,Compound Underserved
KANO_W116,Doguwa,Dogon Kawo,22825.217678785324,3.304337122557586,67.77403218187982,96.336645624414,11.12771842390137,22825.217678785324,0.8042525227308776,5.700313089068291,0.0,0.0,22825.217678785324,False,False,True,1,Single-Dimension Underserved
KANO_W117,Doguwa,Doguwa,26254.71422982216,1.4840501076411656,97.61028652551404,100.0,7.89193334147289,26254.71422982216,1.042390650867556,6.392432557770655,0.0,0.0,26254.71422982216,False,False,False,0,Relatively Better Served
KANO_W118,Doguwa,Falgore,37270.93701219559,1.5662772047960805,93.77515579470918,97.57271334869247,9.52977036113317,37270.93701219559,0.8000143892777202,5.865988835228809,0.0,0.0,37270.93701219559,False,False,False,0,Relatively Better Served
KANO_W119,Doguwa,Maraku,19388.52417564392,3.815174910021871,64.11714083749212,94.68299355849186,10.378226899504607,19388.52417564392,2.3302156523002724,5.736231668617108,1.097327385543447,0.0,19388.52417564392,False,True,True,2,Compound Underserved
KANO_W120,Doguwa,Riruwai,21745.184274196625,4.166593955837779,72.30289555218086,87.95173562269409,14.339269052304315,21745.184274196625,1.244796499162378,2.768622213588129,1.633426541939568,0.0,21745.184274196625,False,True,False,1,Single-Dimension Underserved
KANO_W121,Doguwa,Tagwaye,19780.243477344517,2.8705536829015483,93.25571623060632,96.19822423959332,12.83293286712948,19780.243477344517,1.521401180724583,6.54929883098152,0.4346898579247037,0.0,19780.243477344517,False,False,False,0,Relatively Better Served
KANO_W122,Doguwa,Unguwar Natsohuwa,14245.234813451769,5.281125317957692,69.53600493091663,88.35433046748929,17.57480763263316,14245.234813451769,1.0135045876296909,3.693162705474133,11.624242412165406,0.0,14245.234813451769,False,True,False,1,Single-Dimension Underserved
KANO_W123,Doguwa,Zainabi,24553.09049201012,4.647839192487567,57.60453911461892,89.47684159396847,12.214397904625423,24553.09049201012,1.6244719321845618,3.446928467617257,2.8293662920418288,0.0,24553.09049201012,False,True,True,2,Compound Underserved
KANO_W124,Fagge,Fagge A,21010.16823577881,0.7360065172228752,100.0,100.0,1.1796648038114,21010.16823577881,0.859496176214369,294.0514801072823,0.0,0.0,21010.16823577881,False,False,False,0,Relatively Better Served
KANO_W125,Fagge,Fagge B,4685.191780090332,0.5726810338764712,100.0,100.0,0.9187568401787294,4685.191780090332,0.8590146443240101,294.1533056828796,0.0,0.0,4685.191780090332,False,False,False,0,Relatively Better Served
KANO_W126,Fagge,Fagge C,10101.682329177856,0.8494366396973334,100.0,100.0,1.08768056804603,10101.682329177856,0.8807921629455486,297.5640661873244,0.0,0.0,10101.682329177856,False,False,False,0,Relatively Better Served
KANO_W127,Fagge,Fagge D1,4411.782623291016,0.5604751173931566,100.0,100.0,0.5604751173931566,4411.782623291016,0.8580972396144356,294.0,0.0,0.0,4411.782623291016,False,False,False,0,Relatively Better Served
KANO_W128,Fagge,Fagge D2,21891.856940746307,1.6365006582289616,100.0,100.0,2.443020466823689,21891.856940746307,0.8129369595281581,278.50919775049715,0.0,0.0,21891.856940746307,False,False,False,0,Relatively Better Served
KANO_W129,Fagge,Kwachiri,166962.76798653603,1.351637345449164,99.80975636964978,100.0,3.005163704877857,166962.76798653603,0.6840135437046407,211.2724197255245,0.0,0.0,166962.76798653603,False,False,False,0,Relatively Better Served
KANO_W130,Fagge,Rijiyar Lemo,38690.50396347046,1.1537238284486764,100.0,100.0,1.7394336894177207,38690.50396347046,0.8127794041140658,237.3893515763956,0.0,0.0,38690.50396347046,False,False,False,0,Relatively Better Served
KANO_W131,Fagge,Sabon Gari East,43938.46072053909,0.7226096365549315,100.0,100.0,2.2167148784338213,43938.46072053909,0.7664880696316698,242.43605754459745,0.0,0.0,43938.46072053909,False,False,False,0,Relatively Better Served
KANO_W132,Fagge,Sabon Gari West,25856.611166000366,1.0817463382727577,100.0,100.0,1.49194767669394,25856.611166000366,0.8329483702870405,282.6024790503192,0.0,0.0,25856.611166000366,False,False,False,0,Relatively Better Served
KANO_W133,Fagge,Yammata,51146.59191703797,1.435685301173626,100.0,100.0,1.6908940627156577,51146.59191703797,0.756317365330971,195.21774498865204,0.0,0.0,51146.59191703797,False,False,False,0,Relatively Better Served
KANO_W134,Gabasawa,Gabasawa,52927.08869194984,2.684466915871788,86.39652010093025,98.03212992533588,8.337513820158089,52927.08869194984,0.8333101670251656,12.149198399126892,0.0,0.0,52927.08869194984,False,False,False,0,Relatively Better Served
KANO_W135,Gabasawa,Garun Danga,43471.14401483536,2.764647549956175,87.26297050762219,100.0,6.815156364014248,43471.14401483536,0.9876398993514004,9.460919383343432,0.0,0.0,43471.14401483536,False,False,False,0,Relatively Better Served
KANO_W136,Gabasawa,Joda,28405.73940372467,5.925488708111634,63.76633990060927,72.49479558933587,14.744934336079172,28405.73940372467,0.4575326914918785,4.460966337329157,3.7215587114495694,0.0,28405.73940372467,True,True,True,3,Critical Underserved
KANO_W137,Gabasawa,Karmami,33564.32561326027,2.321785901922826,88.78946617909104,97.0011837173765,7.499886036111651,33564.32561326027,0.6366450903286391,12.462920461268158,0.0,0.0,33564.32561326027,False,False,False,0,Relatively Better Served
KANO_W138,Gabasawa,Mekiya,47392.77117872238,2.600088030493759,83.49387145073685,100.0,7.787349785558612,47392.77117872238,0.6953736162302181,6.9369978011573386,0.0,0.0,47392.77117872238,False,False,False,0,Relatively Better Served
KANO_W139,Gabasawa,Tarauni,16585.90804719925,3.177152545627335,80.79524825439162,100.0,7.585701716595945,16585.90804719925,0.6116832446562622,9.77576244628501,0.0,0.0,16585.90804719925,True,False,False,1,Single-Dimension Underserved
KANO_W140,Gabasawa,Yautar Arewa,24548.45909166336,4.27116675276528,69.56212919923172,96.3557528254168,7.898156103141971,24548.45909166336,0.6828781909662445,5.617165779901258,0.0,0.0,24548.45909166336,False,True,False,1,Single-Dimension Underserved
KANO_W141,Gabasawa,Yautar Kudu,43056.72741103172,3.662175062345519,71.5230553155832,94.090240044633,8.433831503582951,43056.72741103172,0.692185760273638,12.109447899622037,0.0,0.0,43056.72741103172,False,False,False,0,Relatively Better Served
KANO_W142,Gabasawa,Yumbu,21010.183431625366,4.063849732913497,54.47275658670816,100.0,8.721414738418476,21010.183431625366,0.6106521348757382,4.4468423868549545,0.0,0.0,21010.183431625366,True,True,True,3,Critical Underserved
KANO_W143,Gabasawa,Zakirai,33067.38787722588,0.7237532645277132,100.0,100.0,2.595642190961948,33067.38787722588,0.8719301396128271,13.34139317742556,0.0,0.0,33067.38787722588,False,False,False,0,Relatively Better Served
KANO_W144,Gabasawa,Zugachi,34554.24743318558,4.067340237973877,63.88084907512985,94.21914220050864,9.985876793441784,34554.24743318558,0.6673866018657885,9.976935286276763,0.0,0.0,34554.24743318558,False,True,True,2,Compound Underserved
KANO_W145,Garko,Dal,25683.29281592369,2.8455798440349547,77.07801131085486,98.99359102176592,9.452801287011011,25683.29281592369,1.0220378576837996,7.905359507976986,0.0,0.0,25683.29281592369,False,False,False,0,Relatively Better Served
KANO_W146,Garko,Garin Ali,28029.41776585579,2.7122474341296177,79.68048243684854,93.4448863553549,10.373134309993826,28029.41776585579,0.3966381356731259,4.005484655435843,0.0,0.0,28029.41776585579,True,False,False,1,Single-Dimension Underserved
KANO_W147,Garko,Garko,61503.04936790466,0.7115980847988298,100.0,100.0,2.618580987233856,61503.04936790466,0.9268147608992168,13.061241345059257,0.0,0.0,61503.04936790466,False,False,False,0,Relatively Better Served
KANO_W148,Garko,Gurjiya,31266.79181075096,3.747666173247064,80.21505758501513,87.9772603573616,11.052988508540611,31266.79181075096,0.7739829833232572,10.266780406005426,0.0,0.0,31266.79181075096,False,False,False,0,Relatively Better Served
KANO_W149,Garko,Kafin Malamai,35540.994270563126,3.302697524478775,71.08955441094584,85.6533929409982,10.11421185537624,35540.994270563126,0.7956480524912589,15.425973364402418,0.0,0.0,35540.994270563126,False,False,False,0,Relatively Better Served
KANO_W150,Garko,Katumari,21477.0840280056,3.5458319726439007,80.87666891268807,99.30662357472345,9.436635247665068,21477.0840280056,0.703926260101024,10.793642490714335,0.0,0.0,21477.0840280056,False,False,False,0,Relatively Better Served
KANO_W151,Garko,Kwas,26535.08460044861,4.843731592969276,48.8319450736797,94.45126898761532,9.829716781625905,26535.08460044861,0.8920494705517663,5.565223716058875,0.0,0.0,26535.08460044861,False,True,True,2,Compound Underserved
KANO_W152,Garko,Raba,32359.28558063507,5.396439491910964,41.00617307055834,90.63643710986578,9.338534992115823,32359.28558063507,0.570247163499674,7.210465126471317,0.0,0.0,32359.28558063507,True,True,True,3,Critical Underserved
KANO_W153,Garko,Sarina,34067.781299591064,3.405148126969355,73.20789943165575,100.0,8.0251663123242,34067.781299591064,0.7426631778106914,11.770073729889626,0.0,0.0,34067.781299591064,False,False,False,0,Relatively Better Served
KANO_W154,Garko,Zakarawa,44037.64643788338,5.572407778934523,53.93789447724612,79.63176209919735,13.331308063838389,44037.64643788338,0.6912870197248913,6.100853903670711,4.983609257953197,0.0,44037.64643788338,False,True,True,2,Compound Underserved
KANO_W155,Garum Mallam,Chiromawa,39495.024658203125,1.5063018861641144,100.0,100.0,2.569694452882984,39495.024658203125,1.6711796493653424,26.21845044381608,0.2837310846999548,0.0,39495.024658203125,False,False,False,0,Relatively Better Served
KANO_W156,Garum Mallam,Dakasoye,27249.177635908127,0.7087589897606383,100.0,100.0,3.3455741581056464,27249.177635908127,1.2985435723063772,26.58818799951988,0.0,0.0,27249.177635908127,False,False,False,0,Relatively Better Served
KANO_W157,Garum Mallam,Dorawar Sallau,16789.279750347137,1.524432058680054,100.0,100.0,2.42105950912914,16789.279750347137,1.8197212440245136,33.373062149872155,0.0,0.0,16789.279750347137,False,False,False,0,Relatively Better Served
KANO_W158,Garum Mallam,Fankurun,9915.744256734848,1.0290126580697558,100.0,100.0,4.366516012635556,9915.744256734848,1.2426572293145166,18.611846122036745,0.0,0.0,9915.744256734848,False,False,False,0,Relatively Better Served
KANO_W159,Garum Mallam,Garun Babba,22145.97734260559,1.5959621719379196,100.0,100.0,1.9911269807614385,22145.97734260559,1.0269101703812726,14.036157109664432,1.3154096874476904,0.0,22145.97734260559,False,False,False,0,Relatively Better Served
KANO_W160,Garum Mallam,Garun Malam,28762.40452694893,1.321759216354214,100.0,100.0,4.366516012635556,28762.40452694893,1.343453112901799,20.34002539084539,0.0,0.0,28762.40452694893,False,False,False,0,Relatively Better Served
KANO_W161,Garum Mallam,Jobawa,16439.13120532036,3.538021354736416,48.34171390553334,100.0,8.253918195404767,16439.13120532036,0.675003180497032,7.300786703251255,0.0,0.0,16439.13120532036,False,False,True,1,Single-Dimension Underserved
KANO_W162,Garum Mallam,Kadawa,20430.679079532623,0.8018285042291587,100.0,100.0,2.069483382876866,20430.679079532623,0.9074256227395238,16.171296273531755,0.0,0.0,20430.679079532623,False,False,False,0,Relatively Better Served
KANO_W163,Garum Mallam,Makwaro,25820.67198586464,1.2928904184358316,91.92805577653893,100.0,4.366516012635556,25820.67198586464,1.1095665755794126,14.916806222446416,0.0,0.0,25820.67198586464,False,False,False,0,Relatively Better Served
KANO_W164,Garum Mallam,Yada Kwari,20909.92188596725,1.6116179286140382,100.0,100.0,3.131916538367726,20909.92188596725,1.710853033775767,30.41214983175153,0.0,0.0,20909.92188596725,False,False,False,0,Relatively Better Served
KANO_W165,Gaya,Balan,30474.14916396141,4.647345928889008,64.72404584452059,96.79627696081668,8.670589014330961,30474.14916396141,0.5392982567827976,6.213848264487807,0.0,0.0,30474.14916396141,True,True,True,3,Critical Underserved
KANO_W166,Gaya,Gamarya,19484.152621507645,3.7899204674211178,69.58073978324776,100.0,7.393809973044346,19484.152621507645,0.5071472651357367,7.089856139119723,0.0,0.0,19484.152621507645,True,True,False,2,Compound Underserved
KANO_W167,Gaya,Gamoji,20930.187529325485,5.723046834178782,56.153978981439344,75.81164705850092,15.036313947045004,20930.187529325485,0.4284951636725778,1.9182056486550327,16.8542267124983,0.0,20930.187529325485,True,True,True,3,Critical Underserved
KANO_W168,Gaya,Gaya North,84436.5729906559,1.552601207839196,95.98694733059384,99.05011994530678,7.238624660584932,84436.5729906559,0.6793048085298212,14.743219839436051,0.9498800546932252,0.0,84436.5729906559,False,False,False,0,Relatively Better Served
KANO_W169,Gaya,Gaya South,60222.25958275795,1.2772258322520682,99.9772448567411,100.0,4.598502197004028,60222.25958275795,0.5941458300967192,13.60454378026176,0.0,0.0,60222.25958275795,True,False,False,1,Single-Dimension Underserved
KANO_W170,Gaya,Kademi,56489.81666302681,2.0710349654294844,92.16830928701263,100.0,5.353005639233008,56489.81666302681,0.9289452225983144,13.597095416330616,0.0,0.0,56489.81666302681,False,False,False,0,Relatively Better Served
KANO_W171,Gaya,Kazurawa,36138.66147708893,3.987553646567892,57.31056229445532,99.72430968078204,8.6993296064813,36138.66147708893,0.6990385423968412,7.187224314667372,0.0,0.0,36138.66147708893,False,True,True,2,Compound Underserved
KANO_W172,Gaya,Maimakawa,49401.224858284,3.518949474615149,68.22802332558894,96.6911900090452,9.674423058949015,49401.224858284,0.9751188758231382,3.8963948698173976,0.0,0.0,49401.224858284,False,False,True,1,Single-Dimension Underserved
KANO_W173,Gaya,Shagogo,51781.8307390213,3.954760335844971,59.5505834093808,100.0,7.840207017260374,51781.8307390213,0.6648379062764658,14.46667398736786,0.0,0.0,51781.8307390213,False,True,True,2,Compound Underserved
KANO_W174,Gaya,Wudilawa,20884.108263015747,1.4854199688451837,100.0,100.0,4.296168936605124,20884.108263015747,0.8681115941478701,19.85852254995613,0.0,0.0,20884.108263015747,False,False,False,0,Relatively Better Served
KANO_W175,Gezawa,Babawa,86329.19391274452,2.6432798166309124,93.93530738108178,100.0,5.557382974592726,86329.19391274452,0.3988317334192023,91.54353897045642,0.0,0.0,86329.19391274452,True,False,False,1,Single-Dimension Underserved
KANO_W176,Gezawa,Gawo,22370.71760725975,2.527388446720652,89.64442886675687,100.0,4.962768599644159,22370.71760725975,0.5996478466476541,13.603029811386374,0.0,0.0,22370.71760725975,True,False,False,1,Single-Dimension Underserved
KANO_W177,Gezawa,Gezawa,42951.56576991081,1.880616742612344,94.43996717647823,100.0,5.604895173961562,42951.56576991081,0.8105799465791089,20.36523647665288,0.0,0.0,42951.56576991081,False,False,False,0,Relatively Better Served
KANO_W178,Gezawa,Jogana,81403.46664071083,1.617610601358724,94.87818736642922,100.0,5.011090147251909,81403.46664071083,0.6588186085711144,33.03043357141029,0.0,0.0,81403.46664071083,False,False,False,0,Relatively Better Served
KANO_W179,Gezawa,Ketawa,63508.14157438278,2.862823810707696,88.43104686874081,100.0,4.855818088512328,63508.14157438278,0.64226185900551,20.562685868912904,0.0,0.0,63508.14157438278,False,False,False,0,Relatively Better Served
KANO_W180,Gezawa,Mesar Tudu,38385.3818693161,2.507720906429297,95.50328671895105,100.0,5.063938798688259,38385.3818693161,0.5188099754736206,13.755931314534198,0.0,0.0,38385.3818693161,True,False,False,1,Single-Dimension Underserved
KANO_W181,Gezawa,Sararin Gezawa,26853.15255689621,2.063209794331435,87.8663115804806,100.0,5.0382052650409,26853.15255689621,0.7450234318346265,19.890002388469668,0.0,0.0,26853.15255689621,False,False,False,0,Relatively Better Served
KANO_W182,Gezawa,Tsamiya Babba,128425.96181225777,2.2435958272340777,99.44432152931502,100.0,4.626724438100967,128425.96181225777,0.4537222196620483,103.34971313890684,0.0,0.0,128425.96181225777,True,False,False,1,Single-Dimension Underserved
KANO_W183,Gezawa,Tumbau,24141.225328445435,4.255527489184283,53.84987648543576,100.0,7.610952033224465,24141.225328445435,0.5193728364337887,6.614949725541189,0.0,0.0,24141.225328445435,True,True,True,3,Critical Underserved
KANO_W184,Gezawa,Wangara,38648.41859912872,4.144593754402287,59.51256321597533,88.92979845331894,11.836448262698111,38648.41859912872,0.6222729835286409,15.520375627268542,0.0,0.0,38648.41859912872,True,True,True,3,Critical Underserved
KANO_W185,Gezawa,Zango,66622.09300208092,2.632793752468525,85.47665090016916,100.0,7.643930371166212,66622.09300208092,0.403225501544537,16.000332200354396,0.0,0.0,66622.09300208092,True,False,False,1,Single-Dimension Underserved
KANO_W186,Gwale,Dandago,11300.713973999023,0.9999963564759756,100.0,100.0,1.0710432771854028,11300.713973999023,0.793434304548492,280.1973439594084,0.0,0.0,11300.713973999023,False,False,False,0,Relatively Better Served
KANO_W187,Gwale,Diso,11166.22183227539,0.4989470824429477,100.0,100.0,1.1779910528503017,11166.22183227539,0.8500720144999264,292.8547757982769,0.0,0.0,11166.22183227539,False,False,False,0,Relatively Better Served
KANO_W188,Gwale,Dorayi,364719.1042802334,1.5154328235818328,100.0,100.0,2.711711999650932,364719.1042802334,0.6364269313295727,205.19697018537957,0.0,0.0,364719.1042802334,True,False,False,1,Single-Dimension Underserved
KANO_W189,Gwale,Galadanchi,22005.976974487305,1.0685168357287735,100.0,100.0,1.1350206974918993,22005.9769744873,0.8003360692349254,281.82058109258617,0.0,3.637978807091713e-12,22005.976974487305,False,False,False,0,Relatively Better Served
KANO_W190,Gwale,Goron Dutse,16381.674552679062,0.6475102994927919,100.0,100.0,1.224085208837795,16381.674552679062,0.7642598907639895,259.8581059097941,0.0,0.0,16381.674552679062,False,False,False,0,Relatively Better Served
KANO_W191,Gwale,Gwale,14429.323318004608,1.2409805585859273,100.0,100.0,1.397964866532167,14429.323318004608,0.7836509021222196,278.0229387934162,0.0,0.0,14429.323318004608,False,False,False,0,Relatively Better Served
KANO_W192,Gwale,Gyaranya,13923.644790649414,0.7062526425305141,100.0,100.0,0.7014355931241927,13923.644790649414,0.8012162424363175,282.1860578452503,0.0,0.0,13923.644790649414,False,False,False,0,Relatively Better Served
KANO_W193,Gwale,Kabuga,122864.51647615431,1.51946019373357,100.0,100.0,2.955605698183456,122864.51647615431,0.6282724298351448,215.12938418313863,0.0,0.0,122864.51647615431,True,False,False,1,Single-Dimension Underserved
KANO_W194,Gwale,Mandawari,18334.27052307129,0.7795956298155944,100.0,100.0,1.171618481969124,18334.27052307129,0.8016492154765067,282.50028939213894,0.0,0.0,18334.27052307129,False,False,False,0,Relatively Better Served
KANO_W195,Gwale,Sani Mai Nagge,42695.18185162544,0.9610770642811528,100.0,100.0,1.6536726998575788,42695.18185162544,0.8070929882247989,277.73537394742823,0.0,0.0,42695.18185162544,False,False,False,0,Relatively Better Served
KANO_W196,Gwarzo,Getso,46848.29147553444,3.595490872587587,85.53637223725403,100.0,6.503656463717416,46848.29147553444,1.4930073001010002,24.667612444329933,0.0,0.0,46848.29147553444,False,False,False,0,Relatively Better Served
KANO_W197,Gwarzo,Gwarzo,34334.948858737946,0.8924700753926315,100.0,100.0,1.9488342171667128,34334.948858737946,1.0073446983926289,21.02091649037725,0.0,0.0,34334.948858737946,False,False,False,0,Relatively Better Served
KANO_W198,Gwarzo,Jama'A,11535.081839323044,1.7309562334103803,98.14808213638388,99.9728214111232,6.125891079142391,11535.081839323044,1.347854742538772,8.311784146723637,0.0,0.0,11535.081839323044,False,False,False,0,Relatively Better Served
KANO_W199,Gwarzo,Kara,35663.72525191307,2.804168728575235,78.89700754973474,100.0,7.172079865224449,35663.72525191307,1.1492307120251264,14.717100964772444,0.0,0.0,35663.72525191307,False,False,False,0,Relatively Better Served
KANO_W200,Gwarzo,Kutama,51635.00675821304,1.7529626308329926,94.279521237954,100.0,5.460295900357389,51635.00675821304,1.022326637305275,17.37341596440562,0.0,0.0,51635.00675821304,False,False,False,0,Relatively Better Served
KANO_W201,Gwarzo,Lakwaya,70697.78695869446,4.276738495867207,59.88136166413075,99.7458637514905,8.734289743917895,70697.78695869446,0.8161472512287847,12.191591106870188,0.0,0.0,70697.78695869446,False,True,True,2,Compound Underserved
KANO_W202,Gwarzo,Madadi,37764.86453819275,4.313322901114514,57.85289059319872,98.5211653425536,8.211708585521508,37764.86453819275,0.8327346667965383,8.040358140645708,0.0,0.0,37764.86453819275,False,True,True,2,Compound Underserved
KANO_W203,Gwarzo,Mainika,22412.89573502541,3.3243294439552664,74.84623516728415,100.0,6.921475198323853,22412.89573502541,0.7739787029798421,11.817175164535946,0.0,0.0,22412.89573502541,False,False,False,0,Relatively Better Served
KANO_W204,Gwarzo,Sabon Birni,21694.23192834854,3.165935464500107,78.61684631509469,100.0,6.079331538726641,21694.23192834854,1.357584835716715,14.238497116595507,0.0,0.0,21694.23192834854,False,False,False,0,Relatively Better Served
KANO_W205,Gwarzo,Unguwar Tudu,42029.64623093605,3.876121668662848,69.79352028615699,100.0,8.787279710146333,42029.64623093605,0.7709387662929097,13.256406919362476,0.0,0.0,42029.64623093605,False,True,False,1,Single-Dimension Underserved
KANO_W206,Kabo,Dugabau,20947.9741666317,3.2662006578923704,76.35969946649978,99.57014483469398,8.489928745061821,20947.9741666317,0.5300516374543411,3.95834547507309,0.0,0.0,20947.9741666317,True,False,False,1,Single-Dimension Underserved
KANO_W207,Kabo,Durun,16994.924002170563,2.1263490918541628,74.87152102830797,100.0,5.735944986637634,16994.924002170563,1.4072371483475463,10.629543614549734,0.0,0.0,16994.924002170563,False,False,False,0,Relatively Better Served
KANO_W208,Kabo,Gammo,23415.953518867493,4.016946375886188,59.42013595948932,98.65193256211604,7.822839443600212,23415.953518867493,0.7857680669815689,8.81342977506347,0.0,0.0,23415.953518867493,False,True,True,2,Compound Underserved
KANO_W209,Kabo,Garo,68251.44174146652,1.5975994166762912,99.97710030760705,100.0,4.465532957470156,68251.44174146652,1.3344496154244163,22.397233108995152,0.0,0.0,68251.44174146652,False,False,False,0,Relatively Better Served
KANO_W210,Kabo,Godiya,47544.99382448197,3.287928775120342,73.82401422536924,100.0,6.150791770602165,47544.99382448197,1.0405033956777336,16.824721288344705,0.0,0.0,47544.99382448197,False,False,False,0,Relatively Better Served
KANO_W211,Kabo,Gude,26724.13530445099,1.580015160705014,94.348126449867,100.0,5.191615096180145,26724.13530445099,1.034611238676984,16.216448881364624,0.0,0.0,26724.13530445099,False,False,False,0,Relatively Better Served
KANO_W212,Kabo,Hawadin Galadima,12261.558168411257,2.582655045321691,86.21794775425458,100.0,5.253594546297628,12261.558168411257,1.4442519528043714,9.553503396075335,0.0,0.0,12261.558168411257,False,False,False,0,Relatively Better Served
KANO_W213,Kabo,Kabo,39269.683455228806,2.0194363347647526,89.90840517682842,100.0,6.220498551055326,39269.683455228806,2.226283440149577,19.45637688719196,0.0,0.0,39269.683455228806,False,False,False,0,Relatively Better Served
KANO_W214,Kabo,Kanwa,18964.09841442108,2.759671562810221,79.90264608177787,100.0,7.05023131894499,18964.09841442108,1.0900306528302832,11.077281332672404,0.0,0.0,18964.09841442108,False,False,False,0,Relatively Better Served
KANO_W215,Kabo,Masanawa,17363.239748954773,4.155760033051587,66.00591864869465,97.71941975852816,9.143812238118478,17363.239748954773,0.4422343067347425,3.1171514341451374,0.0,0.0,17363.239748954773,True,True,True,3,Critical Underserved
KANO_W216,Kano Municipal,Chedi,17088.220916748047,0.5049985899413698,100.0,100.0,0.5206483656355446,17088.220916748047,0.8420750977190484,290.7265858904605,0.0,0.0,17088.220916748047,False,False,False,0,Relatively Better Served
KANO_W217,Kano Municipal,Dan Agundi,13177.07901120186,1.0898483461034332,100.0,100.0,1.5569676372560417,13177.07901120186,0.8180613447818463,286.8395906563869,0.0,0.0,13177.07901120186,False,False,False,0,Relatively Better Served
KANO_W218,Kano Municipal,Gandu Albasa,63552.255291461945,1.316916913869462,100.0,100.0,1.7164598924509626,63552.255291461945,0.7403553076466246,268.5206354220611,0.0,0.0,63552.255291461945,False,False,False,0,Relatively Better Served
KANO_W219,Kano Municipal,Jakara,10346.181594848633,0.305647897588552,100.0,100.0,0.6729742143869926,10346.181594848633,0.83648573483416,288.1525934832307,0.0,0.0,10346.181594848633,False,False,False,0,Relatively Better Served
KANO_W220,Kano Municipal,Kan Karofi,22157.384843349457,0.9454757687393104,100.0,100.0,1.217056764768005,22157.384843349457,0.8396647013906963,291.0495022610693,0.0,0.0,22157.384843349457,False,False,False,0,Relatively Better Served
KANO_W221,Kano Municipal,Shahuchi,15298.19793319702,0.5230274571225048,100.0,100.0,0.5230274571225048,15298.19793319702,0.8515359458455665,293.0,0.0,0.0,15298.19793319702,False,False,False,0,Relatively Better Served
KANO_W222,Kano Municipal,Sharada,59435.54341816902,1.2489655143458782,100.0,100.0,1.6470782775421762,59435.54341816902,0.7486892468932581,267.65552101914875,0.0,0.0,59435.54341816902,False,False,False,0,Relatively Better Served
KANO_W223,Kano Municipal,She She,10644.321807861328,0.5834088068868601,100.0,100.0,0.697070514890714,10644.321807861328,0.8365969955186175,289.8775994007015,0.0,0.0,10644.321807861328,False,False,False,0,Relatively Better Served
KANO_W224,Kano Municipal,Tudun Nufawa,9268.949157714844,0.6065385307712314,100.0,100.0,0.658394279831112,9268.949157714844,0.8204398027297942,286.2579167670947,0.0,0.0,9268.949157714844,False,False,False,0,Relatively Better Served
KANO_W225,Kano Municipal,Tudun Wazurchi,23992.487313985825,0.3899151201342838,100.0,100.0,0.9055381695738932,23992.487313985825,0.8585179814300966,294.4964798261434,0.0,0.0,23992.487313985825,False,False,False,0,Relatively Better Served
KANO_W226,Kano Municipal,Yakasai,27750.157355308533,0.7948265402959647,100.0,100.0,1.1745511597755844,27750.157355308533,0.8442032104928738,292.0169662603287,0.0,0.0,27750.157355308533,False,False,False,0,Relatively Better Served
KANO_W227,Kano Municipal,Zaitawa,28596.736989974976,0.506887143119296,100.0,100.0,0.5421035448510805,28596.736989974976,0.8464460397082177,291.23471902221803,0.0,0.0,28596.736989974976,False,False,False,0,Relatively Better Served
KANO_W228,Kano Municipal,Zango,18466.421295166016,0.6724302456090225,100.0,100.0,0.755523570825783,18466.421295166016,0.8463051967273023,292.0939629507817,0.0,0.0,18466.421295166016,False,False,False,0,Relatively Better Served
KANO_W229,Karaye,Daura,20978.516822338104,2.617968969953562,89.80860268145548,99.74510780555455,5.96659778787124,20978.516822338104,1.3162663699052526,14.57121470285215,0.0,0.0,20978.516822338104,False,False,False,0,Relatively Better Served
KANO_W230,Karaye,Kafin Dabga,23176.963044166565,4.262352841283525,59.65811835063819,99.70749874525988,7.910278631900051,23176.963044166565,0.991471227447916,8.64488332382257,0.0,0.0,23176.963044166565,False,True,True,2,Compound Underserved
KANO_W231,Karaye,Kurugu,20579.93715000153,1.3233415866958624,94.77891451716091,100.0,3.1807031877498173,20579.93715000153,1.3359529185757373,17.37202414961239,0.0,0.0,20579.93715000153,False,False,False,0,Relatively Better Served
KANO_W232,Karaye,Kwanyawa,28291.342821121216,3.117662680121677,84.61935180610428,99.29775735834713,6.101656814425015,28291.342821121216,1.3008870835028428,9.106111071608035,0.0,0.0,28291.342821121216,False,False,False,0,Relatively Better Served
KANO_W233,Karaye,Magaji Hajji,24853.62136054039,1.9018634847417704,99.0118481707439,100.0,5.181650307463969,24853.62136054039,1.4718210483556218,20.663263142491967,0.0,0.0,24853.62136054039,False,False,False,0,Relatively Better Served
KANO_W234,Karaye,Magajin Gari,33174.80266427994,0.734337107669772,100.0,100.0,1.7816223665546622,33174.80266427994,1.4612347019630745,21.38687565371293,0.0,0.0,33174.80266427994,False,False,False,0,Relatively Better Served
KANO_W235,Karaye,Tudun Kaya,23715.160064458847,5.156542930296814,42.06213965189736,83.60404836832099,8.185859560531044,23715.160064458847,0.9551221921488924,6.752113967527136,0.0,0.0,23715.160064458847,False,True,True,2,Compound Underserved
KANO_W236,Karaye,Turawa,32651.643099546432,2.707447733347232,80.99641192779985,97.91179023606573,7.636195745931743,32651.643099546432,0.6854623812974316,8.125006169207493,0.0,0.0,32651.643099546432,False,False,False,0,Relatively Better Served
KANO_W237,Karaye,Yammedi,20860.11385035515,2.848343694266651,83.96274674038517,100.0,7.311276387424757,20860.11385035515,1.298034716743698,12.88381766996053,0.0,0.0,20860.11385035515,False,False,False,0,Relatively Better Served
KANO_W238,Karaye,Yola,11230.604593515396,2.907299026030519,75.17601260908779,100.0,6.293243983650756,11230.604593515396,1.0338814366200049,8.783004105182872,0.0,0.0,11230.604593515396,False,False,False,0,Relatively Better Served
KANO_W239,Kibiya,Durba,14227.265533208849,1.98412949622948,91.70261970826996,100.0,5.2517540803555525,14227.265533208849,1.4477542097536236,14.17204818143231,0.0,0.0,14227.265533208849,False,False,False,0,Relatively Better Served
KANO_W240,Kibiya,Fammar,21177.797415733337,3.184884353657493,70.63257024059342,99.14163630645632,8.599915373686258,21177.797415733337,1.049695409183368,8.365964847560859,0.0,0.0,21177.797415733337,False,False,False,0,Relatively Better Served
KANO_W241,Kibiya,Fassi,48668.62436294556,4.8607418745575846,57.4938821846546,86.03288730113475,12.365532221595211,48668.62436294556,0.6681164207351673,5.9527495122100165,0.0,0.0,48668.62436294556,False,True,True,2,Compound Underserved
KANO_W242,Kibiya,Kadigawa,9896.152205228806,2.599905251773249,86.1881906138678,99.51200948841606,5.387841115375904,9896.152205228806,1.2301309559280245,9.503436562089256,0.0,0.0,9896.152205228806,False,False,False,0,Relatively Better Served
KANO_W243,Kibiya,Kahu,41642.98987603188,4.385556582354547,58.57474602599866,96.94525420942747,9.056322345220494,41642.98987603188,0.7211458662069419,10.061315540350098,0.0,0.0,41642.98987603188,False,True,True,2,Compound Underserved
KANO_W244,Kibiya,Kibiya 1,25239.913744449612,2.234563529906256,80.71937072310487,100.0,4.115308375052606,25239.913744449612,1.34398931227781,18.90790125407745,0.0,0.0,25239.913744449612,False,False,False,0,Relatively Better Served
KANO_W245,Kibiya,Kibiya 2,16369.628731250765,1.5741238874124532,97.75217904010096,100.0,4.925710977822438,16369.628731250765,1.3441869615301798,16.694526931362187,0.0,0.0,16369.628731250765,False,False,False,0,Relatively Better Served
KANO_W246,Kibiya,Nariya,22977.37984013557,3.5130920578313454,65.03404639736576,100.0,6.204733856429213,22977.37984013557,1.0535490572779898,14.650453665551357,0.0,0.0,22977.37984013557,False,False,True,1,Single-Dimension Underserved
KANO_W247,Kibiya,Tarai,25802.037469625477,2.473988015988986,81.77898763802762,98.27010214517284,11.348892442297778,25802.037469625477,1.030680197122557,12.051634349812623,1.3455237174941344,0.0,25802.037469625477,False,False,False,0,Relatively Better Served
KANO_W248,Kibiya,Unguwar Gai,21078.79191470146,2.174124882590892,93.73503013303296,100.0,5.1591278600354,21078.79191470146,1.115627185968668,11.718275896481304,0.0,0.0,21078.79191470146,False,False,False,0,Relatively Better Served
KANO_W249,Kiru,Baawa,45581.84206485748,5.540022890290559,62.19076122921884,72.10073235090245,17.39241857401079,45581.84206485748,0.5729218637001692,1.5648480370903224,9.603989692605325,0.0,45581.84206485748,True,True,True,3,Critical Underserved
KANO_W250,Kiru,Badafi,49897.09845435619,4.117268323979823,72.58054724381466,84.48118919467838,11.779118057242314,49897.09845435619,0.9007029791907534,7.347848458308682,0.0339934013577298,0.0,49897.09845435619,False,True,False,1,Single-Dimension Underserved
KANO_W251,Kiru,Bargoni,49621.10081171989,3.9829389849902648,70.10383283000947,95.55536255394868,7.983281388232765,49621.10081171989,0.9339082048094536,8.972052233172656,0.0,0.0,49621.10081171989,False,True,False,1,Single-Dimension Underserved
KANO_W252,Kiru,Bauda,17257.104536533356,3.724045343157526,80.92536890658856,93.9769823158712,8.63367969620753,17257.104536533356,0.4789319407924494,4.160148100991731,6.023017684128802,0.0,17257.104536533356,True,False,False,1,Single-Dimension Underserved
KANO_W253,Kiru,Dangora,33435.30783319473,2.574422270243688,83.93753607665685,96.00391674545833,8.63367969620753,33435.30783319473,0.6950244223923459,7.607815775765687,0.0,0.0,33435.30783319473,False,False,False,0,Relatively Better Served
KANO_W254,Kiru,Dansoshiya,17936.17236971855,4.428915304363312,56.28784855354591,92.8575193079959,13.351556852716534,17936.17236971855,1.189255358493591,2.173926361593528,0.4627234624225955,0.0,17936.17236971855,False,True,True,2,Compound Underserved
KANO_W255,Kiru,Dashi,11485.352670431135,2.1061144019515057,83.8527178582239,87.30175711312013,8.424041777806902,11485.352670431135,1.2659666630882471,15.073060617152612,0.0,0.0,11485.352670431135,False,False,False,0,Relatively Better Served
KANO_W256,Kiru,Galadimawa,13565.169162273409,4.18469655167967,59.45831320370218,100.0,7.2428596026048275,13565.169162273409,0.8723542387654691,7.78050609379956,0.0,0.0,13565.169162273409,False,True,True,2,Compound Underserved
KANO_W257,Kiru,Kiru,71204.89597964287,1.5243723840340129,96.38318631819786,100.0,4.291785938272672,71204.89597964287,1.1484236741469434,14.400142491848609,0.0,0.0,71204.89597964287,False,False,False,0,Relatively Better Served
KANO_W258,Kiru,Kogo,23040.690415382385,3.8487682853969134,72.47841990368546,72.47841990368546,12.21398530721032,23040.690415382385,0.6024964656190285,7.331256337794185,0.0,0.0,23040.690415382385,True,True,False,2,Compound Underserved
KANO_W259,Kiru,Maraku,23669.96942639351,4.035209695505673,64.66352017283903,91.1942575790293,11.84961871551774,23669.96942639351,0.7612660596753988,9.288126212923698,1.4884161079593643,0.0,23669.96942639351,False,True,True,2,Compound Underserved
KANO_W260,Kiru,Tsaudawa,11463.591928958893,2.3997986774217592,91.91365354349897,91.91365354349897,3.864081175088269,11463.591928958893,1.1941066731263463,13.302259473671226,0.0,0.0,11463.591928958893,False,False,False,0,Relatively Better Served
KANO_W261,Kiru,Yako,26821.408928632736,3.668488633941889,80.45673499825591,80.45673499825591,13.947583153778636,26821.408928632736,0.9912682729274784,11.072601234306788,0.0,0.0,26821.408928632736,False,False,False,0,Relatively Better Served
KANO_W262,Kiru,Yalwa,69497.12743091583,1.87330111187256,91.71946246654774,98.40571609361616,9.870172827169782,69497.12743091583,0.7223095240921263,10.108790485873792,1.4256229857434433,0.0,69497.12743091583,False,False,False,0,Relatively Better Served
KANO_W263,Kiru,Zuwo,23033.242586374283,2.3209297330002543,73.94891051541158,100.0,7.033462011321935,23033.242586374283,0.9919395625065622,6.335665058678517,0.0,0.0,23033.242586374283,False,False,False,0,Relatively Better Served
KANO_W264,Kumbotso,Chalawa,43289.80251598358,2.6421469938280184,97.07611841496482,100.0,4.9014531050631085,43289.80251598358,0.4994765070019012,54.42833081597483,0.0,0.0,43289.80251598358,True,False,False,1,Single-Dimension Underserved
KANO_W265,Kumbotso,Chiranchi,198925.14441156387,2.2057559000204776,100.0,100.0,3.859563095839944,198925.14441156387,0.536329399238654,159.02229947064149,0.0,0.0,198925.14441156387,True,False,False,1,Single-Dimension Underserved
KANO_W266,Kumbotso,Dan Maliki,278711.66805434227,1.435146506531642,100.0,100.0,2.121654128172864,278711.66805434227,0.5927810779288627,212.2949857684419,0.0,0.0,278711.66805434227,True,False,False,1,Single-Dimension Underserved
KANO_W267,Kumbotso,Danbare,114465.84750008585,1.879060288123636,99.14628217139952,100.0,4.246072893406055,114465.84750008585,0.5534720904213355,133.59701645461618,0.0,0.0,114465.84750008585,True,False,False,1,Single-Dimension Underserved
KANO_W268,Kumbotso,Garun Gawa,83048.29761075974,1.2502607198996791,100.0,100.0,3.0049557081110034,83048.29761075974,0.5706032527941662,191.9495411845046,0.0,0.0,83048.29761075974,True,False,False,1,Single-Dimension Underserved
KANO_W269,Kumbotso,Kumbotso,39396.39269900322,1.8093570815981543,98.3249320997604,100.0,4.493752164746407,39396.39269900322,0.330414548649824,53.489523232726185,0.0,0.0,39396.39269900322,True,False,False,1,Single-Dimension Underserved
KANO_W270,Kumbotso,Kureken Sani,60094.16771411896,2.503084278490061,96.07467353075111,100.0,3.980917542507852,60094.16771411896,0.5189590083427608,137.10700515568865,0.0,0.0,60094.16771411896,True,False,False,1,Single-Dimension Underserved
KANO_W271,Kumbotso,Mariri,140039.119617939,1.8007401804397771,99.86198486577422,100.0,3.7912789214559353,140039.119617939,0.6090563617502527,163.10271338727233,0.0,0.0,140039.119617939,True,False,False,1,Single-Dimension Underserved
KANO_W272,Kumbotso,Naibawa,171205.67027902603,1.8785931637193192,97.47665071793531,100.0,4.449783594572359,171205.67027902603,0.5991082680985982,177.14944023769544,0.0,0.0,171205.67027902603,True,False,False,1,Single-Dimension Underserved
KANO_W273,Kumbotso,Panshekara,101506.5303285122,2.35952892435087,89.34790646499309,100.0,5.986506786542264,101506.5303285122,0.3908790740722052,56.50290315922478,0.0,0.0,101506.5303285122,True,False,False,1,Single-Dimension Underserved
KANO_W274,Kumbotso,Unguwar Rimi,42530.13511133194,2.222194126577268,99.72192883397548,100.0,4.498848910759722,42530.13511133194,0.4683986939228778,91.21479025652172,0.0,0.0,42530.13511133194,True,False,False,1,Single-Dimension Underserved
KANO_W275,Kunchi,Bumai,15435.597174167631,2.121670074647782,84.44808060904411,100.0,6.128902736242818,15435.597174167631,1.4104999007605634,9.41073938632864,0.0,0.0,15435.597174167631,False,False,False,0,Relatively Better Served
KANO_W276,Kunchi,Garun Sheme,12664.605396032332,2.976165743536007,74.29150937076906,100.0,6.150266358803656,12664.605396032332,0.7720324780974565,5.209609223784839,0.0,0.0,12664.605396032332,False,False,False,0,Relatively Better Served
KANO_W277,Kunchi,Gwarmai,35510.20523071289,4.083819839954258,71.73623832939273,92.7498598262624,7.364393620687088,35510.20523071289,1.0461033814400398,8.617732698698461,0.0,0.0,35510.20523071289,False,True,False,1,Single-Dimension Underserved
KANO_W278,Kunchi,Kasuwar Kuka,28648.821222305294,2.199044900874984,89.07725759327543,100.0,5.474592728303234,28648.821222305294,1.3188571905804622,10.276036800313772,0.0,0.0,28648.821222305294,False,False,False,0,Relatively Better Served
KANO_W279,Kunchi,Kunchi,19424.309900283813,2.727389390226119,77.66690381271141,100.0,6.094677253653067,19424.309900283813,1.5721771599586551,8.864406905430961,0.0,0.0,19424.309900283813,False,False,False,0,Relatively Better Served
KANO_W280,Kunchi,Matan Fada,22818.778262138367,2.906014860815925,69.69249216560837,100.0,5.980799784245192,22818.778262138367,1.9007545773263697,4.826815650888459,0.0,0.0,22818.778262138367,False,False,False,0,Relatively Better Served
KANO_W281,Kunchi,Ridawa,13479.20402765274,4.382085900776643,63.43612455956745,90.86171465347104,10.429246941703957,13479.20402765274,1.299493314070154,8.526345137169484,0.0,0.0,13479.20402765274,False,True,True,2,Compound Underserved
KANO_W282,Kunchi,Shamakawa,22933.429236888885,3.1506820119737307,66.91492077322553,97.79762379065738,7.221607901910348,22933.429236888885,1.2497528189627405,6.625859798612953,0.0,0.0,22933.429236888885,False,False,True,1,Single-Dimension Underserved
KANO_W283,Kunchi,Shuwaki,34506.36552619934,3.394882400419037,67.41711330502199,100.0,6.469729380038253,34506.36552619934,1.591971648186587,10.429927048609676,0.0,0.0,34506.36552619934,False,False,True,1,Single-Dimension Underserved
KANO_W284,Kunchi,Yandadi,25727.13948297501,2.399272539779118,80.51390105504136,98.97504529755192,6.502027439919269,25727.13948297501,1.680100401420232,11.187221894850335,0.0,0.0,25727.13948297501,False,False,False,0,Relatively Better Served
KANO_W285,Kura,Dalili,24966.067092895508,4.063168293577781,86.38750117573679,89.66719261486887,10.075929315513054,24966.067092895508,1.5280643476926974,29.247272815940143,0.0,0.0,24966.067092895508,False,True,False,1,Single-Dimension Underserved
KANO_W286,Kura,Dan Hassan,36843.61116313934,2.488590779839053,90.77100826283886,100.0,6.409741061257146,36843.61116313934,0.7941196583584027,15.665254870788454,0.0,0.0,36843.61116313934,False,False,False,0,Relatively Better Served
KANO_W287,Kura,Dukawa,23535.37387251854,2.631665551696166,84.83931276132462,100.0,6.436245125743813,23535.37387251854,0.7209780899507836,5.881327133116674,0.0,0.0,23535.37387251854,False,False,False,0,Relatively Better Served
KANO_W288,Kura,Gundutse,20832.010462760925,1.6449209352649932,100.0,100.0,2.8956001898480963,20832.010462760925,0.6711367824399423,27.286994750387134,0.0,0.0,20832.010462760925,False,False,False,0,Relatively Better Served
KANO_W289,Kura,Karfi,40829.94744992256,1.7511699876405178,99.41526261561032,100.0,5.545576229966027,40829.94744992256,0.7404152800474586,26.08575375499412,0.0,0.0,40829.94744992256,False,False,False,0,Relatively Better Served
KANO_W290,Kura,Kosawa,27897.959646701813,2.50081844137423,76.20411717010292,98.6312915832958,7.644111986375915,27897.959646701813,0.8218302273156295,17.266208562997466,0.0,0.0,27897.959646701813,False,False,False,0,Relatively Better Served
KANO_W291,Kura,Kura Sarki,39541.50338768959,0.4390204439052793,100.0,100.0,0.745506749119637,39541.50338768959,1.2015513776759146,28.857845632571788,0.0,0.0,39541.50338768959,False,False,False,0,Relatively Better Served
KANO_W292,Kura,Kurun Sumau,32261.195496559143,1.135314878453862,100.0,100.0,2.736914344939788,32261.195496559143,1.3478461018009025,31.60778880851847,0.0,0.0,32261.195496559143,False,False,False,0,Relatively Better Served
KANO_W293,Kura,Rigar Duka,30873.55360198021,1.5656298428777475,100.0,100.0,3.9006035686178433,30873.55360198021,0.7759802298123607,19.17035621183308,0.0,0.0,30873.55360198021,False,False,False,0,Relatively Better Served
KANO_W294,Kura,Tanawa,14539.18121767044,0.5696263426705414,100.0,100.0,1.8369103863343577,14539.181217670442,1.2518700735685142,30.55319307210879,0.0,-1.8189894035458565e-12,14539.18121767044,False,False,False,0,Relatively Better Served
KANO_W295,Madobi,Burji,14089.39015007019,2.6545570589373138,98.8413243031158,100.0,4.598243681668014,14089.39015007019,0.5734981834129239,21.9975635429203,0.0,0.0,14089.39015007019,True,False,False,1,Single-Dimension Underserved
KANO_W296,Madobi,Cinkoso,7920.3715624809265,2.1656026644615887,95.58225201903176,100.0,5.26513328818234,7920.3715624809265,0.3873081692670482,4.092368167313636,0.0,0.0,7920.3715624809265,True,False,False,1,Single-Dimension Underserved
KANO_W297,Madobi,Galinja,6475.866956472397,0.728714843525663,100.0,100.0,3.2446600453487955,6475.866956472397,0.2203177971878655,7.729848149881377,0.0,0.0,6475.866956472397,True,False,False,1,Single-Dimension Underserved
KANO_W298,Madobi,Gora,39827.11561369896,3.5146932414384024,68.32124658282733,92.17697188365534,8.959901812941222,39827.11561369896,0.8249610676837719,10.060217213932562,0.0,0.0,39827.11561369896,False,False,True,1,Single-Dimension Underserved
KANO_W299,Madobi,Kafin Agur,15162.483126878738,0.7562158615339662,100.0,100.0,3.033091454853553,15162.483126878738,0.7385373410712625,14.800779816453566,0.0,0.0,15162.483126878738,False,False,False,0,Relatively Better Served
KANO_W300,Madobi,Kanwa,28439.945814609528,3.5937891109385585,74.97857694033313,100.0,9.766806249385535,28439.945814609528,0.2965465993103167,8.722917913632338,0.0,0.0,28439.945814609528,True,False,False,1,Single-Dimension Underserved
KANO_W301,Madobi,Kauran Mata,20460.010513067245,3.5145729581769265,78.88105506001885,100.0,6.0555711355405535,20460.010513067245,0.2798742305009816,12.732093826688777,0.0,0.0,20460.010513067245,True,False,False,1,Single-Dimension Underserved
KANO_W302,Madobi,Kubaraci,43701.88676786423,3.954946990238808,52.24431020581586,94.8756753206552,6.194860631872027,43701.88676786423,1.0583920990478777,8.931032392119059,0.0,0.0,43701.88676786423,False,True,True,2,Compound Underserved
KANO_W303,Madobi,Kwankwaso,39595.7819018364,2.1759300490425457,94.04168694434044,100.0,5.3161089757274445,39595.7819018364,0.6219268349074375,9.676577440913354,0.0,0.0,39595.7819018364,True,False,False,1,Single-Dimension Underserved
KANO_W304,Madobi,Madobi,35583.91522574425,1.515880813889951,97.6595724552047,100.0,4.824609991039583,35583.91522574425,1.1121799988997343,12.444098102883729,0.0,0.0,35583.91522574425,False,False,False,0,Relatively Better Served
KANO_W305,Madobi,Rikadawa,26201.40384197235,1.606873015916093,93.73776124395953,99.30726629461988,7.783401286299682,26201.40384197235,0.918276006647225,5.945747378673533,0.0,0.0,26201.40384197235,False,False,False,0,Relatively Better Served
KANO_W306,Madobi,Yakun,7159.754047870636,2.598206852864042,77.03959760701898,100.0,8.74078868737705,7159.754047870636,1.300709035750637,14.118505317500468,0.0,0.0,7159.754047870636,False,False,False,0,Relatively Better Served
KANO_W307,Makoda,Babbar Ruga,33312.06169772148,1.597336098511664,90.46521678811466,96.56168511692894,6.974794909502987,33312.06169772148,1.57457236789923,26.319640937034137,0.0,0.0,33312.06169772148,False,False,False,0,Relatively Better Served
KANO_W308,Makoda,Durma,8543.574949264526,3.328205410695608,67.34878864743766,100.0,9.84819122592596,8543.574949264526,0.7049664615491906,11.731923571644431,0.0,0.0,8543.574949264526,False,False,True,1,Single-Dimension Underserved
KANO_W309,Makoda,Jibga,36933.28953075409,2.1153431949750967,82.0634482660414,99.78368926688934,7.296167237604093,36933.28953075409,0.9147980228028014,17.65251082349227,0.0,0.0,36933.28953075409,False,False,False,0,Relatively Better Served
KANO_W310,Makoda,Kadan Dani,30821.54685640335,3.2808712319606084,68.06780327337513,100.0,8.271281473410134,30821.54685640335,0.7964044285569072,9.051482543026152,0.0,0.0,30821.54685640335,False,False,True,1,Single-Dimension Underserved
KANO_W311,Makoda,Koguna,27478.046658992767,4.144161505188862,66.7216737466536,87.52157392311065,9.343562543566067,27478.046658992767,0.7262964462383283,10.57845392155686,0.0,0.0,27478.046658992767,False,True,True,2,Compound Underserved
KANO_W312,Makoda,Maitsidau,17253.511739253998,1.7189223636936135,100.0,100.0,3.773365722998144,17253.511739253998,1.1290888838798738,21.26239179630542,0.0,0.0,17253.511739253998,False,False,False,0,Relatively Better Served
KANO_W313,Makoda,Makoda,31443.963173151016,2.15807451692349,87.91282264909952,98.77150292162598,9.693992124812787,31443.963173151016,1.0475333066098995,13.700334338531189,0.0,0.0,31443.963173151016,False,False,False,0,Relatively Better Served
KANO_W314,Makoda,Satame,21305.74791574478,2.454900131934039,87.6384069588263,98.88342061580944,6.4704544004829385,21305.74791574478,0.6785759414094862,14.007109028329848,0.0,0.0,21305.74791574478,False,False,False,0,Relatively Better Served
KANO_W315,Makoda,Tabo,24722.61359381676,1.9551291718160848,82.0204814333388,99.04675546649106,7.28179049882609,24722.61359381676,0.6042360925406338,7.763226041353509,0.0,0.0,24722.61359381676,True,False,False,1,Single-Dimension Underserved
KANO_W316,Makoda,Tangaji,15944.268112421036,3.430092111514337,63.930332859015785,100.0,7.982255231556971,15944.268112421036,1.3143318234323618,10.826858491190253,0.0,0.0,15944.268112421036,False,False,True,1,Single-Dimension Underserved
KANO_W317,Makoda,Wailare,14910.067511081696,1.578024445353866,93.2525683219484,100.0,5.5001984811115845,14910.067511081696,1.0153948626778382,24.764885575630142,0.0,0.0,14910.067511081696,False,False,False,0,Relatively Better Served
KANO_W318,Minjibir,Azore,37096.74218964577,4.3096817130584535,53.7954377803475,94.14264892765893,7.604974873610905,37096.74218964577,0.353545529668253,12.763270451251218,0.0,0.0,37096.74218964577,True,True,True,3,Critical Underserved
KANO_W319,Minjibir,Gandurwawa,33819.99021434784,4.502878780654655,53.90585640216966,100.0,8.609923950010598,33819.99021434784,0.4929946995107536,13.239852841294637,0.0,0.0,33819.99021434784,True,True,True,3,Critical Underserved
KANO_W320,Minjibir,Kantama,33393.21419835091,2.0156654710213524,83.30380351753386,100.0,6.520654901088055,33393.21419835091,0.5992928238959763,16.87734388187633,0.0,0.0,33393.21419835091,True,False,False,1,Single-Dimension Underserved
KANO_W321,Minjibir,Kunya,88834.94932198524,1.9850869821592396,97.9875669889977,100.0,4.640660030277225,88834.94932198524,1.2346243789662568,29.98409509279928,0.0,0.0,88834.94932198524,False,False,False,0,Relatively Better Served
KANO_W322,Minjibir,Kuru,41203.961461782455,2.250743194891141,77.51545788475528,100.0,5.602601245819109,41203.961461782455,0.6756486112135965,19.187005766119007,0.0,0.0,41203.961461782455,False,False,False,0,Relatively Better Served
KANO_W323,Minjibir,Kwarkiya,37251.23609852791,2.572740052154952,96.20333289202604,100.0,4.804125127703399,37251.23609852791,0.6901651569880473,16.10084782834707,0.0,0.0,37251.23609852791,False,False,False,0,Relatively Better Served
KANO_W324,Minjibir,Minjibir,62926.31156206131,1.7776703498156816,100.0,100.0,3.272685313151614,62926.31156206131,0.9071800737885676,19.46176583927232,0.0,0.0,62926.31156206131,False,False,False,0,Relatively Better Served
KANO_W325,Minjibir,Sarbi,18778.786769390103,4.246617882288963,58.88224933892846,99.19279106114968,7.490897178329572,18778.786769390103,0.6884958836512937,9.001827964004283,0.0,0.0,18778.786769390103,False,True,True,2,Compound Underserved
KANO_W326,Minjibir,Tsakiya,23939.6731171608,3.6171703852667223,72.66007273818703,100.0,8.01601199018764,23939.6731171608,0.4114695997245396,18.03721360365114,0.0,0.0,23939.6731171608,True,False,False,1,Single-Dimension Underserved
KANO_W327,Minjibir,Tsakuwa,47722.11996507645,2.66313944526185,91.8685356323396,100.0,4.519485871371736,47722.11996507645,0.5961536722943187,14.381024619628027,0.0,0.0,47722.11996507645,True,False,False,1,Single-Dimension Underserved
KANO_W328,Minjibir,Wasai,52015.27007436752,2.09951435082131,88.91973996123676,100.0,5.631467480733585,52015.27007436752,0.5695947502278185,12.721068246947578,0.0,0.0,52015.27007436752,True,False,False,1,Single-Dimension Underserved
KANO_W329,Nassarawa,Dakata,54803.56644368172,0.8242427754962627,100.0,100.0,2.223480464408944,54803.56644368172,0.6484050702727746,217.3332380770604,0.0,0.0,54803.56644368172,False,False,False,0,Relatively Better Served
KANO_W330,Nassarawa,Gama,51902.1364736557,0.7726718081230666,100.0,100.0,1.807883590155566,51902.1364736557,0.6983014131940924,240.5713948015154,0.0,0.0,51902.1364736557,False,False,False,0,Relatively Better Served
KANO_W331,Nassarawa,Gawuna,16862.368128299713,0.6200395731809478,100.0,100.0,1.2273756205312778,16862.368128299713,0.7969345380938421,269.5595498632996,0.0,0.0,16862.368128299713,False,False,False,0,Relatively Better Served
KANO_W332,Nassarawa,Giginyu,201996.51729106903,1.1802045568770732,100.0,100.0,1.8215474716588649,201996.51729106903,0.736482659908654,252.43330772001656,0.0,0.0,201996.51729106903,False,False,False,0,Relatively Better Served
KANO_W333,Nassarawa,Gwagwarwa,15968.326427459717,1.1084311959788602,100.0,100.0,1.2643229048251925,15968.326427459717,0.782455850607992,267.5048476232278,0.0,0.0,15968.326427459717,False,False,False,0,Relatively Better Served
KANO_W334,Nassarawa,Hotoro North,175799.07468128204,1.4783661426188286,100.0,100.0,2.535775604460375,175799.07468128204,0.6667888596599337,216.90389065577597,0.0,0.0,175799.07468128204,False,False,False,0,Relatively Better Served
KANO_W335,Nassarawa,Hotoro South,54607.61873149872,0.5438866106107423,100.0,100.0,1.6101276790760377,54607.61873149872,0.7526291437701966,237.38369143989996,0.0,0.0,54607.61873149872,False,False,False,0,Relatively Better Served
KANO_W336,Nassarawa,Kaura Goje,101803.73725438118,1.4261999017948856,100.0,100.0,2.0406599410045683,101803.73725438118,0.6388241920785978,217.85277605657956,0.0,0.0,101803.73725438118,False,False,False,0,Relatively Better Served
KANO_W337,Nassarawa,Kawaji,127740.56569647788,1.600852699036769,100.0,100.0,3.205587438237714,127740.56569647788,0.6720221872197005,220.4629542099923,0.0,0.0,127740.56569647788,False,False,False,0,Relatively Better Served
KANO_W338,Nassarawa,Tudun Murtala,88796.23459529877,1.646896653435875,100.0,100.0,2.0769207781898147,88796.23459529877,0.611753604720081,209.93944479279784,0.0,0.0,88796.23459529877,True,False,False,1,Single-Dimension Underserved
KANO_W339,Nassarawa,Tudun Wada,34267.52355480194,0.8397847382279415,100.0,100.0,1.825036569385176,34267.52355480194,0.823812559221096,276.90332607674355,0.0,0.0,34267.52355480194,False,False,False,0,Relatively Better Served
KANO_W340,Rano,Lausu,25470.089806318283,3.43542877815204,83.88411303760701,99.98527670211682,6.969264313057883,25470.089806318283,0.7578806559182081,12.71204131257865,0.0,0.0,25470.089806318283,False,False,False,0,Relatively Better Served
KANO_W341,Rano,Madachi,35625.957082509995,3.5274629286301105,71.91271237127934,94.87949199964063,7.854795868085612,35625.957082509995,0.702879205809584,12.249068975867928,0.138915196826466,0.0,35625.957082509995,False,False,False,0,Relatively Better Served
KANO_W342,Rano,Rano Dawaki,29647.27742862701,2.4753630948436696,86.93381631823223,100.0,5.659378025196952,29647.27742862701,1.0047566791480205,15.025014889311231,0.0,0.0,29647.27742862701,False,False,False,0,Relatively Better Served
KANO_W343,Rano,Rano Sabon Gari,47958.424636125565,1.8325255086221532,99.77183110800208,100.0,4.355547414048804,47958.424636125565,1.0873482600975273,18.466496456285796,0.0,0.0,47958.424636125565,False,False,False,0,Relatively Better Served
KANO_W344,Rano,Rurum Sabon Gari,33805.13409614563,1.7561313490504842,90.25832531249772,99.44263030069683,7.485219067002952,33805.13409614563,0.9804291159273746,4.748102725517346,0.0,0.0,33805.13409614563,False,False,False,0,Relatively Better Served
KANO_W345,Rano,Rurum Tsohon Gari,30602.616366624832,2.925991647864808,83.235633018209,88.05631244634797,14.670017249925364,30602.616366624832,0.9415144979005052,5.210386477405651,0.0,0.0,30602.616366624832,False,False,False,0,Relatively Better Served
KANO_W346,Rano,Saji,25126.01541519165,6.4632675823206025,51.25197439612323,81.20933418837652,15.35744966606557,25126.01541519165,0.486154949373372,3.468065579081496,14.88913035501303,0.0,25126.01541519165,True,True,True,3,Critical Underserved
KANO_W347,Rano,Yalwa,34560.574634075165,3.994005937426424,64.49984402651675,94.15198151529712,11.172191039254628,34560.574634075165,0.7155763915868739,5.127981414559501,1.0386059968712458,0.0,34560.574634075165,False,True,True,2,Compound Underserved
KANO_W348,Rano,Zinyau,19399.24674654007,3.299516715340268,80.29807398549306,100.0,9.193647498300797,19399.24674654007,0.7414056352296837,7.378945620489376,0.0,0.0,19399.24674654007,False,False,False,0,Relatively Better Served
KANO_W349,Rano,Zurgu,30004.029193639755,4.561605587936652,46.75226907180311,96.84147587135118,8.006970815365497,30004.029193639755,0.8008021283866722,7.908186768560968,0.0,0.0,30004.029193639755,False,True,True,2,Compound Underserved
KANO_W350,Rimin Gado,Butu-Butu,22027.975883960724,3.604527719625324,68.7222673361473,100.0,7.127777308336017,22027.975883960724,0.9128762672540977,12.935281258624494,0.0,0.0,22027.975883960724,False,False,False,0,Relatively Better Served
KANO_W351,Rimin Gado,Dawakin Gulu,2212.833703994751,2.5589259293964166,90.27297961590035,100.0,4.64574270589506,2212.833703994751,1.1634288205719288,4.867649569869568,0.0,0.0,2212.833703994751,False,False,False,0,Relatively Better Served
KANO_W352,Rimin Gado,Doka Dawa,19934.940731048584,3.453073359722713,72.80880820744912,100.0,7.281580977118123,19934.940731048584,1.0560490659782156,17.534929730729548,0.0,0.0,19934.940731048584,False,False,False,0,Relatively Better Served
KANO_W353,Rimin Gado,Dugurawa,10192.902290582657,2.7391946833223084,80.61468423814516,100.0,5.341010242902085,10192.902290582657,1.4529888861398832,17.299738907547336,0.0,0.0,10192.902290582657,False,False,False,0,Relatively Better Served
KANO_W354,Rimin Gado,Gulu,24801.377804279327,2.4911198334487894,87.56526380171755,100.0,6.843846565050473,24801.377804279327,1.3229293493907992,7.445201673812358,0.0,0.0,24801.377804279327,False,False,False,0,Relatively Better Served
KANO_W355,Rimin Gado,Jili,16988.444175958633,3.2970307227902427,77.43422095076488,99.97627706501945,9.070170785249251,16988.444175958633,1.6055287118327073,12.441317540653486,0.0,0.0,16988.444175958633,False,False,False,0,Relatively Better Served
KANO_W356,Rimin Gado,Karofin Yashi,11955.282813072205,1.1938782348222867,100.0,100.0,2.972491240258796,11955.282813072205,1.1450811407809818,10.513985926291042,0.0,0.0,11955.282813072205,False,False,False,0,Relatively Better Served
KANO_W357,Rimin Gado,Rimin Gado,26785.5610935688,1.9191850727009332,83.1081014246816,99.28013379240448,10.942351905901868,26785.5610935688,2.1509841677947104,28.898313972833744,0.0,0.0,26785.5610935688,False,False,False,0,Relatively Better Served
KANO_W358,Rimin Gado,Sakara Tsa,10601.250041246414,3.2905440113940494,92.1343284852692,100.0,7.573579981491214,10601.250041246414,0.7065692209564303,11.084253881639649,0.0,0.0,10601.250041246414,False,False,False,0,Relatively Better Served
KANO_W359,Rimin Gado,Tamawa,12603.04921078682,2.0487393129504965,89.31197692695467,100.0,8.066322975525793,12603.04921078682,1.5098704989805332,8.22722944111381,0.0,0.0,12603.04921078682,False,False,False,0,Relatively Better Served
KANO_W360,Rimin Gado,Yalwan Danziyal,18904.0281457901,1.2906235955391288,99.95371996049111,100.0,3.923846490887954,18904.0281457901,1.1664454748441453,12.652605837154423,0.0,0.0,18904.0281457901,False,False,False,0,Relatively Better Served
KANO_W361,Rimin Gado,Zango,14091.147215366364,2.3877803662871178,90.06509484558725,100.0,8.46617483391735,14091.147215366364,1.6961929552233002,24.392739390081257,0.0,0.0,14091.147215366364,False,False,False,0,Relatively Better Served
KANO_W362,Rogo,Beli,33321.369710206985,2.3683633535371205,86.08277950229144,93.31501151642324,12.813857959336367,33321.369710206985,0.8782307066793776,10.08263644228469,0.0,0.0,33321.369710206985,False,False,False,0,Relatively Better Served
KANO_W363,Rogo,Falgore,42211.47146272659,5.301757222513104,49.96223249636533,89.98293899363784,12.344841967502742,42211.47146272659,0.5983190809021948,3.7835004028564927,0.7583859453291741,0.0,42211.47146272659,True,True,True,3,Critical Underserved
KANO_W364,Rogo,Fulatan,38374.30983901024,3.4746582994095463,68.78644256722696,96.98108413403286,8.132032278272566,38374.30983901024,0.7765646201213667,4.742822913476868,0.0,0.0,38374.30983901024,False,False,False,0,Relatively Better Served
KANO_W365,Rogo,Gwangwan,36553.89067983627,3.278748985300258,67.47338352843319,99.47380896599915,8.253477239442178,36553.89067983627,0.8260711013675827,6.287766457988388,0.0,0.0,36553.89067983627,False,False,True,1,Single-Dimension Underserved
KANO_W366,Rogo,Jajaye,31628.20753657818,6.704151582717092,40.80459104800372,79.98830432074972,10.267099048193025,31628.20753657818,0.714165251180779,1.832829757274923,0.0,0.0,31628.20753657818,False,True,True,2,Compound Underserved
KANO_W367,Rogo,Rogo Ruma,31962.745903253555,7.177100412231185,39.74758517667662,69.88882280511136,14.316247700902982,31962.745903253555,0.72062949802474,7.539934292984976,10.601376340048194,0.0,31962.745903253555,False,True,True,2,Compound Underserved
KANO_W368,Rogo,Rogo Sabon Gari,38057.31451201439,0.8856718164663778,99.300851344951,99.300851344951,2.589916346154552,38057.31451201439,1.2327509564892818,13.187611544809403,0.0,0.0,38057.31451201439,False,False,False,0,Relatively Better Served
KANO_W369,Rogo,Ruwan Bago,57883.68446946144,4.0162756070841885,65.23913456410338,97.01100925379468,7.232129829721439,57883.68446946144,0.8569564506249061,6.154866231614639,0.0,0.0,57883.68446946144,False,True,True,2,Compound Underserved
KANO_W370,Rogo,Zarewa,40037.51608371735,2.5961791884218086,83.25158620631285,100.0,6.963781258952625,40037.51608371735,0.7819848411998717,7.181147754619005,0.0,0.0,40037.51608371735,False,False,False,0,Relatively Better Served
KANO_W371,Rogo,Zoza,38602.81891822815,4.513111705414783,62.80021494187626,80.20257204869645,12.813857959336367,38602.81891822815,0.843384554436798,5.5259454791423686,0.0,0.0,38602.81891822815,False,True,True,2,Compound Underserved
KANO_W372,Shanono,Alajawa,21685.21953487396,3.20210731538471,72.99273616443023,100.0,7.0584394673887445,21685.21953487396,0.7825172987889323,8.069089876050452,0.0,0.0,21685.21953487396,False,False,False,0,Relatively Better Served
KANO_W373,Shanono,Dutsen Bakoshi,40829.42319869995,3.828563529317296,73.5208086673284,84.31598018475582,9.82728851397892,40829.42319869995,0.7026552037460713,8.012804940893913,0.0,0.0,40829.42319869995,False,True,False,1,Single-Dimension Underserved
KANO_W374,Shanono,Faruruwa,20316.1949505806,2.8884228130611658,84.79464851232906,91.02384037125786,10.067150979551698,20316.1949505806,1.113797498031416,7.2408747369796576,0.0,0.0,20316.1949505806,False,False,False,0,Relatively Better Served
KANO_W375,Shanono,Goron Dutse,26471.876638889316,3.3272900116036306,76.5229367878295,99.9298023406487,6.68074756215153,26471.876638889316,0.8542334517785144,5.766603250426933,0.0,0.0,26471.876638889316,False,False,False,0,Relatively Better Served
KANO_W376,Shanono,Kadamu,30388.7479224205,3.757398074216293,65.99855549453977,100.0,7.7061879846828445,30388.7479224205,0.8869684517479365,7.551064084288074,0.0,0.0,30388.7479224205,False,True,True,2,Compound Underserved
KANO_W377,Shanono,Kokiya,27236.005802631375,3.5746442249609918,74.13152715297127,100.0,5.949053893198235,27236.005802631375,0.7502616700048923,10.093385685715552,0.0,0.0,27236.005802631375,False,False,False,0,Relatively Better Served
KANO_W378,Shanono,Leni,13215.01634144783,2.7128501643393634,80.4898901621219,100.0,6.03676038379151,13215.01634144783,1.1458596397804373,11.360998155361235,0.0,0.0,13215.01634144783,False,False,False,0,Relatively Better Served
KANO_W379,Shanono,Shakogi,26755.79702353477,4.097452151596276,54.27071046873782,100.0,7.929982759171585,26755.79702353477,0.9775226196068908,10.11059307626002,0.0,0.0,26755.79702353477,False,True,True,2,Compound Underserved
KANO_W380,Shanono,Shanono,55399.73110771179,2.112135119287004,89.78259195551429,100.0,6.781568412053884,55399.73110771179,1.302822855767775,14.9141330584072,0.0,0.0,55399.73110771179,False,False,False,0,Relatively Better Served
KANO_W381,Shanono,Tsaure,32465.493579149246,2.8556691057407857,79.45273619798976,100.0,7.070100177908503,32465.493579149246,0.949265775333666,8.069695102555166,0.0,0.0,32465.493579149246,False,False,False,0,Relatively Better Served
KANO_W382,Sumaila,Gala,47001.60040688515,2.3618984975147077,82.04719781040795,99.8881004553455,6.012609376866062,47001.60040688515,0.9132056125408404,9.65728740218439,0.1118995446545004,0.0,47001.60040688515,False,False,False,0,Relatively Better Served
KANO_W383,Sumaila,Gani,58674.94805884361,4.494296001618872,59.8640884571324,96.53605337291248,9.145607853060614,58674.94805884361,0.92855312934736,7.488419863586223,0.0,0.0,58674.94805884361,False,True,True,2,Compound Underserved
KANO_W384,Sumaila,Garfa,36573.0127966404,4.773888274380595,51.28015571552962,93.69588664208663,10.040058142189135,36573.0127966404,0.7293502548256343,9.8372578548606,0.0,0.0,36573.0127966404,False,True,True,2,Compound Underserved
KANO_W385,Sumaila,Gediya,51390.84586119652,4.131446262496873,64.11156518494649,89.95539237770863,12.810524537688243,51390.84586119652,0.8836285361497976,6.072982659320393,0.0,0.0,51390.84586119652,False,True,True,2,Compound Underserved
KANO_W386,Sumaila,Kanawa,32763.115164995197,2.2296507331328304,88.94507108399439,99.09574373058274,7.186672439933882,32763.115164995197,1.0571193279200397,8.714380214426484,0.0,0.0,32763.115164995197,False,False,False,0,Relatively Better Served
KANO_W387,Sumaila,Magami,58535.92874240875,4.6661225589167055,63.30337522849848,80.90582997104077,14.548805558395753,58535.92874240875,0.9371096567423942,4.406431740511358,5.356870982203519,0.0,58535.92874240875,False,True,True,2,Compound Underserved
KANO_W388,Sumaila,Massu,53879.07920587063,5.472783920730611,61.23948727565616,83.86307093118127,14.907387190428665,53879.07920587063,0.7227481347727169,3.05629278257598,4.571637209365504,0.0,53879.07920587063,False,True,True,2,Compound Underserved
KANO_W389,Sumaila,Rimi,42757.55121874809,2.780475594934239,85.54585742699565,97.36741026584863,8.335745650597246,42757.55121874809,1.4721493845760838,11.095420162097284,1.084433746328699,0.0,42757.55121874809,False,False,False,0,Relatively Better Served
KANO_W390,Sumaila,Rumo,26685.5370426178,3.5432187042282157,70.08488408404523,90.65631211144698,11.356392628295607,26685.5370426178,0.6954087161172992,6.445869561895435,3.5743355106657493,0.0,26685.5370426178,False,False,False,0,Relatively Better Served
KANO_W391,Sumaila,Sitti,45607.68698942661,5.37244628130721,57.86063700649184,75.78225443787163,15.88617817519288,45607.68698942661,0.8828584583999366,5.866678848644623,4.754765140929231,0.0,45607.68698942661,False,True,True,2,Compound Underserved
KANO_W392,Sumaila,Sumaila,55695.37650823593,1.6931996029444991,97.8096622939101,98.34720991607745,5.170848109560564,55695.37650823593,1.164082669263022,15.71187687858152,0.0,0.0,55695.37650823593,False,False,False,0,Relatively Better Served
KANO_W393,Takai,Bagwaro,26676.15706551075,2.468679287880976,77.17952153216002,94.5543434785814,11.096770146038876,26676.15706551075,1.2888041704742217,6.45613605020379,0.0,0.0,26676.15706551075,False,False,False,0,Relatively Better Served
KANO_W394,Takai,Durbunde,64324.04556274414,2.735481382303821,82.88142543545986,98.00523554730756,6.980495250275072,64324.04556274414,0.8331361400026639,12.648936597610556,0.0,0.0,64324.04556274414,False,False,False,0,Relatively Better Served
KANO_W395,Takai,Fajewa,38740.45190739632,3.683409532302208,67.63642037367954,99.42520910202956,8.002366488472592,38740.45190739632,1.2878938018722803,9.488501017360123,0.0,0.0,38740.45190739632,False,False,True,1,Single-Dimension Underserved
KANO_W396,Takai,Falali,31340.30530309677,2.3202893758986054,90.74607547381606,100.0,6.357335922043864,31340.30530309677,0.8416565396224317,10.12076929344986,0.0,0.0,31340.30530309677,False,False,False,0,Relatively Better Served
KANO_W397,Takai,Farun Ruwa,37682.06753706932,1.2308914358802414,99.068961321009,100.0,7.666921151834979,37682.06753706932,1.0315564363707692,7.463004680635526,0.0,0.0,37682.06753706932,False,False,False,0,Relatively Better Served
KANO_W398,Takai,Kachako,82189.4098482132,1.5208007446136853,96.66200191970714,99.59409787014144,8.96232933316718,82189.4098482132,0.8485484825145508,11.458422611448356,0.0,0.0,82189.4098482132,False,False,False,0,Relatively Better Served
KANO_W399,Takai,Karfi,27121.89370894432,2.590645250705212,82.25733686834168,100.0,6.333213855817473,27121.89370894432,1.0954251733784992,8.989997254674375,0.0,0.0,27121.89370894432,False,False,False,0,Relatively Better Served
KANO_W400,Takai,Kuka,27273.86196041107,3.895233939049685,68.92374574373473,100.0,7.431033675540619,27273.86196041107,0.657800156648958,10.697854805684797,0.0,0.0,27273.86196041107,False,True,False,1,Single-Dimension Underserved
KANO_W401,Takai,Takai,81534.72395372391,2.340339876774772,89.22923041511714,100.0,5.947837127378151,81534.72395372391,0.9884751420299872,15.827605768811154,0.0,0.0,81534.72395372391,False,False,False,0,Relatively Better Served
KANO_W402,Takai,Zuga,39519.34708738327,3.915207115667698,63.142373620221925,99.28532259212038,8.50081929416,39519.34708738327,0.6314309278354052,9.770291589697017,0.0,0.0,39519.34708738327,True,True,True,3,Critical Underserved
KANO_W403,Tarauni,Babban Giji,39371.632573366165,0.7884929156465853,100.0,100.0,1.5706916293350637,39371.632573366165,0.7544501757801311,265.39838968193567,0.0,0.0,39371.632573366165,False,False,False,0,Relatively Better Served
KANO_W404,Tarauni,Darmanawa,82599.93442821503,1.303797482493218,100.0,100.0,1.842111290186387,82599.93442821503,0.6212984059869041,219.3456408524424,0.0,0.0,82599.93442821503,True,False,False,1,Single-Dimension Underserved
KANO_W405,Tarauni,Daurawa,17272.833315849304,0.6054341448652634,100.0,100.0,1.498668109855664,17272.833315849304,0.8117313213035277,272.8347896018929,0.0,0.0,17272.833315849304,False,False,False,0,Relatively Better Served
KANO_W406,Tarauni,Gyadi Gyadi Arewa,8924.616729736328,1.0480226411002629,100.0,100.0,1.8752452792788064,8924.616729736328,0.8117589087094543,278.4089796165659,0.0,0.0,8924.616729736328,False,False,False,0,Relatively Better Served
KANO_W407,Tarauni,Gyadi Gyadi Kudu,11535.66261100769,0.586436675613021,100.0,100.0,0.869487191336854,11535.66261100769,0.8226818082036416,276.7461651096397,0.0,0.0,11535.66261100769,False,False,False,0,Relatively Better Served
KANO_W408,Tarauni,Hotoro,79935.41353750229,1.2074933563704473,100.0,100.0,2.4332844366520976,79935.41353750229,0.7612951340240772,240.05176652859183,0.0,0.0,79935.41353750229,False,False,False,0,Relatively Better Served
KANO_W409,Tarauni,Tarauni,33592.345363140106,1.0690482644271604,100.0,100.0,1.6383634058977343,33592.345363140106,0.8326393071613865,281.85394929774145,0.0,0.0,33592.345363140106,False,False,False,0,Relatively Better Served
KANO_W410,Tarauni,Unguwa Uku Cikin Gari,29759.60682106018,1.0779877834487754,100.0,100.0,1.2253587142410036,29759.60682106018,0.709872434530848,250.62473058766824,0.0,0.0,29759.60682106018,False,False,False,0,Relatively Better Served
KANO_W411,Tarauni,Unguwa Uku Kauyen Alu,73698.16828632355,0.9124546304007484,100.0,100.0,2.67614669585935,73698.16828632355,0.6777776309423977,230.4689619520076,0.0,0.0,73698.16828632355,False,False,False,0,Relatively Better Served
KANO_W412,Tarauni,Unguwar Gano,25287.874848127365,1.3331550237855576,100.0,100.0,1.9230051988705048,25287.874848127365,0.6714012523944867,225.56495477528225,0.0,0.0,25287.874848127365,False,False,False,0,Relatively Better Served
KANO_W413,Tofa,Dindere,9148.623517036438,1.0965042923736854,92.78830960573964,100.0,6.085626605959028,9148.623517036438,2.104616552284205,30.698163511475297,0.0,0.0,9148.623517036438,False,False,False,0,Relatively Better Served
KANO_W414,Tofa,Doka,14931.323156356812,1.1415773498955928,100.0,100.0,2.367543448389966,14931.323156356812,2.0575650683744526,35.82043322512904,0.0,0.0,14931.323156356812,False,False,False,0,Relatively Better Served
KANO_W415,Tofa,Gajida,9602.482651948929,1.191679257719359,88.12028155407653,100.0,5.107298101659956,9602.482651948929,1.611145736719582,24.56672859427452,0.0,0.0,9602.482651948929,False,False,False,0,Relatively Better Served
KANO_W416,Tofa,Ginsawa,10344.51134634018,1.2953952166412623,99.39625122351138,100.0,2.967338704726329,10344.51134634018,1.9149767810095732,29.18611269701297,0.0,0.0,10344.51134634018,False,False,False,0,Relatively Better Served
KANO_W417,Tofa,Janguza,17392.322745084763,1.2740337574372966,99.16187788764545,100.0,5.047129002726786,17392.322745084763,0.7660962654393758,45.65364885681721,0.0,0.0,17392.322745084763,False,False,False,0,Relatively Better Served
KANO_W418,Tofa,Jauben Kudu,9522.32709479332,1.480678661723612,100.0,100.0,4.154513842481844,9522.32709479332,1.377014066759479,27.31144403214545,0.0,0.0,9522.32709479332,False,False,False,0,Relatively Better Served
KANO_W419,Tofa,Kwami,5437.159482240677,1.6430088277338633,98.1014154532904,100.0,4.406001027121961,5437.159482240677,1.4387719911883718,27.27680078592281,0.0,0.0,5437.159482240677,False,False,False,0,Relatively Better Served
KANO_W420,Tofa,Lambu,27404.61713409424,1.1909922624796736,99.20503237191758,100.0,5.8171916636854135,27404.61713409424,1.1326243180887652,29.808745087980046,0.0,0.0,27404.61713409424,False,False,False,0,Relatively Better Served
KANO_W421,Tofa,Langel,17548.471397399902,1.9653334363497432,97.84485934846428,100.0,4.384266789612012,17548.471397399902,0.6376130115965064,45.50357494500272,0.0,0.0,17548.471397399902,False,False,False,0,Relatively Better Served
KANO_W422,Tofa,Tofa,30974.09759330749,0.9197535679923194,100.0,100.0,2.2144142026589706,30974.09759330749,2.878132574816345,43.800710450207305,0.0,0.0,30974.09759330749,False,False,False,0,Relatively Better Served
KANO_W423,Tofa,Unguwar Rimi,19878.798130750656,3.3174438976478497,87.6139435205344,100.0,5.988379490274095,19878.798130750656,0.8857403267663878,19.509979671672493,0.0,0.0,19878.798130750656,False,False,False,0,Relatively Better Served
KANO_W424,Tofa,Wangara,14813.595254421234,3.795169748006269,67.42662735044067,88.96945378998214,8.841272621204576,14813.595254421234,1.1334774131464114,19.633612375596776,0.0,0.0,14813.595254421234,False,True,True,2,Compound Underserved
KANO_W425,Tofa,Yalwa Karama,6409.275157690048,1.5575263882675978,98.57959241331726,100.0,4.879775985780909,6409.275157690048,1.6791459286644348,31.8824964662684,0.0,0.0,6409.275157690048,False,False,False,0,Relatively Better Served
KANO_W426,Tofa,Yanoko,18729.793099164963,0.3458186703328324,100.0,100.0,2.110825811567945,18729.793099164963,2.3858112595863314,38.91852766945478,0.0,0.0,18729.793099164963,False,False,False,0,Relatively Better Served
KANO_W427,Tofa,Yarimawa,10843.612566947935,1.946555809896117,91.2139011146986,100.0,5.752610905832038,10843.612566947935,0.7439110474971917,22.396289314653192,0.0,0.0,10843.612566947935,False,False,False,0,Relatively Better Served
KANO_W428,Tsanyawa,Daddarawa,15578.756290435793,6.076946236581485,39.98924709326656,71.54794073451698,14.435226095495718,15578.756290435793,0.7548495683311649,3.237665960946876,5.369005672993145,0.0,15578.756290435793,False,True,True,2,Compound Underserved
KANO_W429,Tsanyawa,Dunbulum,22638.36379933357,2.129523125904209,94.36367931922447,100.0,5.833468229114885,22638.36379933357,1.3414973104357657,9.142886672241652,0.0,0.0,22638.36379933357,False,False,False,0,Relatively Better Served
KANO_W430,Tsanyawa,Gozarki,17518.162175655365,3.910529624778804,69.70006210674084,96.1382184993003,9.951806684222724,17518.162175655365,1.300440408861148,4.54611269052969,0.0,0.0,17518.162175655365,False,True,False,1,Single-Dimension Underserved
KANO_W431,Tsanyawa,Gurun,26480.685334205627,2.903658465040811,70.08651997656195,100.0,7.41988286111452,26480.685334205627,1.0646252334798438,6.926874210611945,0.0,0.0,26480.685334205627,False,False,False,0,Relatively Better Served
KANO_W432,Tsanyawa,Kabagiwa,34509.61428451538,4.1137862347337375,63.581659510718126,93.94483484696372,8.157676907438942,34509.61428451538,1.043011107415215,7.056050165771136,0.0,0.0,34509.61428451538,False,True,True,2,Compound Underserved
KANO_W433,Tsanyawa,Tatsan,25276.440741300583,2.3273615224634363,80.70742192023233,99.98603372731276,7.5288638273893405,25276.440741300583,1.1805008010782134,8.63393223250749,0.0,0.0,25276.440741300583,False,False,False,0,Relatively Better Served
KANO_W434,Tsanyawa,Tsanyawa,29415.22591137886,2.0856708418779317,86.50998778507467,100.0,7.154289635239347,29415.22591137886,1.3078841166187634,12.355429754655455,0.0,0.0,29415.22591137886,False,False,False,0,Relatively Better Served
KANO_W435,Tsanyawa,Yanganau,21460.144567728043,4.37282663960434,62.72898409807086,94.9380537111163,9.015538541473592,21460.144567728043,1.023918097477741,5.207961153367104,0.0,0.0,21460.144567728043,False,True,True,2,Compound Underserved
KANO_W436,Tsanyawa,Yankamaye,33335.04125928879,2.7921994724977,79.49477410599954,100.0,8.138278413313493,33335.04125928879,1.0976970914434758,8.815708925308899,0.0,0.0,33335.04125928879,False,False,False,0,Relatively Better Served
KANO_W437,Tsanyawa,Zarogi,21105.848551273342,3.0758467103534013,69.37632566003451,100.0,7.4586913446166365,21105.848551273342,0.8783985873345286,7.600603942924388,0.0,0.0,21105.848551273342,False,False,False,0,Relatively Better Served
KANO_W438,Tudun Wada,Baburi,46754.18149924278,5.781457450052195,41.28739031405124,85.80225228090448,10.919714272482327,46754.18149924278,0.5510802047668796,4.364772443236716,0.4396590566832353,0.0,46754.18149924278,True,True,True,3,Critical Underserved
KANO_W439,Tudun Wada,Burum-Burum,45528.21933889389,3.4005832498811266,80.93679036076315,96.96118205860896,11.348892442297778,45528.21933889389,0.6974989783119162,6.913392622969892,0.0,0.0,45528.21933889389,False,False,False,0,Relatively Better Served
KANO_W440,Tudun Wada,Dalawa,43358.39196968079,4.503224544595949,68.92668657265799,85.65378774518844,11.65487371582827,43358.39196968079,0.5728210692781239,5.509610745719482,0.2683472605118129,0.0,43358.39196968079,True,True,False,2,Compound Underserved
KANO_W441,Tudun Wada,Jandutse,42792.77407622337,3.624775619613622,66.19319399470308,100.0,7.345451807450238,42792.77407622337,0.9362454613272488,10.34284173795966,0.0,0.0,42792.77407622337,False,False,True,1,Single-Dimension Underserved
KANO_W442,Tudun Wada,Jita,26882.609112620357,3.0429639063568668,77.47651813756173,100.0,7.054744745512502,26882.609112620357,0.967510485258542,7.492035853576106,0.0,0.0,26882.609112620357,False,False,False,0,Relatively Better Served
KANO_W443,Tudun Wada,Karefa,34298.20353937149,5.895279486325164,39.67370790574047,86.37861105630562,10.28762991785134,34298.20353937149,0.6252089963180516,5.427906939780791,0.0,0.0,34298.20353937149,True,True,True,3,Critical Underserved
KANO_W444,Tudun Wada,Nata-Ala,54152.15149855614,5.2512985326173816,55.49277337105488,82.77877244451408,14.595403197664506,54152.15149855614,0.5251671495720623,2.5650310490898667,1.4484487220179585,0.0,54152.15149855614,True,True,True,3,Critical Underserved
KANO_W445,Tudun Wada,Sabon Gari,40104.596873283386,1.812319274591392,93.54930772483698,100.0,6.133470950247227,40104.596873283386,0.9961714111770402,13.338831098767322,0.0,0.0,40104.596873283386,False,False,False,0,Relatively Better Served
KANO_W446,Tudun Wada,Shuwaki,28407.319559812546,2.69328902484625,80.79053965462552,99.98375956599794,6.124287154104422,28407.319559812546,0.9930035350113176,11.613192112283787,0.0,0.0,28407.319559812546,False,False,False,0,Relatively Better Served
KANO_W447,Tudun Wada,Tsohon Gari,32873.72949075699,1.5762709677113862,98.62775193003748,100.0,5.106452647459818,32873.72949075699,0.9422385868978396,13.104498809864618,0.0,0.0,32873.72949075699,False,False,False,0,Relatively Better Served
KANO_W448,Tudun Wada,Yaryasa,38996.5299243927,2.7851203385732344,80.38093603276776,95.6774899140516,11.069819866516532,38996.5299243927,1.0633431577633623,10.97771113602669,0.0,0.0,38996.5299243927,False,False,False,0,Relatively Better Served
KANO_W449,Ungogo,Bachirawa,179187.6437549591,1.8464857763213036,100.0,100.0,4.071343861760031,179187.6437549591,0.7200027171025802,173.23310619079643,0.0,0.0,179187.6437549591,False,False,False,0,Relatively Better Served
KANO_W450,Ungogo,Fanisau,48616.17567753792,1.272462815925831,99.72000465070757,100.0,3.251284206778159,48616.17567753792,0.566806838697695,106.70129574381788,0.0,0.0,48616.17567753792,True,False,False,1,Single-Dimension Underserved
KANO_W451,Ungogo,Gayawa,132173.87039351463,1.742245180204893,97.33710523016268,100.0,4.970583196025531,132173.87039351463,0.4416746567100094,120.85838275953768,0.0,0.0,132173.87039351463,True,False,False,1,Single-Dimension Underserved
KANO_W452,Ungogo,Kadawa,102957.72483706474,1.535868745886051,100.0,100.0,2.638646348661196,102957.72483706474,0.8289450174031612,161.59436572322304,0.0,0.0,102957.72483706474,False,False,False,0,Relatively Better Served
KANO_W453,Ungogo,Karo,20618.31839132309,0.383150648025049,99.96633234051804,100.0,3.1417496538568352,20618.31839132309,0.510518157691886,39.33523502574523,0.0,0.0,20618.31839132309,True,False,False,1,Single-Dimension Underserved
KANO_W454,Ungogo,Rangaza,108730.4357457161,1.947401276884946,99.47754287410278,100.0,5.043615092914802,108730.4357457161,0.4446549636448046,118.97039942756412,0.0,0.0,108730.4357457161,True,False,False,1,Single-Dimension Underserved
KANO_W455,Ungogo,Rijiyar Zaki,101369.39772629738,2.3365418439121712,98.52081430608877,100.0,5.19535914477565,101369.39772629738,0.541064728645923,161.86186028335376,0.0,0.0,101369.39772629738,True,False,False,1,Single-Dimension Underserved
KANO_W456,Ungogo,Tudun Fulani,257579.60654568672,1.9629348407276357,100.0,100.0,3.439490762307856,257579.60654568672,0.5659316672006652,178.29705038791124,0.0,0.0,257579.60654568672,True,False,False,1,Single-Dimension Underserved
KANO_W457,Ungogo,Ungogo,88427.56577372551,1.708319829822139,99.961631529561,100.0,4.2823079069358165,88427.56577372551,0.7778587936262934,110.2066558553544,0.0,0.0,88427.56577372551,False,False,False,0,Relatively Better Served
KANO_W458,Ungogo,Yada Kunya,61103.45094561577,2.5742761525588382,99.99367947268333,100.0,3.575862742850215,61103.45094561577,0.3656019582692222,68.34689427080424,0.0,0.0,61103.45094561577,True,False,False,1,Single-Dimension Underserved
KANO_W459,Ungogo,Zango,188218.1214795113,1.1347908916487632,100.0,100.0,2.65915097949052,188218.1214795113,0.4890642918627209,159.49457396005593,0.0,0.0,188218.1214795113,True,False,False,1,Single-Dimension Underserved
KANO_W460,Warawa,Amarawa,6501.049716949463,2.238393741822526,100.0,100.0,4.1569477758276925,6501.049716949463,0.7693249089786176,7.783678028301066,0.0,0.0,6501.049716949463,False,False,False,0,Relatively Better Served
KANO_W461,Warawa,Danlasan,9754.787987232208,1.8123007742139787,90.20678088627312,100.0,6.370127305415053,9754.787987232208,0.6790956785508709,8.65516405137393,0.0,0.0,9754.787987232208,False,False,False,0,Relatively Better Served
KANO_W462,Warawa,Garin Dau,28690.928049325943,2.1710480838686617,80.53477289125112,100.0,6.455510824575167,28690.928049325943,0.752966520875759,18.30087073558416,0.0,0.0,28690.928049325943,False,False,False,0,Relatively Better Served
KANO_W463,Warawa,Gogel,8027.991742134094,2.9022310895973926,88.35551323500914,88.35551323500914,18.61105730198591,8027.991742134094,0.8189294965698833,8.95010196359975,4.797532258111184,0.0,8027.991742134094,False,False,False,0,Relatively Better Served
KANO_W464,Warawa,Imawa,19776.486533164974,4.193682469250075,65.11380717468566,94.38169714305556,13.767877705140066,19776.486533164974,0.6451768722134287,6.043216862721581,4.6745694240098565,0.0,19776.486533164974,False,True,True,2,Compound Underserved
KANO_W465,Warawa,Jemagu,10588.644458532332,2.639854952919066,75.00438354953948,100.0,8.56208284418076,10588.644458532332,0.6631602509331292,10.788741616155022,0.0,0.0,10588.644458532332,False,False,False,0,Relatively Better Served
KANO_W466,Warawa,Jigawa,21080.07378935814,3.927452974282948,73.96454381019288,91.5885096314986,11.46643622931108,21080.07378935814,0.5120496025241793,3.610525587629585,0.0,0.0,21080.07378935814,True,True,False,2,Compound Underserved
KANO_W467,Warawa,Juma Galadima,36459.31873011589,2.489949907716652,94.63267408629966,100.0,6.646403530081587,36459.31873011589,0.5115653112418763,71.63702735837276,0.0,0.0,36459.31873011589,True,False,False,1,Single-Dimension Underserved
KANO_W468,Warawa,Katarkawa,17730.833084583282,5.875634262419701,48.3291469372197,78.73062170330896,13.19862998525378,17730.833084583282,0.4782795322408766,4.179947105384921,0.0242312578568198,0.0,17730.833084583282,True,True,True,3,Critical Underserved
KANO_W469,Warawa,Madari,25817.738194704056,3.2129852438818247,71.55007589826904,99.6307225201104,6.848985344036574,25817.738194704056,0.5497160373299045,8.69651564461486,0.3692774798895866,0.0,25817.738194704056,True,False,False,1,Single-Dimension Underserved
KANO_W470,Warawa,Tamburawar Gabas,19132.221601247787,3.181925691536068,73.00713411054062,99.98046785268288,6.920602409738489,19132.221601247787,0.3317230467172605,23.175747620930924,0.0195321473171061,0.0,19132.221601247787,True,False,False,1,Single-Dimension Underserved
KANO_W471,Warawa,Tanagar,25289.30944705009,2.9510868360834954,75.7374243421652,100.0,6.82528476305526,25289.30944705009,0.4527816735444706,20.180097916519603,0.0,0.0,25289.30944705009,True,False,False,1,Single-Dimension Underserved
KANO_W472,Warawa,Warawa,11058.20673918724,2.26911404240646,99.96497840143482,100.0,3.981226980553876,11058.20673918724,0.7330611833311296,12.964379025529938,0.0,0.0,11058.20673918724,False,False,False,0,Relatively Better Served
KANO_W473,Warawa,Yandalla,13790.930941343307,2.1860421703748725,91.40415779421976,100.0,8.47432165587035,13790.930941343307,0.4990301511719305,9.428028865750262,0.0,0.0,13790.930941343307,True,False,False,1,Single-Dimension Underserved
KANO_W474,Warawa,Yangizo,15375.028424263,9.810709529465088,51.37879866033451,55.26629957573999,19.710852466543365,15375.028424263,0.4499952591194153,4.450181210531778,35.35170867996357,0.0,15375.028424263,True,True,True,3,Critical Underserved
KANO_W475,Wudil,Achika,23672.907896518707,5.785060911322016,36.705303911492976,97.33723926335612,9.119104749091369,23672.907896518707,0.4373274042539841,7.483875103574429,0.0,0.0,23672.907896518707,True,True,True,3,Critical Underserved
KANO_W476,Wudil,Dagumawa,50724.91078042984,1.5031957961607003,99.82628237427924,100.0,4.148114747231903,50724.91078042984,0.8579637155173392,22.993588472941248,0.0,0.0,50724.91078042984,False,False,False,0,Relatively Better Served
KANO_W477,Wudil,Dankaza,37540.14200258255,2.2083266229873586,82.4629629185074,99.9236776277352,5.272086186518775,37540.14200258255,0.6796605793627135,16.77433581501509,0.0,0.0,37540.14200258255,False,False,False,0,Relatively Better Served
KANO_W478,Wudil,Darki,45803.44748640061,5.087668812681113,56.18158401773658,97.177484257409,7.949859096861076,45803.44748640061,0.7032482652955532,11.92453383185536,0.0,0.0,45803.44748640061,False,True,True,2,Compound Underserved
KANO_W479,Wudil,Indabo,22445.839256048203,1.59559592344578,100.0,100.0,3.257322039803215,22445.839256048203,0.7209981273128049,9.418295130295256,0.0,0.0,22445.839256048203,False,False,False,0,Relatively Better Served
KANO_W480,Wudil,Kausani,36516.98725509644,1.91574497076661,98.71753225364148,100.0,4.7246497127498674,36516.98725509644,0.7584908280047908,20.25179242119401,0.0,0.0,36516.98725509644,False,False,False,0,Relatively Better Served
KANO_W481,Wudil,Lajawa,36664.14320063591,2.7331055628333307,79.61172742851295,100.0,5.449730621997893,36664.14320063591,0.5868258073696552,11.870432473621609,0.0,0.0,36664.14320063591,True,False,False,1,Single-Dimension Underserved
KANO_W482,Wudil,Sabon Gari,47099.37911581993,1.0864014658041117,99.96284230162776,100.0,3.1623859036545325,47099.37911581993,0.9329016474560782,27.384547188975223,0.0,0.0,47099.37911581993,False,False,False,0,Relatively Better Served
KANO_W483,Wudil,Utai,37413.02542495728,2.0980633905627366,90.0850992810006,100.0,8.528248585909683,37413.02542495728,0.5095708700652757,14.081603017016946,0.0,0.0,37413.02542495728,True,False,False,1,Single-Dimension Underserved
KANO_W484,Wudil,Wudil,56050.54152774811,0.8446987597050446,100.0,100.0,1.4194106400124795,56050.54152774811,0.7725295277504255,24.16862920037601,0.0,0.0,56050.54152774811,False,False,False,0,Relatively Better Served
