Ward_ID,LGA,Ward,Demand_Population,Routing_Cells,Weighted_Mean_Time_Min,Median_Cell_Time_Min,P90_Cell_Time_Min,Max_Time_Min,Pop_Within_5min,Pct_Within_5min,Pop_Within_10min,Pct_Within_10min,Pop_Within_15min,Pct_Within_15min,Pop_Within_30min,Pct_Within_30min,Ward_Raster_Population,Population_Difference,Population_Difference_Pct,Poor_Access_Rank
KANO_W001,Ajingi,Ajingi,25614.35702443123,14,4.186475247487638,3.6255155110831403,6.261289254870718,6.771019171978843,25341.187973737717,98.93353149394709,25614.35702443123,100.0,25614.35702443123,100.0,25614.35702443123,100.0,25614.35702443123,0.0,0.0,60
KANO_W002,Ajingi,Balare,24040.603971242905,44,2.797356611270803,2.5961191173593834,6.5525022935874375,12.60645798764369,20719.193355560303,86.1841631780315,23830.99147582054,99.12808972822356,24040.603971242905,100.0,24040.603971242905,100.0,24040.603971242905,0.0,0.0,189
KANO_W003,Ajingi,Chula,24778.70829319954,36,2.7306654228302674,3.9726779853607592,6.595204795215413,8.115275656714944,22984.809604883194,92.76032201884924,24778.70829319954,100.0,24778.70829319954,100.0,24778.70829319954,100.0,24778.70829319954,0.0,0.0,201
KANO_W004,Ajingi,Dabin-Kanawa,33965.52364397049,48,3.101329549192611,3.831727203601705,6.314936964931654,10.8558335335355,29503.954365968704,86.86441779974207,33739.19714927673,99.33365816153423,33965.52364397049,100.0,33965.52364397049,100.0,33965.52364397049,0.0,0.0,164
KANO_W005,Ajingi,Dundun,28836.420677423477,51,2.9920783305804988,3.5023310839552946,7.419853465369338,9.042095858865304,22557.176391124725,78.22460576317339,28836.420677423477,100.0,28836.420677423477,100.0,28836.420677423477,100.0,28836.42067742348,-3.637978807091713e-12,-1.2615916683237833e-14,170
KANO_W006,Ajingi,Gafasa,33515.38449525833,85,3.9041679597912693,4.144326942234114,10.727071229300265,13.660879893135172,25239.037944078445,75.30582842529883,30696.581107616425,91.58952394521775,33515.38449525833,100.0,33515.38449525833,100.0,33507.721991539,7.662503719329834,0.02286787422094729,87
KANO_W007,Ajingi,Gurduba,20355.09816479683,23,2.5647308625254888,2.3676283588121283,5.604545202794328,8.081585508797835,15732.041460514069,77.28796654845853,20355.09816479683,100.0,20355.09816479683,100.0,20355.09816479683,100.0,20345.870816469196,9.22734832763308,0.04535243741036584,230
KANO_W008,Ajingi,Kunkurawa,37590.09017539024,44,1.9983488239950087,2.4749036920131404,6.774971809479155,9.41593240582351,36403.7419128418,96.84398665442644,37590.09017539024,100.0,37590.09017539024,100.0,37590.09017539024,100.0,37590.09017539024,0.0,0.0,297
KANO_W009,Ajingi,Toranke,68323.73483967781,140,5.647460943378123,7.917713911152286,11.407562973128572,14.314714640179034,34164.34725499153,50.00362953687828,57175.99780416489,83.68394663776625,68323.73483967781,100.0,68323.73483967781,100.0,68323.73483967781,0.0,0.0,17
KANO_W010,Ajingi,Unguwar Bai,39893.87610626221,96,3.4580811307952373,3.6053651923947583,9.077001740169457,13.653220568239929,31231.413772583008,78.28623543471767,38805.59337306023,97.27205566512713,39893.87610626221,100.0,39893.87610626221,100.0,39893.87610626221,0.0,0.0,124
KANO_W011,Albasu,Albasu Central,34472.35253047943,58,2.779743041603884,4.051843976830624,13.607166205232007,14.518252468984857,31811.40096092224,92.28091100772872,33008.82634782791,95.75449287553695,34472.35253047943,100.0,34472.35253047943,100.0,34472.35253047943,0.0,0.0,193
KANO_W012,Albasu,Bataiya,33287.21682691574,46,3.0011627654542505,3.437811375501533,5.587024194164705,7.953707637047529,25370.664212465286,76.21743909797468,33287.21682691574,100.0,33287.21682691574,100.0,33287.21682691574,100.0,33287.21682691574,0.0,0.0,169
KANO_W013,Albasu,Daho,27705.09175848961,54,1.8823647499743852,1.2045912054187464,4.0397076533379375,9.815790098686854,26711.084624052048,96.41218609524017,27705.09175848961,100.0,27705.09175848961,100.0,27705.09175848961,100.0,27696.61545825005,8.47630023955935,0.030604101256836047,312
KANO_W014,Albasu,Duja,9637.503433704376,24,4.24075672923304,4.9899550544371545,9.141704240790737,12.456746044848042,6600.081620931625,68.48331278253819,9162.563839435577,95.07196446117119,9637.503433704376,100.0,9637.503433704376,100.0,9637.503433704376,0.0,0.0,58
KANO_W015,Albasu,Fanda,33194.64140033722,43,2.3944559134564036,4.023638845748923,8.246849007784403,8.766606437289196,27080.774579286575,81.5817657214139,33194.64140033722,100.0,33194.64140033722,100.0,33194.64140033722,100.0,33194.64140033722,0.0,0.0,248
KANO_W016,Albasu,Faragai,32620.26916360855,26,1.5384373487192926,1.977762475625992,5.470526316480906,6.074373400010233,29639.76020002365,90.86301541953559,32620.26916360855,100.0,32620.26916360855,100.0,32620.26916360855,100.0,32620.26916360855,0.0,0.0,365
KANO_W017,Albasu,Gagarame,49153.09963965416,107,4.8989748866091745,5.398264131326894,8.946737699404755,11.031765556786821,22888.663863182068,46.56606405492419,47356.624289274216,96.34514331028954,49153.09963965416,100.0,49153.09963965416,100.0,49153.09963965416,0.0,0.0,29
KANO_W018,Albasu,Hungu,23759.600473165512,46,2.2561394826964376,2.7201044803956425,7.112957351949412,9.946568077982073,20199.438889741898,85.01590299279435,23759.600473165512,100.0,23759.600473165512,100.0,23759.600473165512,100.0,23759.600473165512,0.0,0.0,263
KANO_W019,Albasu,Saya-Saya,37297.650851249695,55,3.2855763939284386,4.153551795808071,7.607735350146828,10.695832787872297,31160.372131824493,83.54513332782844,37261.31302165985,99.90257340942257,37297.650851249695,100.0,37297.650851249695,100.0,37297.650851249695,0.0,0.0,147
KANO_W020,Albasu,Tsangaya,42294.02999138832,63,2.7363244683215906,2.047943107956879,8.793249209460061,11.031765556786821,35227.18988275528,83.29116400099032,39849.0819311142,94.21916506709825,42294.02999138832,100.0,42294.02999138832,100.0,42276.225256204605,17.80473518371582,0.04211524343958011,198
KANO_W021,Bagwai,Bagwai,36794.92509293556,22,1.3246923715942116,1.7141609832461684,3.879090958778161,5.4718029226205145,36772.48612713814,99.93901613947915,36794.92509293556,100.0,36794.92509293556,100.0,36794.92509293556,100.0,36794.92509293556,0.0,0.0,386
KANO_W022,Bagwai,Dangada,35835.846756219864,59,3.3728311796309574,3.7486567903415606,6.566834574631984,9.779026066324137,24111.049741506577,67.28193114990853,35835.846756219864,100.0,35835.846756219864,100.0,35835.846756219864,100.0,35835.846756219864,0.0,0.0,133
KANO_W023,Bagwai,Gadanya,36287.73974633217,72,4.358938749153155,3.9163461200982224,7.3309529169035965,10.003455631319985,22061.880542755127,60.79706450988053,35299.21372842789,97.27586775915357,36287.73974633217,100.0,36287.73974633217,100.0,36287.73974633217,0.0,0.0,50
KANO_W024,Bagwai,Gogori,34379.87130236626,69,3.262358702103477,3.535422217597056,7.7070653284779125,9.800877909610437,24192.503945827484,70.36822137307533,34379.87130236626,100.0,34379.87130236626,100.0,34379.87130236626,100.0,34379.87130236626,0.0,0.0,151
KANO_W025,Bagwai,Kiyawa,34375.45455479622,39,1.8262144125833444,1.8665095072541282,3.830865441529393,5.3670991144204026,34040.56750559807,99.02579601190634,34375.45455479622,100.0,34375.45455479622,100.0,34375.45455479622,100.0,34375.45455479622,0.0,0.0,320
KANO_W026,Bagwai,Kwajale,36255.36284780502,67,1.9838534443338909,1.8639771447272466,4.987008015861403,9.779026066324137,33558.052310466766,92.56024398745865,36255.36284780502,100.0,36255.36284780502,100.0,36255.36284780502,100.0,36255.36284780502,0.0,0.0,301
KANO_W027,Bagwai,Rimin Dako,39724.70056796074,55,1.6617782112895423,1.8639771447272466,4.8952540295529126,6.504910250658629,38132.66553759575,95.99232969008452,39724.70056796074,100.0,39724.70056796074,100.0,39724.70056796074,100.0,39724.70056796074,0.0,0.0,339
KANO_W028,Bagwai,Romo,31253.129024267197,65,3.5968259018014375,3.5562715651166754,6.176250930459941,8.97188011736032,23188.624642133713,74.1961696831328,31253.129024267197,100.0,31253.129024267197,100.0,31253.129024267197,100.0,31253.1290242672,-3.637978807091713e-12,-1.1640366647022517e-14,109
KANO_W029,Bagwai,Sare-Sare,29383.2672791481,48,2.697008300293876,3.729252157036962,6.027268871646273,7.679854641455526,25465.719014644623,86.66741779501295,29383.2672791481,100.0,29383.2672791481,100.0,29383.2672791481,100.0,29383.2672791481,0.0,0.0,207
KANO_W030,Bagwai,Wuro Bagga,33477.731825351715,54,1.6830662375722731,1.874792667038836,3.2528814195846527,3.993468330765667,33477.731825351715,100.0,33477.731825351715,100.0,33477.731825351715,100.0,33477.731825351715,100.0,33477.731825351715,0.0,0.0,338
KANO_W031,Bebeji,Anadariya,8706.878468036652,28,2.531069401943014,3.139857325142254,5.254562427309917,7.647827141142372,5385.559970378876,61.854084562561795,8706.878468036652,100.0,8706.878468036652,100.0,8706.878468036652,100.0,8706.878468036652,0.0,0.0,233
KANO_W032,Bebeji,Baguda,15720.371176481247,25,3.6120037840980816,4.7315165866312245,6.108048591063225,8.078896608435425,11950.556377887726,76.01955605072848,15720.371176481247,100.0,15720.371176481247,100.0,15720.371176481247,100.0,15720.371176481249,-1.8189894035458565e-12,-1.1570906202693161e-14,107
KANO_W033,Bebeji,Bebeji,58952.98099374771,55,1.8073715924843372,1.6316685407238967,11.162549009385865,13.947583153778636,50617.53076314926,85.86085030800653,55841.46431899071,94.7220367446949,58952.98099374771,100.0,58952.98099374771,100.0,58952.98099374771,0.0,0.0,325
KANO_W034,Bebeji,Damau,21675.213315963745,34,5.266829764519713,5.419438113907052,11.227279231464042,14.25050530162754,11707.763503313065,54.01452494444575,16879.14652991295,77.87303536007877,21675.213315963745,100.0,21675.213315963745,100.0,21675.213315963745,0.0,0.0,25
KANO_W035,Bebeji,Durmawa,29779.589923381805,60,3.1041726251608255,2.1395380823591674,8.298461578074038,13.947583153778636,19490.40969467163,65.4488854440823,29014.844012737274,97.4319797129104,29779.589923381805,100.0,29779.589923381805,100.0,29779.589923381805,0.0,0.0,163
KANO_W036,Bebeji,Gargai,21902.19045829773,29,1.9006592219563367,3.0539962759430708,8.205132527229656,8.664017420790032,20940.34189605713,95.60843668092475,21902.19045829773,100.0,21902.19045829773,100.0,21902.19045829773,100.0,21902.19045829773,0.0,0.0,311
KANO_W037,Bebeji,Gwarmai,54313.49741625786,73,2.437268322402319,3.348679911162007,6.088839833367768,10.986867487521913,45294.93859767914,83.39536349600061,53946.31331348419,99.32395422824723,54313.49741625786,100.0,54313.49741625786,100.0,54313.49741625786,0.0,0.0,245
KANO_W038,Bebeji,Kofa,23055.134974956512,7,3.3135361181635905,3.2590023513009774,6.072774456202936,6.072774456202936,11608.127469539642,50.349423163858695,23055.134974956512,100.0,23055.134974956512,100.0,23055.134974956512,100.0,23055.134974956512,0.0,0.0,139
KANO_W039,Bebeji,Kuki,24537.51567196846,47,4.113520457310482,3.385168242776839,10.699755605377959,11.34009226017188,16471.608987808228,67.12826680585809,20729.92506480217,84.48257493517951,24537.51567196846,100.0,24537.51567196846,100.0,24537.51567196846,0.0,0.0,69
KANO_W040,Bebeji,Rahama,27304.87781572342,42,2.2902889892145817,3.5641983688737406,8.012731120022591,10.268190474002921,21707.530401945114,79.50055864906639,26808.565325975418,98.18233030340754,27304.87781572342,100.0,27304.87781572342,100.0,27304.87781572342,0.0,0.0,261
KANO_W041,Bebeji,Ranka,34916.460077762604,104,6.667961624832802,6.171475971599236,17.456349686706588,29.656551088646772,15107.039974212646,43.26624159656417,28043.24633193016,80.3152618262989,33362.54156756401,95.54961039367149,34916.460077762604,100.0,34916.460077762604,0.0,0.0,6
KANO_W042,Bebeji,Rantan,50408.79292225838,67,2.2466952123023742,5.254562427309917,8.664017420790032,11.40032375950178,42872.82180809975,85.0502845291678,48842.425063848495,96.89266937848409,50408.79292225838,100.0,50408.79292225838,100.0,50408.79292225838,0.0,0.0,265
KANO_W043,Bebeji,Tariwa,28358.654621362686,41,2.3673623305598372,4.3441642360515225,8.676693721341373,8.676693721341373,25109.534985542297,88.5427581836946,28358.654621362686,100.0,28358.654621362686,100.0,28358.654621362686,100.0,28358.65462136269,-3.637978807091713e-12,-1.2828460502323016e-14,251
KANO_W044,Bebeji,Wak,22383.871805906296,17,1.2196024443300624,2.10409391035698,5.868648344134518,7.167122609772563,22037.544127225876,98.45278028000037,22383.871805906296,100.0,22383.871805906296,100.0,22383.871805906296,100.0,22383.871805906296,0.0,0.0,404
KANO_W045,Bichi,Badume,90503.92381310463,103,1.7679456757569751,2.350909582340028,5.569849349251738,11.891446929711432,85488.37430739403,94.45819662353206,90158.93529176712,99.61881374110374,90503.92381310463,100.0,90503.92381310463,100.0,90503.92381310464,-1.4551915228366852e-11,-1.607876721280872e-14,329
KANO_W046,Bichi,Bichi,124955.55677390099,94,1.8361253309790881,3.0986378337361393,7.7118904636012715,14.335764887174921,117258.17000937462,93.83990039078111,123168.68644428253,98.56999530412907,124955.55677390099,100.0,124955.55677390099,100.0,124955.556773901,-1.4551915228366852e-11,-1.1645672752831313e-14,318
KANO_W047,Bichi,Danzabuwa,61892.10955309868,95,3.578005627437737,3.5794444567342127,10.29104198243185,15.480149726000144,46695.17916941643,75.44609402811767,56513.01657867432,91.3089196453879,58512.472989320755,94.53947104375486,61892.10955309868,100.0,61892.10955309868,0.0,0.0,112
KANO_W048,Bichi,Fagolo,24970.085165023804,63,2.9236775493941165,2.8330154708585957,5.9038759924586195,7.222476597360403,18437.485209703445,73.83829525551347,24970.085165023804,100.0,24970.085165023804,100.0,24970.085165023804,100.0,24970.085165023804,0.0,0.0,175
KANO_W049,Bichi,Kau-Kau,33661.78238654137,61,2.3222000963683267,2.858497217640498,6.407775659869072,7.782443552244856,27064.004015922546,80.39979495186583,33661.78238654137,100.0,33661.78238654137,100.0,33661.78238654137,100.0,33661.78238654137,0.0,0.0,257
KANO_W050,Bichi,Kwamarawa,28445.725249290466,53,3.352928710173532,3.3980062238500572,6.389390372179473,8.929224042949606,18910.943698883057,66.48079292460564,28445.725249290466,100.0,28445.725249290466,100.0,28445.725249290466,100.0,28445.725249290463,3.637978807091713e-12,1.2789193368105308e-14,134
KANO_W051,Bichi,Kyalli,47393.93415474892,88,3.0533496382949092,4.573620013769732,8.531865654281098,11.261893083261192,36438.64266419411,76.8846125861086,45078.13627552986,95.11372516225896,47393.93415474892,100.0,47393.93415474892,100.0,47393.93415474892,0.0,0.0,167
KANO_W052,Bichi,Muntsira,51636.58268404007,76,2.720803195325808,2.266611872148068,5.010526155514804,11.891446929711432,42329.24972295761,81.97531192559111,48149.40929436684,93.24669990070615,51636.58268404007,100.0,51636.58268404007,100.0,51636.58268404007,0.0,0.0,203
KANO_W053,Bichi,Saye,24767.7471306324,31,1.6596374921840729,2.553141744047643,4.772688875493119,5.324391964372466,24677.870379686356,99.63712181623944,24767.7471306324,100.0,24767.7471306324,100.0,24767.7471306324,100.0,24767.7471306324,0.0,0.0,340
KANO_W054,Bichi,Waire,36939.8991420269,84,4.379026573797194,4.546571540040709,8.126415135181448,8.437421754142514,22852.963107824326,61.86525583071849,36939.8991420269,100.0,36939.8991420269,100.0,36939.8991420269,100.0,36939.8991420269,0.0,0.0,48
KANO_W055,Bichi,Yallami,46898.301015377045,85,3.073977257337,3.6536370833248113,7.037277030715057,12.583732314850103,37029.20090222359,78.95638029634043,46289.9365735054,98.70280067998162,46898.301015377045,100.0,46898.301015377045,100.0,46898.301015377045,0.0,0.0,166
KANO_W056,Bunkure,Barkum,44461.25253152847,40,3.401439416342347,4.1945790078371665,11.94589105524319,14.771399509741679,31826.975725889206,71.58362374816136,43242.82494568825,97.25957431141596,44461.25253152847,100.0,44461.25253152847,100.0,44461.25253152847,0.0,0.0,130
KANO_W057,Bunkure,Bono,24751.14481639862,46,3.712077159098436,3.347348110935057,7.509812396900987,14.918136247386288,17450.32812643051,70.50311513214925,24646.43918609619,99.57696651577483,24751.14481639862,100.0,24751.14481639862,100.0,24751.14481639862,0.0,0.0,101
KANO_W058,Bunkure,Bunkure,45696.68604969978,34,2.0788967482738574,2.9356478878967955,4.918214661916668,8.359595447025333,44634.39558887482,97.67534464168885,45696.68604969978,100.0,45696.68604969978,100.0,45696.68604969978,100.0,45696.68604969978,0.0,0.0,290
KANO_W059,Bunkure,Chirin,29887.835190296173,59,2.9009424929120593,4.528197684093053,7.537701920947489,10.287006050625333,23192.4147670269,77.59817537590308,29880.87579679489,99.97671496293736,29887.835190296173,100.0,29887.835190296173,100.0,29887.835190296173,0.0,0.0,180
KANO_W060,Bunkure,Gafan,25388.39962720871,68,2.871649231758052,2.1314852131568895,10.930589807377432,12.736376847893464,20144.224908828735,79.34420918457657,21737.94229388237,85.62155398950728,25388.39962720871,100.0,25388.39962720871,100.0,25388.39962720871,0.0,0.0,182
KANO_W061,Bunkure,Gurjiya,25989.094090223312,31,2.943659702620734,4.117931077498068,11.206781899077438,13.437916338736816,24109.426425933838,92.76747524263811,24688.317071914673,94.99491204351762,25989.094090223312,100.0,25989.094090223312,100.0,25989.094090223312,0.0,0.0,173
KANO_W062,Bunkure,Gwamma,25466.694618225098,41,3.1535230378315138,4.303239298836192,6.4361417414593785,9.187686651565434,17172.53639650345,67.43135162980288,25466.694618225098,100.0,25466.694618225098,100.0,25466.694618225098,100.0,25466.694618225098,0.0,0.0,160
KANO_W063,Bunkure,Kulluwa,21825.624680042267,46,7.720812954574262,5.1765387637124025,23.37121874268331,23.37121874268331,11737.326048135757,53.777732459903305,16235.980911970139,74.38953592387485,16601.401015996933,76.06380692130908,21825.624680042267,100.0,21825.624680042267,0.0,0.0,2
KANO_W064,Bunkure,Kumurya,41578.92378759384,38,2.774592650746003,4.184985295177148,7.346423518037218,8.216985773278816,34614.34593653679,83.24973997250233,41578.92378759384,100.0,41578.92378759384,100.0,41578.92378759384,100.0,41578.92378759384,0.0,0.0,194
KANO_W065,Bunkure,Sanda,35920.06992530823,62,2.5500009723358454,2.1163876387173453,7.964148530901514,14.771399509741679,29897.15815091133,83.23246088629318,34569.22246956825,96.23929614126891,35920.06992530823,100.0,35920.06992530823,100.0,35920.06992530823,0.0,0.0,232
KANO_W066,Dala,Adakawa,19510.984001159668,4,0.4038577688266184,0.48999745832482966,0.5844511823828717,0.6209717424385726,19510.984001159668,100.0,19510.984001159668,100.0,19510.984001159668,100.0,19510.984001159668,100.0,19510.984001159668,0.0,0.0,477
KANO_W067,Dala,Bakin Ruwa,20582.47504425049,3,0.5896157272131474,0.5666782394572916,0.6864625538278704,0.716408632420515,20582.47504425049,100.0,20582.47504425049,100.0,20582.47504425049,100.0,20582.47504425049,100.0,20582.47504425049,0.0,0.0,463
KANO_W068,Dala,Dala,13835.651345729828,4,0.31224247211395106,0.8403387114428715,1.6449559020091102,1.8957774255356556,13835.651345729828,100.0,13835.651345729828,100.0,13835.651345729828,100.0,13835.651345729828,100.0,13835.651345729828,0.0,0.0,482
KANO_W069,Dala,Dogon Nama,17537.00440311432,5,0.5784573258417293,0.716408632420515,0.9533334529919647,1.0597056804471705,17537.00440311432,100.0,17537.00440311432,100.0,17537.00440311432,100.0,17537.00440311432,100.0,17537.00440311432,0.0,0.0,466
KANO_W070,Dala,Gobirawa,202097.43734645844,14,1.0967643673678646,1.2315066950145472,1.6592399990766817,2.2537830089254216,202097.43734645844,100.0,202097.43734645844,100.0,202097.43734645844,100.0,202097.43734645844,100.0,202097.43734645844,0.0,0.0,417
KANO_W071,Dala,Gwammaja,45086.135810136795,8,1.0702520728251765,1.4462394732748831,1.9974354889244523,2.2346376368316445,45086.135810136795,100.0,45086.135810136795,100.0,45086.135810136795,100.0,45086.135810136795,100.0,45086.1358101368,-7.275957614183426e-12,-1.613790466502467e-14,423
KANO_W072,Dala,Kabuwaya,7177.064601182938,2,0.7203352750571218,1.258374583987114,1.7682968572259474,1.8957774255356556,7177.064601182938,100.0,7177.064601182938,100.0,7177.064601182938,100.0,7177.064601182938,100.0,7177.064601182938,0.0,0.0,454
KANO_W073,Dala,Kantudu,7311.206146240234,2,0.35203807442790763,0.44972648584469027,0.5867226911197961,0.6209717424385726,7311.206146240234,100.0,7311.206146240234,100.0,7311.206146240234,100.0,7311.206146240234,100.0,7311.206146240234,0.0,0.0,480
KANO_W074,Dala,Kofar Mazugal,15307.040576696396,3,0.5261978344370466,0.6209717424385726,1.0386066820872102,1.1430154169993696,15307.040576696396,100.0,15307.040576696396,100.0,15307.040576696396,100.0,15307.040576696396,100.0,15307.040576696396,0.0,0.0,471
KANO_W075,Dala,Kofar Ruwa,135677.9864835739,11,1.3142162646176392,1.2650961072502738,1.8815256427897928,1.8957774255356556,135677.9864835739,100.0,135677.9864835739,100.0,135677.9864835739,100.0,135677.9864835739,100.0,135677.9864835739,0.0,0.0,390
KANO_W076,Dala,Madigawa,21879.958984375,3,0.7727452888710203,0.716408632420515,0.9910462708418394,1.0597056804471705,21879.958984375,100.0,21879.958984375,100.0,21879.958984375,100.0,21879.958984375,100.0,21879.958984375,0.0,0.0,446
KANO_W077,Dala,Yalwa,10913.062141895294,2,1.0305524720676429,0.813191959952231,1.0104029363481826,1.0597056804471705,10913.062141895294,100.0,10913.062141895294,100.0,10913.062141895294,100.0,10913.062141895294,100.0,10913.062141895294,0.0,0.0,427
KANO_W078,Dambatta,Ajumawa,55442.741149902344,56,1.8009044499094728,2.268480524297044,5.671568818797462,7.539144940094266,49175.69574546814,88.69636443932346,55442.741149902344,100.0,55442.741149902344,100.0,55442.741149902344,100.0,55442.74114990234,7.275957614183426e-12,1.3123372804586237e-14,326
KANO_W079,Dambatta,Danbatta East,92805.13618087769,29,1.6526359846595442,2.5581786706090903,4.58831201243064,8.737361259882825,91720.50393152237,98.83127993342808,92805.13618087769,100.0,92805.13618087769,100.0,92805.13618087769,100.0,92805.13618087769,0.0,0.0,342
KANO_W080,Dambatta,Danbatta West,82826.8969039917,43,1.6173937058581902,2.3988935676862835,3.593684825703512,8.737361259882825,82748.29253292084,99.90509801283275,82826.8969039917,100.0,82826.8969039917,100.0,82826.8969039917,100.0,82826.8969039917,0.0,0.0,348
KANO_W081,Dambatta,Fagwalawa,45192.51347398758,81,4.464493239991378,4.765106154697119,8.560308402842129,14.124587372953396,30029.23233795166,66.44736047981979,44608.111634492874,98.70686139236075,45192.51347398758,100.0,45192.51347398758,100.0,45192.51347398758,0.0,0.0,43
KANO_W082,Dambatta,Goron Maje,28022.33770275116,70,6.863982401766433,7.03036582049134,15.158696373961497,19.10514974847553,12922.76353597641,46.11593676821505,20102.952360391617,71.73902682079932,25271.251462459564,90.18252413673004,28022.33770275116,100.0,27982.368955135345,39.96874761581421,0.14283546786155543,4
KANO_W083,Dambatta,Gwanda,31257.3174264431,72,4.566260045076541,5.226246905945157,10.43228958787543,12.027582921115723,17179.87900543213,54.96274287088462,27216.12794494629,87.07122103166141,31257.3174264431,100.0,31257.3174264431,100.0,31257.3174264431,0.0,0.0,37
KANO_W084,Dambatta,Gwarabjawa,73836.61919975281,118,3.157001535568506,3.8589527952968097,10.038620872042785,12.027582921115723,53409.62982916832,72.3348799119274,69266.80953836441,93.8109169800617,73836.61919975281,100.0,73836.61919975281,100.0,73836.61919975281,0.0,0.0,159
KANO_W085,Dambatta,Kore,34694.26978778839,69,2.586624426500969,3.625816097111655,6.695439366431671,21.998640546240942,28745.62249970436,82.85409283876089,34485.89705371857,99.39940302723083,34485.89705371857,99.39940302723083,34694.26978778839,100.0,34694.26978778839,0.0,0.0,223
KANO_W086,Dambatta,Saidawa,56500.86523294449,87,3.8723252862003825,3.951918010379747,9.536186126143395,17.480569805881288,40236.05790400505,71.21317122864914,52570.339760541916,93.04342427996879,56043.348410606384,99.19024811310086,56500.86523294449,100.0,56500.86523294449,0.0,0.0,90
KANO_W087,Dambatta,San San,23166.29583621025,64,3.4047896313600514,3.9855901782299847,10.490413044106514,12.537643748865937,17891.077272176743,77.22890788700005,20951.569081306458,90.43987536651393,23166.29583621025,100.0,23166.29583621025,100.0,23162.822091817856,3.4737443923950195,0.014997068917703691,129
KANO_W088,Dawakin Kudu,Dabar Kwari,34017.96837592125,42,6.564075151840978,6.491008620181396,10.887719835331714,12.359123455160766,12559.731921195984,36.9208759982447,24767.926905870438,72.80836595580405,34017.96837592125,100.0,34017.96837592125,100.0,34017.96837592125,0.0,0.0,7
KANO_W089,Dawakin Kudu,Danbagina,41607.82873606682,43,4.4364493999364925,4.659802911916382,6.694874801844115,10.54166657051034,24027.934059381485,57.74858912201156,40957.06410908699,98.43595629296627,41607.82873606682,100.0,41607.82873606682,100.0,41607.82873606682,0.0,0.0,44
KANO_W090,Dawakin Kudu,Dawaki,73490.75660037994,27,2.1782722887901955,3.808298339636119,6.6118299763042785,8.60395828098166,64392.18543577194,87.6194346262031,73490.75660037994,100.0,73490.75660037994,100.0,73490.75660037994,100.0,73490.75660037994,0.0,0.0,275
KANO_W091,Dawakin Kudu,Dawakiji,63758.0076212883,50,3.531023376260304,4.896591981118805,8.578022776188261,9.27730442240991,49902.27412939072,78.26824581125828,63758.0076212883,100.0,63758.0076212883,100.0,63758.0076212883,100.0,63758.0076212883,0.0,0.0,117
KANO_W092,Dawakin Kudu,Dosan,29937.709733963013,31,1.9845767214866106,2.5923602745796823,5.483763941073347,8.731563754792619,26900.77451968193,89.85581982967851,29937.709733963013,100.0,29937.709733963013,100.0,29937.709733963013,100.0,29937.709733963013,0.0,0.0,299
KANO_W093,Dawakin Kudu,Gano,45035.87121248245,36,1.653254930445555,3.1542088456611603,6.3841001395925225,6.884199404062684,39552.98541522026,87.82551408544192,45035.87121248245,100.0,45035.87121248245,100.0,45035.87121248245,100.0,45035.87121248245,0.0,0.0,341
KANO_W094,Dawakin Kudu,Gurjiya,29122.107536792755,32,3.2406649730843147,4.237272453627927,6.9725333874790385,8.417758664890462,22645.2073700428,77.7595074169441,29122.107536792755,100.0,29122.107536792755,100.0,29122.107536792755,100.0,29122.107536792755,0.0,0.0,152
KANO_W095,Dawakin Kudu,Jido,28748.975908994675,16,1.9606748119383528,2.694420421919974,3.600180131514451,4.176111272914339,28748.975908994675,100.0,28748.975908994675,100.0,28748.975908994675,100.0,28748.975908994675,100.0,28748.975908994675,0.0,0.0,304
KANO_W096,Dawakin Kudu,Tanburawa,59871.07987475395,33,2.5752264651641257,3.724515610367978,6.15410209194601,7.131680508176199,55650.60693383217,92.95073188966909,59871.07987475395,100.0,59871.07987475395,100.0,59871.07987475395,100.0,59871.07987475395,0.0,0.0,226
KANO_W097,Dawakin Kudu,Tsakuwa,60278.01387953758,44,3.971312907832245,5.704959985812748,14.918136247386288,18.12955200526273,46312.68302035332,76.8317999211234,57000.97278594971,94.56345542483056,58241.06047677994,96.62073570169649,60278.01387953758,100.0,60278.01387953758,0.0,0.0,81
KANO_W098,Dawakin Kudu,Unguwar Duniya,13425.575059175491,18,2.585819867759404,2.4484071092495734,6.293501823075948,6.459677494549948,10204.912826538086,76.01099231547407,13425.575059175491,100.0,13425.575059175491,100.0,13425.575059175491,100.0,13425.575059175491,0.0,0.0,224
KANO_W099,Dawakin Kudu,Yan Barau,14766.157083034515,37,4.841815375908084,5.506092753931351,6.8321227095414105,8.164082368151977,6390.621648311615,43.27884101716675,14766.157083034515,100.0,14766.157083034515,100.0,14766.157083034515,100.0,14766.157083034515,0.0,0.0,32
KANO_W100,Dawakin Kudu,Yankatsari,17537.378254890442,12,1.2165403871643166,2.028386699367379,4.647074691303642,5.447689443370591,17523.237540960312,99.91936814200729,17537.378254890442,100.0,17537.378254890442,100.0,17537.378254890442,100.0,17537.378254890442,0.0,0.0,405
KANO_W101,Dawakin Kudu,Yargaya,32991.90990900993,29,3.7569871201891574,5.062174898956634,9.063987645519935,20.230390651078658,17741.36524438858,53.774896007289044,32047.148603200912,97.13638492462357,32750.83612036705,99.26929423210795,32991.90990900993,100.0,32991.90990900993,0.0,0.0,97
KANO_W102,Dawakin Kudu,Zogarawa,14024.368523597717,20,3.3027578660766435,3.6655629737303137,7.308227287811947,8.8411717108775,8791.634557247162,62.688273931579594,14024.368523597717,100.0,14024.368523597717,100.0,14024.368523597717,100.0,14024.368523597715,1.8189894035458565e-12,1.2970205399873686e-14,141
KANO_W103,Dawakin Tofa,Danguguwa,36233.21717572212,42,1.1381025677175742,1.6734393867811739,3.9745154232033104,5.593373569773442,36014.993774175644,99.3977255718471,36233.21717572212,100.0,36233.21717572212,100.0,36233.21717572212,100.0,36233.21717572212,0.0,0.0,413
KANO_W104,Dawakin Tofa,Dawaki East,27149.51277589798,24,1.007824596437585,1.3399058054680986,3.0491537893696843,4.951487120268031,27149.51277589798,100.0,27149.51277589798,100.0,27149.51277589798,100.0,27149.51277589798,100.0,27149.51277589798,0.0,0.0,429
KANO_W105,Dawakin Tofa,Dawaki West,22233.994185447693,12,0.28259366665514685,0.20541602863371736,1.4808078346005709,5.110633121137831,22226.844468593597,99.96784330878896,22233.994185447693,100.0,22233.994185447693,100.0,22233.994185447693,100.0,22233.994185447693,0.0,0.0,484
KANO_W106,Dawakin Tofa,Dawanau,98071.73553156853,42,1.5153826172505835,1.722155471165905,3.589431978692011,4.196003745404583,98071.73553156853,100.0,98071.73553156853,100.0,98071.73553156853,100.0,98071.73553156853,100.0,98071.73553156853,0.0,0.0,373
KANO_W107,Dawakin Tofa,Ganduje,23467.54290318489,39,2.0440540479596323,2.6707447727137854,4.835783744684681,9.492263730804513,22256.855731487274,94.84101434610221,23467.54290318489,100.0,23467.54290318489,100.0,23467.54290318489,100.0,23467.54290318489,0.0,0.0,294
KANO_W108,Dawakin Tofa,Gargari,43409.82552909851,47,1.486127291096482,0.29287018990530284,5.042299973274182,5.296411897658439,38588.41900038719,88.89328286869194,43409.82552909851,100.0,43409.82552909851,100.0,43409.82552909851,100.0,43409.82552909851,0.0,0.0,376
KANO_W109,Dawakin Tofa,Jalli,40162.44495844841,45,1.5772471389036302,1.7812087531568632,5.573332341467395,7.391648465848372,38428.79063296318,95.68339445649076,40162.44495844841,100.0,40162.44495844841,100.0,40162.44495844841,100.0,40162.44495844841,0.0,0.0,358
KANO_W110,Dawakin Tofa,Kwa,28900.380245685577,43,0.9963199800800234,0.726943596178788,2.048930804664706,3.1550415312672673,28900.380245685577,100.0,28900.380245685577,100.0,28900.380245685577,100.0,28900.380245685577,100.0,28900.380245685577,0.0,0.0,431
KANO_W111,Dawakin Tofa,Marke,48419.74295783043,57,1.273245799728266,0.7945799763644599,4.655206739858354,8.14423510068704,46390.678116321564,95.80942665623812,48419.74295783043,100.0,48419.74295783043,100.0,48419.74295783043,100.0,48419.74295783043,0.0,0.0,398
KANO_W112,Dawakin Tofa,Tattarawa,29552.525358438492,55,1.8140400356908986,2.0335397168825877,5.296411897658439,7.357882658970975,27427.681215047836,92.80994054613365,29552.525358438492,100.0,29552.525358438492,100.0,29552.525358438492,100.0,29552.52535843849,3.637978807091713e-12,1.231021296138713e-14,321
KANO_W113,Dawakin Tofa,Tumfafi,75784.21090984344,52,1.2885250463809659,1.3308160908374622,4.186306075966586,6.202239391792251,74517.55331039429,98.32859960637971,75784.21090984344,100.0,75784.21090984344,100.0,75784.21090984344,100.0,75784.21090984344,0.0,0.0,395
KANO_W114,Doguwa,Dadin Kowa,34138.73034656048,69,3.7537373578399613,4.205284016469029,9.219927645429843,11.068538598562483,29620.82990193367,86.76605603441257,33860.85041868687,99.18602735059943,34138.73034656048,100.0,34138.73034656048,100.0,34138.73034656048,0.0,0.0,98
KANO_W115,Doguwa,Dariyar Shere,15075.104060411453,83,6.28020711157244,8.552759537183308,16.970017424889924,17.98175578821121,6975.201810598373,46.26967603438219,11425.775427818298,75.7923486433728,13134.613194942474,87.12784430745737,15075.104060411453,100.0,15053.839354753494,21.264705657958984,0.14125768952917853,9
KANO_W116,Doguwa,Dogon Kawo,22825.217678785324,49,3.304337122557586,6.429813529950643,11.12771842390137,14.881936049379364,15469.570375204086,67.77403218187982,21989.04906821251,96.33664562441399,22825.217678785324,100.0,22825.217678785324,100.0,22825.217678785324,0.0,0.0,140
KANO_W117,Doguwa,Doguwa,26254.71422982216,27,1.4840501076411656,3.0744617995063477,7.89193334147289,8.289990484541155,25627.30178618431,97.61028652551403,26254.71422982216,100.0,26254.71422982216,100.0,26254.71422982216,100.0,26254.71422982216,0.0,0.0,378
KANO_W118,Doguwa,Falgore,37270.93701219559,46,1.5662772047960805,4.939159108998497,9.52977036113317,12.14493025713806,34950.879249334335,93.77515579470918,36366.264533281326,97.57271334869247,37270.93701219559,100.0,37270.93701219559,100.0,37270.93701219559,0.0,0.0,361
KANO_W119,Doguwa,Maraku,19388.52417564392,76,3.815174910021871,5.089680141074842,10.378226899504607,19.47851737019007,12431.36735200882,64.11714083749212,18357.63509631157,94.68299355849186,19175.76859021187,98.90267261445655,19388.52417564392,100.0,19388.52417564392,0.0,0.0,93
KANO_W120,Doguwa,Riruwai,21745.184274196625,89,4.166593955837779,7.822939206154259,14.339269052304317,19.63720995336395,15722.397873401642,72.30289555218086,19125.266983509064,87.95173562269409,21389.992662668228,98.36657345806043,21745.184274196625,100.0,21745.184274196625,0.0,0.0,62
KANO_W121,Doguwa,Tagwaye,19780.243477344513,61,2.8705536829015483,4.028477722023556,12.83293286712948,17.360276701339554,18446.207726955414,93.25571623060631,19028.242975473404,96.19822423959332,19694.260765075684,99.56531014207529,19780.243477344513,100.0,19780.243477344517,-3.637978807091713e-12,-1.8391981935199662e-14,183
KANO_W122,Doguwa,Unguwar Natsohuwa,14245.234813451767,66,5.281125317957692,4.858760537615754,17.57480763263316,18.587360449259343,9905.567182302475,69.53600493091663,12586.281842947006,88.35433046748929,12589.334186553955,88.37575758783458,14245.234813451767,100.0,14245.234813451769,-1.8189894035458565e-12,-1.2769107897247055e-14,24
KANO_W123,Doguwa,Zainabi,24553.090492010117,112,4.647839192487567,6.177587151892336,12.214397904625423,19.63720995336395,14143.694616317749,57.60453911461892,21969.329885959625,89.47684159396847,23858.393625974655,97.17063370795817,24553.090492010117,100.0,24553.09049201012,-3.637978807091713e-12,-1.481678572510274e-14,35
KANO_W124,Fagge,Fagge A,21010.16823577881,7,0.7360065172228752,0.8729400426813714,1.1796648038114,1.245393834762952,21010.16823577881,100.0,21010.16823577881,100.0,21010.16823577881,100.0,21010.16823577881,100.0,21010.16823577881,0.0,0.0,449
KANO_W125,Fagge,Fagge B,4685.191780090332,2,0.5726810338764712,0.759520518940697,0.9187568401787294,0.9585659204882374,4685.191780090332,100.0,4685.191780090332,100.0,4685.191780090332,100.0,4685.191780090332,100.0,4685.191780090332,0.0,0.0,467
KANO_W126,Fagge,Fagge C,10101.682329177856,4,0.8494366396973334,0.9157529815848044,1.08768056804603,1.1430154169993696,10101.682329177856,100.0,10101.682329177856,100.0,10101.682329177856,100.0,10101.682329177856,100.0,10101.682329177856,0.0,0.0,438
KANO_W127,Fagge,Fagge D1,4411.782623291016,1,0.5604751173931566,0.5604751173931566,0.5604751173931566,0.5604751173931566,4411.782623291016,100.0,4411.782623291016,100.0,4411.782623291016,100.0,4411.782623291016,100.0,4411.782623291016,0.0,0.0,469
KANO_W128,Fagge,Fagge D2,21891.856940746307,7,1.6365006582289616,1.1430154169993696,2.4430204668236892,2.755594711811756,21891.856940746307,100.0,21891.856940746307,100.0,21891.856940746307,100.0,21891.856940746307,100.0,21891.856940746307,0.0,0.0,346
KANO_W129,Fagge,Kwachiri,166962.76798653603,33,1.351637345449164,1.4849809406297476,3.0051637048778574,7.11493431334406,166645.1319553852,99.80975636964978,166962.76798653603,100.0,166962.76798653603,100.0,166962.76798653603,100.0,166962.76798653603,0.0,0.0,384
KANO_W130,Fagge,Rijiyar Lemo,38690.50396347046,6,1.1537238284486764,1.1823560545293095,1.7394336894177207,1.993886438205694,38690.50396347046,100.0,38690.50396347046,100.0,38690.50396347046,100.0,38690.50396347046,100.0,38690.50396347046,0.0,0.0,411
KANO_W131,Fagge,Sabon Gari East,43938.46072053909,15,0.7226096365549315,0.8190988913755359,2.2167148784338213,3.0587622065936757,43938.46072053909,100.0,43938.46072053909,100.0,43938.46072053909,100.0,43938.46072053909,100.0,43938.46072053909,0.0,0.0,453
KANO_W132,Fagge,Sabon Gari West,25856.611166000366,6,1.0817463382727577,0.9407652810850199,1.49194767669394,1.8408799363885102,25856.611166000366,100.0,25856.611166000366,100.0,25856.611166000366,100.0,25856.611166000366,100.0,25856.611166000366,0.0,0.0,421
KANO_W133,Fagge,Yammata,51146.591917037964,6,1.435685301173626,1.2357448390356627,1.6908940627156577,1.993886438205694,51146.591917037964,100.0,51146.591917037964,100.0,51146.591917037964,100.0,51146.591917037964,100.0,51146.59191703797,-7.275957614183426e-12,-1.422569391521795e-14,381
KANO_W134,Gabasawa,Gabasawa,52927.088691949844,48,2.684466915871788,3.0766092636824744,8.337513820158089,10.722021308929921,45727.16282057762,86.39652010093025,51885.55235219002,98.03212992533587,52927.088691949844,100.0,52927.088691949844,100.0,52927.08869194984,7.275957614183426e-12,1.3747133639886172e-14,209
KANO_W135,Gabasawa,Garun Danga,43471.14401483536,62,2.764647549956175,3.195981067574524,6.815156364014248,8.834093846784931,37934.211580991745,87.26297050762219,43471.14401483536,100.0,43471.14401483536,100.0,43471.14401483536,100.0,43471.14401483536,0.0,0.0,195
KANO_W136,Gabasawa,Joda,28405.73940372467,50,5.925488708111634,4.468573946991433,14.744934336079172,15.887728399938549,18113.300339460373,63.76633990060927,20592.68271636963,72.49479558933587,27348.603134393692,96.27844128855043,28405.73940372467,100.0,28405.73940372467,0.0,0.0,11
KANO_W137,Gabasawa,Karmami,33564.32561326027,36,2.321785901922826,3.3672562500060836,7.499886036111651,10.722021308929921,29801.585538625717,88.78946617909104,32557.79315161705,97.0011837173765,33564.32561326027,100.0,33564.32561326027,100.0,33564.32561326027,0.0,0.0,258
KANO_W138,Gabasawa,Mekiya,47392.77117872238,60,2.600088030493759,2.717151829087047,7.787349785558612,9.292910672575545,39570.05944490433,83.49387145073685,47392.77117872238,100.0,47392.77117872238,100.0,47392.77117872238,100.0,47392.77117872238,0.0,0.0,218
KANO_W139,Gabasawa,Tarauni,16585.90804719925,39,3.177152545627335,4.145413177093191,7.585701716595945,9.102455592095707,13400.625581979752,80.79524825439162,16585.90804719925,100.0,16585.90804719925,100.0,16585.90804719925,100.0,16585.90804719925,0.0,0.0,157
KANO_W140,Gabasawa,Yautar Arewa,24548.45909166336,49,4.27116675276528,4.160312386890294,7.898156103141971,14.896105142071018,17076.430829763412,69.56212919923172,23653.852564811707,96.3557528254168,24548.45909166336,100.0,24548.45909166336,100.0,24548.45909166336,0.0,0.0,54
KANO_W141,Gabasawa,Yautar Kudu,43056.72741103172,74,3.662175062345519,3.7409543234164366,8.433831503582951,10.722021308929921,30795.486963272095,71.5230553155832,40512.178176403046,94.090240044633,43056.72741103172,100.0,43056.72741103172,100.0,43056.72741103172,0.0,0.0,104
KANO_W142,Gabasawa,Yumbu,21010.183431625366,40,4.063849732913497,5.369264039076692,8.721414738418476,8.721414738418476,11444.826079130173,54.47275658670816,21010.183431625366,100.0,21010.183431625366,100.0,21010.183431625366,100.0,21010.183431625366,0.0,0.0,73
KANO_W143,Gabasawa,Zakirai,33067.387877225876,14,0.7237532645277132,0.9004119753779485,2.5956421909619474,3.0970958362834686,33067.387877225876,100.0,33067.387877225876,100.0,33067.387877225876,100.0,33067.387877225876,100.0,33067.38787722588,-7.275957614183426e-12,-2.20034241627973e-14,452
KANO_W144,Gabasawa,Zugachi,34554.24743318558,27,4.067340237973877,4.591968753701299,9.985876793441784,13.761342187590115,22073.54665184021,63.88084907512985,32556.715525388718,94.21914220050863,34554.24743318558,100.0,34554.24743318558,100.0,34554.24743318558,0.0,0.0,72
KANO_W145,Garko,Dal,25683.29281592369,37,2.8455798440349547,4.641949963278285,9.452801287011013,13.290260929855986,19796.17134165764,77.07801131085486,25424.813851118088,98.99359102176592,25683.29281592369,100.0,25683.29281592369,100.0,25683.29281592369,0.0,0.0,187
KANO_W146,Garko,Garin Ali,28029.41776585579,41,2.7122474341296177,8.078702437171284,10.373134309993826,10.373134309993826,22333.975300073624,79.68048243684854,26192.057577371597,93.4448863553549,28029.41776585579,100.0,28029.41776585579,100.0,28029.41776585579,0.0,0.0,205
KANO_W147,Garko,Garko,61503.04936790466,35,0.7115980847988298,1.1075325809845409,2.618580987233856,4.864295897026662,61503.04936790466,100.0,61503.04936790466,100.0,61503.04936790466,100.0,61503.04936790466,100.0,61503.04936790466,0.0,0.0,455
KANO_W148,Garko,Gurjiya,31266.79181075096,49,3.747666173247064,2.084185237889293,11.052988508540611,14.482266738624489,25080.675055980682,80.21505758501513,27507.666836738586,87.9772603573616,31266.79181075096,100.0,31266.79181075096,100.0,31266.79181075096,0.0,0.0,99
KANO_W149,Garko,Kafin Malamai,35540.994270563126,52,3.302697524478775,2.095392818347843,10.11421185537624,10.11421185537624,25265.934460163116,71.08955441094584,30442.067477703094,85.6533929409982,35540.994270563126,100.0,35540.994270563126,100.0,35540.994270563126,0.0,0.0,142
KANO_W150,Garko,Katumari,21477.0840280056,31,3.5458319726439007,4.640481155530897,9.436635247665068,10.775277608995294,17369.9501414299,80.87666891268807,21328.16699051857,99.30662357472343,21477.0840280056,100.0,21477.0840280056,100.0,21477.0840280056,0.0,0.0,114
KANO_W151,Garko,Kwas,26535.08460044861,65,4.8437315929692755,4.63782749061575,9.829716781625903,10.504083853897319,12957.597937345505,48.8319450736797,25062.724132061005,94.45126898761532,26535.08460044861,100.0,26535.08460044861,100.0,26535.08460044861,0.0,0.0,31
KANO_W152,Garko,Raba,32359.28558063507,57,5.396439491910964,5.2720861865187745,9.338534992115823,10.112140293274129,13269.304649591446,41.00617307055834,29329.30352449417,90.63643710986578,32359.28558063507,100.0,32359.28558063507,100.0,32359.28558063507,0.0,0.0,21
KANO_W153,Garko,Sarina,34067.781299591064,46,3.405148126969355,6.296580330737653,8.0251663123242,9.913054288089437,24940.307072401047,73.20789943165575,34067.781299591064,100.0,34067.781299591064,100.0,34067.781299591064,100.0,34067.781299591064,0.0,0.0,128
KANO_W154,Garko,Zakarawa,44037.64643788338,85,5.572407778934523,6.461408540395741,13.331308063838387,17.066308921719028,23752.97926592827,53.93789447724612,35067.953845500946,79.63176209919735,41842.982213020325,95.01639074204681,44037.64643788338,100.0,44037.64643788338,0.0,0.0,18
KANO_W155,Garum Mallam,Chiromawa,39495.024658203125,14,1.5063018861641144,1.0433471601186648,2.569694452882984,3.949086252299261,39495.024658203125,100.0,39495.024658203125,100.0,39495.024658203125,100.0,39495.024658203125,100.0,39495.024658203125,0.0,0.0,374
KANO_W156,Garum Mallam,Dakasoye,27249.177635908127,21,0.7087589897606383,0.9426595984053449,3.3455741581056464,3.523627613855801,27249.177635908127,100.0,27249.177635908127,100.0,27249.177635908127,100.0,27249.177635908127,100.0,27249.177635908127,0.0,0.0,456
KANO_W157,Garum Mallam,Dorawar Sallau,16789.279750347137,7,1.524432058680054,1.5559151098959922,2.4210595091291394,2.4210595091291394,16789.279750347137,100.0,16789.279750347137,100.0,16789.279750347137,100.0,16789.279750347137,100.0,16789.279750347137,0.0,0.0,367
KANO_W158,Garum Mallam,Fankurun,9915.744256734848,23,1.0290126580697558,2.0773708433980183,4.3665160126355556,4.3665160126355556,9915.744256734848,100.0,9915.744256734848,100.0,9915.744256734848,100.0,9915.744256734848,100.0,9915.744256734848,0.0,0.0,428
KANO_W159,Garum Mallam,Garun Babba,22145.97734260559,34,1.5959621719379196,0.3445352781201484,1.9911269807614382,3.949086252299261,22145.97734260559,100.0,22145.97734260559,100.0,22145.97734260559,100.0,22145.97734260559,100.0,22145.97734260559,0.0,0.0,354
KANO_W160,Garum Mallam,Garun Malam,28762.40452694893,11,1.321759216354214,0.951065755882833,4.3665160126355556,4.3665160126355556,28762.40452694893,100.0,28762.40452694893,100.0,28762.40452694893,100.0,28762.40452694893,100.0,28762.40452694893,0.0,0.0,388
KANO_W161,Garum Mallam,Jobawa,16439.13120532036,20,3.538021354736416,5.193689752433608,8.253918195404767,8.547417759477204,7946.9577758312225,48.34171390553334,16439.13120532036,100.0,16439.13120532036,100.0,16439.13120532036,100.0,16439.13120532036,0.0,0.0,116
KANO_W162,Garum Mallam,Kadawa,20430.679079532623,35,0.8018285042291587,0.8871414074429056,2.069483382876866,3.80856502751087,20430.679079532623,100.0,20430.679079532623,100.0,20430.679079532623,100.0,20430.679079532623,100.0,20430.679079532623,0.0,0.0,442
KANO_W163,Garum Mallam,Makwaro,25820.67198586464,33,1.2928904184358316,0.8346573192942544,4.3665160126355556,8.217665301060167,23736.4417450428,91.92805577653891,25820.67198586464,100.0,25820.67198586464,100.0,25820.67198586464,100.0,25820.67198586464,0.0,0.0,393
KANO_W164,Garum Mallam,Yada Kwari,20909.921885967255,8,1.6116179286140382,2.571448372546664,3.131916538367726,3.5914487440870446,20909.921885967255,100.0,20909.921885967255,100.0,20909.921885967255,100.0,20909.921885967255,100.0,20909.92188596725,3.637978807091713e-12,1.7398337626182994e-14,349
KANO_W165,Gaya,Balan,30474.14916396141,56,4.647345928889008,5.420802817719933,8.670589014330961,13.048792881897434,19724.10227560997,64.72404584452059,29497.841826200485,96.79627696081667,30474.14916396141,100.0,30474.14916396141,100.0,30474.14916396141,0.0,0.0,36
KANO_W166,Gaya,Gamarya,19484.152621507645,27,3.7899204674211178,4.640700641720384,7.3938099730443465,9.945148789413675,13557.217534542084,69.58073978324776,19484.152621507645,100.0,19484.152621507645,100.0,19484.152621507645,100.0,19484.152621507645,0.0,0.0,95
KANO_W167,Gaya,Gamoji,20930.187529325485,55,5.723046834178782,5.562905736813561,15.036313947045004,15.036313947045004,11753.13310599327,56.153978981439344,15867.519898414612,75.81164705850092,17402.56627178192,83.1457732875017,20930.187529325485,100.0,20930.187529325485,0.0,0.0,16
KANO_W168,Gaya,Gaya North,84436.5729906559,87,1.552601207839196,2.4634001469691866,7.238624660584932,15.370522317416643,81048.08884429932,95.98694733059385,83634.52682495117,99.05011994530678,83634.52682495117,99.05011994530678,84436.5729906559,100.0,84436.5729906559,0.0,0.0,364
KANO_W169,Gaya,Gaya South,60222.25958275795,13,1.2772258322520682,2.3918866175451625,4.598502197004028,5.693667815779598,60208.55592131615,99.9772448567411,60222.25958275795,100.0,60222.25958275795,100.0,60222.25958275795,100.0,60222.25958275795,0.0,0.0,396
KANO_W170,Gaya,Kademi,56489.81666302681,44,2.0710349654294844,2.8625555343381395,5.353005639233008,9.607857130621634,52065.70893764496,92.16830928701265,56489.81666302681,100.0,56489.81666302681,100.0,56489.81666302681,100.0,56489.81666302681,0.0,0.0,291
KANO_W171,Gaya,Kazurawa,36138.66147708893,73,3.9875536465678922,5.8514998878362885,8.6993296064813,11.067530430767953,20711.27009820938,57.31056229445532,36039.03068590164,99.72430968078203,36138.66147708893,100.0,36138.66147708893,100.0,36138.66147708893,0.0,0.0,79
KANO_W172,Gaya,Maimakawa,49401.224858284,113,3.5189494746151495,4.74826399952777,9.674423058949017,13.750204222479034,33705.479219436646,68.22802332558894,47766.63219451904,96.69119000904519,49401.224858284,100.0,49401.224858284,100.0,49401.224858284,0.0,0.0,119
KANO_W173,Gaya,Shagogo,51781.8307390213,78,3.954760335844971,4.812258662947189,7.840207017260374,9.961673301552073,30836.382305145264,59.5505834093808,51781.8307390213,100.0,51781.8307390213,100.0,51781.8307390213,100.0,51781.8307390213,0.0,0.0,83
KANO_W174,Gaya,Wudilawa,20884.108263015747,23,1.4854199688451835,1.670655478268543,4.296168936605124,4.742576702487617,20884.108263015747,100.0,20884.108263015747,100.0,20884.108263015747,100.0,20884.108263015747,100.0,20884.108263015747,0.0,0.0,377
KANO_W175,Gezawa,Babawa,86329.19391274452,44,2.6432798166309124,2.66348313474184,5.557382974592726,7.99261325349404,81093.5936615467,93.93530738108178,86329.19391274452,100.0,86329.19391274452,100.0,86329.19391274452,100.0,86329.19391274452,0.0,0.0,212
KANO_W176,Gezawa,Gawo,22370.71760725975,23,2.527388446720652,2.297509316399296,4.962768599644159,7.391524638192264,20054.10203242302,89.64442886675687,22370.71760725975,100.0,22370.71760725975,100.0,22370.71760725975,100.0,22370.71760725975,0.0,0.0,234
KANO_W177,Gezawa,Gezawa,42951.56576991081,25,1.8806167426123441,2.3370995443981886,5.604895173961562,6.757757164296489,40563.44461488724,94.43996717647825,42951.56576991081,100.0,42951.56576991081,100.0,42951.56576991081,100.0,42951.56576991081,0.0,0.0,313
KANO_W178,Gezawa,Jogana,81403.46664071083,31,1.6176106013587241,3.3129083450542045,5.011090147251909,6.833039220691144,77234.13360214233,94.87818736642922,81403.46664071083,100.0,81403.46664071083,100.0,81403.46664071083,100.0,81403.46664071083,0.0,0.0,347
KANO_W179,Gezawa,Ketawa,63508.14157438278,43,2.862823810707696,2.2252690625560274,4.855818088512328,7.4925020589799685,56160.9144411087,88.43104686874081,63508.14157438278,100.0,63508.14157438278,100.0,63508.14157438278,100.0,63508.14157438278,0.0,0.0,184
KANO_W180,Gezawa,Mesar Tudu,38385.3818693161,37,2.507720906429297,3.0103688986774952,5.063938798688259,8.260077108713629,36659.3013048172,95.50328671895103,38385.3818693161,100.0,38385.3818693161,100.0,38385.3818693161,100.0,38385.3818693161,0.0,0.0,235
KANO_W181,Gezawa,Sararin Gezawa,26853.15255689621,13,2.063209794331435,2.6253283788746975,5.0382052650409,5.331564101754401,23594.87469482422,87.8663115804806,26853.15255689621,100.0,26853.15255689621,100.0,26853.15255689621,100.0,26853.15255689621,0.0,0.0,292
KANO_W182,Gezawa,Tsamiya Babba,128425.96181225777,55,2.2435958272340777,2.9148808078650843,4.6267244381009665,6.764608138823288,127712.32639169693,99.44432152931502,128425.96181225777,100.0,128425.96181225777,100.0,128425.96181225777,100.0,128425.96181225777,0.0,0.0,266
KANO_W183,Gezawa,Tumbau,24141.225328445435,37,4.255527489184283,4.976236105206836,7.610952033224465,9.210681473141848,13000.020021438599,53.84987648543576,24141.225328445435,100.0,24141.225328445435,100.0,24141.225328445435,100.0,24141.225328445435,0.0,0.0,56
KANO_W184,Gezawa,Wangara,38648.41859912872,40,4.144593754402287,3.984538623949455,11.836448262698111,13.709584412243272,23000.66455078125,59.512563215975334,34369.960765600204,88.92979845331894,38648.41859912872,100.0,38648.41859912872,100.0,38648.41859912872,0.0,0.0,64
KANO_W185,Gezawa,Zango,66622.09300208092,44,2.632793752468525,3.5556495446593916,7.643930371166212,8.260077108713629,56946.333857774734,85.47665090016916,66622.09300208092,100.0,66622.09300208092,100.0,66622.09300208092,100.0,66622.09300208092,0.0,0.0,215
KANO_W186,Gwale,Dandago,11300.713973999023,4,0.9999963564759756,0.7173795316878717,1.0710432771854028,1.2221973541411917,11300.713973999023,100.0,11300.713973999023,100.0,11300.713973999023,100.0,11300.713973999023,100.0,11300.713973999023,0.0,0.0,430
KANO_W187,Gwale,Diso,11166.22183227539,3,0.4989470824429477,1.0011658476867402,1.1779910528503015,1.2221973541411917,11166.22183227539,100.0,11166.22183227539,100.0,11166.22183227539,100.0,11166.22183227539,100.0,11166.22183227539,0.0,0.0,475
KANO_W188,Gwale,Dorayi,364719.1042802334,34,1.5154328235818328,1.564429225045448,2.711711999650932,3.9078779107965893,364719.1042802334,100.0,364719.1042802334,100.0,364719.1042802334,100.0,364719.1042802334,100.0,364719.1042802334,0.0,0.0,372
KANO_W189,Gwale,Galadanchi,22005.976974487305,2,1.0685168357287735,0.7863140708947295,1.1350206974918993,1.2221973541411917,22005.976974487305,100.0,22005.976974487305,100.0,22005.976974487305,100.0,22005.976974487305,100.0,22005.976974487305,0.0,0.0,425
KANO_W190,Gwale,Goron Dutse,16381.674552679062,4,0.6475102994927919,0.9267403961281633,1.224085208837795,1.2945335781480625,16381.674552679062,100.0,16381.674552679062,100.0,16381.674552679062,100.0,16381.674552679062,100.0,16381.674552679062,0.0,0.0,459
KANO_W191,Gwale,Gwale,14429.323318004608,3,1.2409805585859273,1.2221973541411917,1.3979648665321667,1.4419067446299105,14429.323318004608,100.0,14429.323318004608,100.0,14429.323318004608,100.0,14429.323318004608,100.0,14429.323318004608,0.0,0.0,402
KANO_W192,Gwale,Gyaranya,13923.644790649414,2,0.7062526425305141,0.6415434359389033,0.7014355931241927,0.716408632420515,13923.644790649414,100.0,13923.644790649414,100.0,13923.644790649414,100.0,13923.644790649414,100.0,13923.644790649414,0.0,0.0,457
KANO_W193,Gwale,Kabuga,122864.51647615433,20,1.5194601937335699,1.4821023664706612,2.9556056981834558,3.5715743293677678,122864.51647615433,100.0,122864.51647615433,100.0,122864.51647615433,100.0,122864.51647615433,100.0,122864.51647615431,1.4551915228366852e-11,1.1843871319178717e-14,370
KANO_W194,Gwale,Mandawari,18334.27052307129,2,0.7795956298155944,0.9693029932808533,1.171618481969124,1.2221973541411917,18334.27052307129,100.0,18334.27052307129,100.0,18334.27052307129,100.0,18334.27052307129,100.0,18334.27052307129,0.0,0.0,445
KANO_W195,Gwale,Sani Mai Nagge,42695.18185162544,8,0.9610770642811529,1.2991105729537746,1.6536726998575788,1.8588637317961612,42695.18185162544,100.0,42695.18185162544,100.0,42695.18185162544,100.0,42695.18185162544,100.0,42695.18185162544,0.0,0.0,432
KANO_W196,Gwarzo,Getso,46848.29147553444,26,3.595490872587587,3.852753488856832,6.503656463717416,7.056996360264644,40072.328983306885,85.53637223725403,46848.29147553444,100.0,46848.29147553444,100.0,46848.29147553444,100.0,46848.29147553444,0.0,0.0,110
KANO_W197,Gwarzo,Gwarzo,34334.948858737946,6,0.8924700753926315,1.1185827882921109,1.9488342171667132,2.181509115719115,34334.948858737946,100.0,34334.948858737946,100.0,34334.948858737946,100.0,34334.948858737946,100.0,34334.948858737946,0.0,0.0,436
KANO_W198,Gwarzo,Jama'A,11535.081839323044,37,1.7309562334103805,3.518503946906623,6.125891079142391,10.373947454724302,11321.461598157883,98.14808213638389,11531.946766853333,99.9728214111232,11535.081839323044,100.0,11535.081839323044,100.0,11535.081839323044,0.0,0.0,334
KANO_W199,Gwarzo,Kara,35663.72525191307,55,2.804168728575235,4.022415943279927,7.172079865224449,9.484257115090678,28137.61200451851,78.89700754973474,35663.72525191307,100.0,35663.72525191307,100.0,35663.72525191307,100.0,35663.72525191307,0.0,0.0,188
KANO_W200,Gwarzo,Kutama,51635.00675821304,61,1.7529626308329926,3.2265202241173863,5.460295900357389,8.00904883496435,48681.237162828445,94.27952123795399,51635.00675821304,100.0,51635.00675821304,100.0,51635.00675821304,100.0,51635.00675821304,0.0,0.0,331
KANO_W201,Gwarzo,Lakwaya,70697.78695869446,104,4.276738495867207,4.84040790841223,8.734289743917895,10.613316191880934,42334.79749727249,59.88136166413075,70518.1182551384,99.7458637514905,70697.78695869446,100.0,70697.78695869446,100.0,70592.71247005463,105.07448863983154,0.14884608476321695,53
KANO_W202,Gwarzo,Madadi,37764.86453819275,62,4.313322901114514,4.607725891974845,8.211708585521508,10.607070140891265,21848.065763950348,57.852890593198715,37206.38463306427,98.5211653425536,37764.86453819275,100.0,37764.86453819275,100.0,37764.86453819275,0.0,0.0,51
KANO_W203,Gwarzo,Mainika,22412.895735025406,58,3.3243294439552664,3.6317396053785873,6.921475198323853,8.993924079557143,16775.208649635315,74.84623516728415,22412.895735025406,100.0,22412.895735025406,100.0,22412.895735025406,100.0,22412.89573502541,-3.637978807091713e-12,-1.623163222682787e-14,137
KANO_W204,Gwarzo,Sabon Birni,21694.23192834854,51,3.165935464500107,3.4117400986065607,6.079331538726641,7.8638437212251455,17055.320974349976,78.61684631509469,21694.23192834854,100.0,21694.23192834854,100.0,21694.23192834854,100.0,21694.23192834854,0.0,0.0,158
KANO_W205,Gwarzo,Unguwar Tudu,42029.64623093605,71,3.8761216686628477,3.993766101770127,8.787279710146333,9.192989976974866,29333.969668388367,69.79352028615699,42029.64623093605,100.0,42029.64623093605,100.0,42029.64623093605,100.0,42029.64623093605,0.0,0.0,89
KANO_W206,Kabo,Dugabau,20947.9741666317,34,3.2662006578923704,3.8897055949931088,8.489928745061821,11.469153586613817,15995.810117959976,76.35969946649978,20857.92821764946,99.57014483469398,20947.9741666317,100.0,20947.9741666317,100.0,20947.9741666317,0.0,0.0,150
KANO_W207,Kabo,Durun,16994.924002170563,33,2.1263490918541628,2.202307060126052,5.735944986637634,9.834890216661114,12724.35809803009,74.87152102830797,16994.924002170563,100.0,16994.924002170563,100.0,16994.924002170563,100.0,16994.924002170563,0.0,0.0,282
KANO_W208,Kabo,Gammo,23415.953518867493,52,4.016946375886188,4.859337927538162,7.822839443600212,10.091497542330936,13913.791417121887,59.420135959489315,23100.290674209595,98.65193256211603,23415.953518867493,100.0,23415.953518867493,100.0,23415.953518867493,0.0,0.0,76
KANO_W209,Kabo,Garo,68251.44174146652,46,1.5975994166762912,1.9965359464822325,4.465532957470156,5.6402426312926774,68235.81237125397,99.97710030760703,68251.44174146652,100.0,68251.44174146652,100.0,68251.44174146652,100.0,68251.44174146652,0.0,0.0,352
KANO_W210,Kabo,Godiya,47544.993824481964,72,3.287928775120342,3.964086938762364,6.150791770602165,7.153817264357295,35099.62300443649,73.82401422536924,47544.993824481964,100.0,47544.993824481964,100.0,47544.993824481964,100.0,47544.99382448197,-7.275957614183426e-12,-1.53033096208688e-14,146
KANO_W211,Kabo,Gude,26724.13530445099,40,1.580015160705014,2.2022351872348844,5.191615096180145,8.429603549776683,25213.72096967697,94.34812644986701,26724.13530445099,100.0,26724.13530445099,100.0,26724.13530445099,100.0,26724.13530445099,0.0,0.0,356
KANO_W212,Kabo,Hawadin Galadima,12261.558168411255,28,2.582655045321691,2.9837557805764465,5.253594546297628,6.363684264638755,10571.663815498352,86.21794775425458,12261.558168411255,100.0,12261.558168411255,100.0,12261.558168411255,100.0,12261.558168411257,-1.8189894035458565e-12,-1.483489601045986e-14,225
KANO_W213,Kabo,Kabo,39269.683455228806,37,2.0194363347647526,3.711684818921694,6.220498551055326,8.351480117194855,35306.74611258507,89.90840517682842,39269.683455228806,100.0,39269.683455228806,100.0,39269.683455228806,100.0,39269.683455228806,0.0,0.0,295
KANO_W214,Kabo,Kanwa,18964.09841442108,37,2.759671562810221,2.8369252929763693,7.05023131894499,8.738068498169643,15152.816438674927,79.90264608177787,18964.09841442108,100.0,18964.09841442108,100.0,18964.09841442108,100.0,18964.09841442108,0.0,0.0,196
KANO_W215,Kabo,Masanawa,17363.239748954773,38,4.155760033051587,4.383776389943632,9.143812238118478,11.469153586613817,11460.7659034729,66.00591864869465,16967.257133960724,97.71941975852815,17363.239748954773,100.0,17363.239748954773,100.0,17363.239748954773,0.0,0.0,63
KANO_W216,Kano Municipal,Chedi,17088.220916748047,2,0.5049985899413698,0.5111319996877038,0.5206483656355446,0.5230274571225048,17088.220916748047,100.0,17088.220916748047,100.0,17088.220916748047,100.0,17088.220916748047,100.0,17088.220916748047,0.0,0.0,474
KANO_W217,Kano Municipal,Dan Agundi,13177.079011201859,4,1.0898483461034332,1.0524371662374787,1.5569676372560417,1.7512215597422522,13177.079011201859,100.0,13177.079011201859,100.0,13177.079011201859,100.0,13177.079011201859,100.0,13177.07901120186,-1.8189894035458565e-12,-1.3804192886750776e-14,419
KANO_W218,Kano Municipal,Gandu Albasa,63552.255291461945,13,1.316916913869462,1.103708484788217,1.7164598924509626,2.1674756476554045,63552.255291461945,100.0,63552.255291461945,100.0,63552.255291461945,100.0,63552.255291461945,100.0,63552.255291461945,0.0,0.0,389
KANO_W219,Kano Municipal,Jakara,10346.181594848633,3,0.30564789758855204,0.499236542252903,0.6729742143869926,0.716408632420515,10346.181594848633,100.0,10346.181594848633,100.0,10346.181594848633,100.0,10346.181594848633,100.0,10346.181594848633,0.0,0.0,483
KANO_W220,Kano Municipal,Kan Karofi,22157.384843349457,3,0.9454757687393105,1.103708484788217,1.217056764768005,1.245393834762952,22157.384843349457,100.0,22157.384843349457,100.0,22157.384843349457,100.0,22157.384843349457,100.0,22157.384843349457,0.0,0.0,433
KANO_W221,Kano Municipal,Shahuchi,15298.197933197021,1,0.5230274571225048,0.5230274571225048,0.5230274571225048,0.5230274571225048,15298.197933197021,100.0,15298.197933197021,100.0,15298.197933197021,100.0,15298.197933197021,100.0,15298.19793319702,1.8189894035458565e-12,1.1890220086632935e-14,472
KANO_W222,Kano Municipal,Sharada,59435.54341816902,7,1.2489655143458782,1.3760237917663576,1.6470782775421762,1.7512215597422522,59435.54341816902,100.0,59435.54341816902,100.0,59435.54341816902,100.0,59435.54341816902,100.0,59435.54341816902,0.0,0.0,401
KANO_W223,Kano Municipal,She She,10644.321807861328,2,0.5834088068868601,0.6197180447715098,0.697070514890714,0.716408632420515,10644.321807861328,100.0,10644.321807861328,100.0,10644.321807861328,100.0,10644.321807861328,100.0,10644.321807861328,0.0,0.0,465
KANO_W224,Kano Municipal,Tudun Nufawa,9268.949157714844,4,0.6065385307712314,0.5111319996877038,0.658394279831112,0.716408632420515,9268.949157714844,100.0,9268.949157714844,100.0,9268.949157714844,100.0,9268.949157714844,100.0,9268.949157714844,0.0,0.0,461
KANO_W225,Kano Municipal,Tudun Wazurchi,23992.487313985825,3,0.38991512013428387,0.5230274571225048,0.9055381695738931,1.0011658476867402,23992.487313985825,100.0,23992.487313985825,100.0,23992.487313985825,100.0,23992.487313985825,100.0,23992.487313985825,0.0,0.0,478
KANO_W226,Kano Municipal,Yakasai,27750.157355308533,6,0.7948265402959647,0.7086399725885645,1.1745511597755844,1.245393834762952,27750.157355308533,100.0,27750.157355308533,100.0,27750.157355308533,100.0,27750.157355308533,100.0,27750.157355308533,0.0,0.0,443
KANO_W227,Kano Municipal,Zaitawa,28596.736989974976,4,0.506887143119296,0.48999745832482966,0.5421035448510805,0.5604751173931566,28596.736989974976,100.0,28596.736989974976,100.0,28596.736989974976,100.0,28596.736989974976,100.0,28596.736989974976,0.0,0.0,473
KANO_W228,Kano Municipal,Zango,18466.421295166016,4,0.6724302456090225,0.5417512872578307,0.755523570825783,0.8391157651540515,18466.421295166016,100.0,18466.421295166016,100.0,18466.421295166016,100.0,18466.421295166016,100.0,18466.421295166016,0.0,0.0,458
KANO_W229,Karaye,Daura,20978.516822338104,46,2.617968969953562,3.583200905079143,5.96659778787124,10.561813181185043,18840.51282143593,89.80860268145548,20925.04422044754,99.74510780555455,20978.516822338104,100.0,20978.516822338104,100.0,20978.516822338104,0.0,0.0,217
KANO_W230,Karaye,Kafin Dabga,23176.963044166565,50,4.262352841283525,4.669970453854342,7.910278631900051,10.091497542330936,13826.940042972565,59.65811835063819,23109.17013645172,99.70749874525987,23176.963044166565,100.0,23176.963044166565,100.0,23176.963044166565,0.0,0.0,55
KANO_W231,Karaye,Kurugu,20579.937150001526,33,1.3233415866958624,1.812171412924017,3.1807031877498173,6.080149281803869,19505.44103908539,94.77891451716091,20579.937150001526,100.0,20579.937150001526,100.0,20579.937150001526,100.0,20579.93715000153,-3.637978807091713e-12,-1.7677307664136587e-14,387
KANO_W232,Karaye,Kwanyawa,28291.342821121216,71,3.117662680121677,4.011856529071631,6.101656814425015,10.373947454724302,23939.950912475586,84.61935180610428,28092.668947935104,99.29775735834713,28291.342821121216,100.0,28291.342821121216,100.0,28291.342821121216,0.0,0.0,162
KANO_W233,Karaye,Magaji Hajji,24853.62136054039,38,1.9018634847417704,2.3345256156228036,5.181650307463969,7.12017526079794,24608.029846429825,99.0118481707439,24853.62136054039,100.0,24853.62136054039,100.0,24853.62136054039,100.0,24853.62136054039,0.0,0.0,310
KANO_W234,Karaye,Magajin Gari,33174.80266427994,13,0.734337107669772,0.8023169409210744,1.7816223665546622,1.812171412924017,33174.80266427994,100.0,33174.80266427994,100.0,33174.80266427994,100.0,33174.80266427994,100.0,33174.80266427994,0.0,0.0,450
KANO_W235,Karaye,Tudun Kaya,23715.160064458847,51,5.156542930296814,5.408465580383327,8.185859560531044,10.629084093366304,9975.103744983673,42.06213965189736,19826.833890914917,83.60404836832099,23715.160064458847,100.0,23715.160064458847,100.0,23715.160064458847,0.0,0.0,27
KANO_W236,Karaye,Turawa,32651.643099546432,54,2.707447733347232,2.6892352839991354,7.636195745931743,12.1744909189612,26446.65934610367,80.99641192779985,31969.80830025673,97.91179023606573,32651.643099546432,100.0,32651.643099546432,100.0,32651.643099546432,0.0,0.0,206
KANO_W237,Karaye,Yammedi,20860.11385035515,42,2.848343694266651,3.6534174292647053,7.3112763874247575,8.910736810719287,17514.724561929703,83.96274674038517,20860.11385035515,100.0,20860.11385035515,100.0,20860.11385035515,100.0,20860.11385035515,0.0,0.0,186
KANO_W238,Karaye,Yola,11230.604593515396,32,2.907299026030519,3.981296126987923,6.293243983650756,7.439904411957467,8442.720725297928,75.17601260908779,11230.604593515396,100.0,11230.604593515396,100.0,11230.604593515396,100.0,11230.604593515396,0.0,0.0,176
KANO_W239,Kibiya,Durba,14227.265533208847,26,1.98412949622948,1.9856764162498926,5.2517540803555525,7.22555153522873,13046.775206804276,91.70261970826996,14227.265533208847,100.0,14227.265533208847,100.0,14227.265533208847,100.0,14227.265533208849,-1.8189894035458565e-12,-1.278523549940097e-14,300
KANO_W240,Kibiya,Fammar,21177.797415733337,53,3.184884353657493,3.411143006324425,8.599915373686258,11.865682807368852,14958.42263507843,70.63257024059342,20996.01489162445,99.14163630645632,21177.797415733337,100.0,21177.797415733337,100.0,21177.797415733337,0.0,0.0,155
KANO_W241,Kibiya,Fassi,48668.62436294556,84,4.8607418745575846,6.790368879497808,12.365532221595213,14.657095997839997,27981.481552124023,57.4938821846546,41871.02274918556,86.03288730113475,48668.62436294556,100.0,48668.62436294556,100.0,48668.62436294556,0.0,0.0,30
KANO_W242,Kibiya,Kadigawa,9896.152205228806,26,2.599905251773249,2.0683564164611425,5.387841115375904,11.964297390481674,8529.314526081085,86.1881906138678,9847.859921455383,99.51200948841606,9896.152205228806,100.0,9896.152205228806,100.0,9896.152205228806,0.0,0.0,219
KANO_W243,Kibiya,Kahu,41642.989876031876,81,4.385556582354547,5.851344744041491,9.056322345220494,12.204460316888502,24392.275557518005,58.57474602599866,40370.90239572525,96.94525420942747,41642.989876031876,100.0,41642.989876031876,100.0,41642.98987603188,-7.275957614183426e-12,-1.7472226744149295e-14,46
KANO_W244,Kibiya,Kibiya 1,25239.913744449615,7,2.234563529906256,1.453737329076403,4.115308375052606,5.451659286653615,20373.49954557419,80.71937072310487,25239.913744449615,100.0,25239.913744449615,100.0,25239.913744449615,100.0,25239.913744449612,3.637978807091713e-12,1.4413594451731133e-14,268
KANO_W245,Kibiya,Kibiya 2,16369.628731250763,22,1.5741238874124532,2.730657954542698,4.925710977822438,5.494060688266565,16001.668785572052,97.75217904010096,16369.628731250763,100.0,16369.628731250763,100.0,16369.628731250763,100.0,16369.628731250765,-1.8189894035458565e-12,-1.1111977146270144e-14,360
KANO_W246,Kibiya,Nariya,22977.379840135574,46,3.5130920578313454,4.182968536411698,6.204733856429213,7.229428000318798,14943.119866132736,65.03404639736576,22977.379840135574,100.0,22977.379840135574,100.0,22977.379840135574,100.0,22977.37984013557,3.637978807091713e-12,1.5832870555315013e-14,122
KANO_W247,Kibiya,Tarai,25802.037469625473,41,2.473988015988986,6.47728958586745,11.348892442297778,20.665810136534198,21100.645032644272,81.77898763802762,25355.68857693672,98.27010214517284,25454.86493587494,98.65447628250587,25802.037469625473,100.0,25802.037469625477,-3.637978807091713e-12,-1.4099579583102277e-14,242
KANO_W248,Kibiya,Unguwar Gai,21078.79191470146,47,2.174124882590892,2.389269231967276,5.1591278600354,7.22555153522873,19758.21195292473,93.73503013303295,21078.79191470146,100.0,21078.79191470146,100.0,21078.79191470146,100.0,21078.79191470146,0.0,0.0,277
KANO_W249,Kiru,Baawa,45581.84206485748,150,5.540022890290559,6.098525710374888,17.39241857401079,22.700680435990844,28347.69456243515,62.190761229218836,32864.84194779396,72.10073235090245,41204.16665124893,90.39601030739468,45581.84206485748,100.0,45581.84206485748,0.0,0.0,19
KANO_W250,Kiru,Badafi,49897.09845435619,163,4.117268323979823,4.694471831235435,11.779118057242314,15.815799011645677,36215.58711695671,72.58054724381466,42153.6621478796,84.48118919467838,49880.13673341274,99.96600659864227,49897.09845435619,100.0,49897.09845435619,0.0,0.0,67
KANO_W251,Kiru,Bargoni,49621.100811719894,81,3.9829389849902648,3.7379679468584817,7.983281388232765,11.89230149658224,34786.29356145859,70.10383283000947,47415.62278389931,95.55536255394867,49621.100811719894,100.0,49621.100811719894,100.0,49621.10081171989,7.275957614183426e-12,1.466303144259334e-14,80
KANO_W252,Kiru,Bauda,17257.104536533356,28,3.724045343157526,3.2778103819460793,8.63367969620753,19.13140005008038,13965.375508785248,80.92536890658856,16217.706078529358,93.9769823158712,16217.706078529358,93.9769823158712,17257.104536533356,100.0,17257.104536533356,0.0,0.0,100
KANO_W253,Kiru,Dangora,33435.30783319473,64,2.5744222702436876,2.1888315317037206,8.63367969620753,12.213985307210319,28064.7735748291,83.93753607665685,32099.205095767975,96.00391674545831,33435.30783319473,100.0,33435.30783319473,100.0,33435.30783319473,0.0,0.0,227
KANO_W254,Kiru,Dansoshiya,17936.17236971855,65,4.428915304363312,5.934522419669752,13.351556852716534,17.488537894184756,10095.885539770126,56.28784855354591,16655.084721326828,92.8575193079959,17853.177491903305,99.5372765375774,17936.17236971855,100.0,17936.17236971855,0.0,0.0,45
KANO_W255,Kiru,Dashi,11485.352670431137,26,2.1061144019515057,0.963428596765326,8.424041777806902,11.162549009385865,9630.780369758606,83.8527178582239,10026.914691925049,87.30175711312013,11485.352670431137,100.0,11485.352670431137,100.0,11485.352670431135,1.8189894035458565e-12,1.5837471044566327e-14,286
KANO_W256,Kiru,Galadimawa,13565.169162273407,32,4.18469655167967,2.7802810719115922,7.2428596026048275,7.260402338314035,8065.620767116547,59.45831320370218,13565.169162273407,100.0,13565.169162273407,100.0,13565.169162273407,100.0,13565.169162273409,-1.8189894035458565e-12,-1.3409264431472885e-14,61
KANO_W257,Kiru,Kiru,71204.89597964287,45,1.5243723840340127,1.7606643306621914,4.291785938272672,7.996306619625737,68629.54755973816,96.38318631819786,71204.89597964287,100.0,71204.89597964287,100.0,71204.89597964287,100.0,71204.89597964287,0.0,0.0,368
KANO_W258,Kiru,Kogo,23040.690415382385,37,3.8487682853969143,2.641658450675554,12.213985307210319,12.213985307210319,16699.528347969055,72.47841990368546,16699.528347969055,72.47841990368546,23040.690415382385,100.0,23040.690415382385,100.0,23040.690415382385,0.0,0.0,91
KANO_W259,Kiru,Maraku,23669.96942639351,55,4.035209695505673,6.368510573761687,11.84961871551774,19.43085235213678,15305.835454940796,64.66352017283903,21585.65288758278,91.1942575790293,23317.66178870201,98.51158389204063,23669.96942639351,100.0,23669.96942639351,0.0,0.0,75
KANO_W260,Kiru,Tsaudawa,11463.591928958893,21,2.3997986774217592,1.2503949761184137,3.8640811750882693,13.947583153778636,10536.606169223785,91.91365354349895,10536.606169223785,91.91365354349895,11463.591928958893,100.0,11463.591928958893,100.0,11463.591928958893,0.0,0.0,246
KANO_W261,Kiru,Yako,26821.408928632736,29,3.668488633941889,0.5760361257227127,13.947583153778636,13.947583153778636,21579.62990450859,80.45673499825591,21579.62990450859,80.45673499825591,26821.408928632736,100.0,26821.408928632736,100.0,26821.408928632736,0.0,0.0,103
KANO_W262,Kiru,Yalwa,69497.12743091583,81,1.8733011118725602,3.0722902388972293,9.870172827169782,29.656551088646772,63742.3917093277,91.71946246654774,68389.14591288567,98.40571609361615,68842.72713565826,99.0583779222989,69497.12743091583,100.0,69497.12743091583,0.0,0.0,316
KANO_W263,Kiru,Zuwo,23033.242586374283,39,2.3209297330002543,0.8175248471093814,7.033462011321935,7.033462011321935,17032.83194899559,73.94891051541158,23033.242586374283,100.0,23033.242586374283,100.0,23033.242586374283,100.0,23033.242586374283,0.0,0.0,259
KANO_W264,Kumbotso,Chalawa,43289.80251598358,37,2.6421469938280184,3.0377532896686477,4.9014531050631085,8.602868587874262,42024.059952020645,97.07611841496482,43289.80251598358,100.0,43289.80251598358,100.0,43289.80251598358,100.0,43289.80251598358,0.0,0.0,213
KANO_W265,Kumbotso,Chiranchi,198925.14441156387,25,2.2057559000204776,2.1193051249305883,3.8595630958399436,4.381374810869433,198925.14441156387,100.0,198925.14441156387,100.0,198925.14441156387,100.0,198925.14441156387,100.0,198925.14441156387,0.0,0.0,272
KANO_W266,Kumbotso,Dan Maliki,278711.66805434227,24,1.435146506531642,1.2853576651480894,2.121654128172864,3.1475595872796687,278711.66805434227,100.0,278711.66805434227,100.0,278711.66805434227,100.0,278711.66805434227,100.0,278711.66805434227,0.0,0.0,382
KANO_W267,Kumbotso,Danbare,114465.84750008583,33,1.8790602881236362,2.3513175205421932,4.246072893406055,5.335492230261451,113488.63215231895,99.14628217139952,114465.84750008583,100.0,114465.84750008583,100.0,114465.84750008583,100.0,114465.84750008585,-1.4551915228366852e-11,-1.2712888207424436e-14,314
KANO_W268,Kumbotso,Garun Gawa,83048.29761075974,29,1.2502607198996791,1.5151393971906415,3.0049557081110034,4.302921601767524,83048.29761075974,100.0,83048.29761075974,100.0,83048.29761075974,100.0,83048.29761075974,100.0,83048.29761075974,0.0,0.0,400
KANO_W269,Kumbotso,Kumbotso,39396.39269900322,21,1.8093570815981543,2.427000099614792,4.4937521647464065,6.4333934217892494,38736.47637104988,98.3249320997604,39396.39269900322,100.0,39396.39269900322,100.0,39396.39269900322,100.0,39396.39269900322,0.0,0.0,324
KANO_W270,Kumbotso,Kureken Sani,60094.16771411896,22,2.5030842784900615,2.3692844876519468,3.9809175425078522,5.00033925255042,57735.27544236183,96.07467353075111,60094.16771411896,100.0,60094.16771411896,100.0,60094.16771411896,100.0,60094.16771411896,0.0,0.0,236
KANO_W271,Kumbotso,Mariri,140039.119617939,35,1.8007401804397773,2.160667354796201,3.7912789214559353,5.447689443370591,139845.8444390297,99.86198486577422,140039.119617939,100.0,140039.119617939,100.0,140039.119617939,100.0,140039.119617939,0.0,0.0,327
KANO_W272,Kumbotso,Naibawa,171205.67027902603,32,1.8785931637193192,2.2351799966337786,4.4497835945723585,6.4333934217892494,166885.5532271862,97.47665071793531,171205.67027902603,100.0,171205.67027902603,100.0,171205.67027902603,100.0,171205.67027902603,0.0,0.0,315
KANO_W273,Kumbotso,Panshekara,101506.53032851219,25,2.35952892435087,3.638864163568061,5.986506786542264,7.071724477047956,90693.95977377892,89.34790646499309,101506.53032851219,100.0,101506.53032851219,100.0,101506.53032851219,100.0,101506.5303285122,-1.4551915228366852e-11,-1.4335939945214892e-14,253
KANO_W274,Kumbotso,Unguwar Rimi,42530.13511133194,31,2.2221941265772682,2.7152668342518296,4.498848910759722,5.240408142708679,42411.87106871605,99.72192883397547,42530.13511133194,100.0,42530.13511133194,100.0,42530.13511133194,100.0,42530.13511133194,0.0,0.0,270
KANO_W275,Kunchi,Bumai,15435.597174167633,61,2.121670074647782,1.7116383424298216,6.128902736242818,9.325387103489165,13035.065544128418,84.44808060904411,15435.597174167633,100.0,15435.597174167633,100.0,15435.597174167633,100.0,15435.597174167631,1.8189894035458565e-12,1.178437985276035e-14,283
KANO_W276,Kunchi,Garun Sheme,12664.605396032333,33,2.976165743536007,3.151315724887507,6.150266358803656,7.509617953962016,9408.726504564285,74.29150937076906,12664.605396032333,100.0,12664.605396032333,100.0,12664.605396032333,100.0,12664.605396032332,1.8189894035458565e-12,1.4362779941929528e-14,171
KANO_W277,Kunchi,Gwarmai,35510.20523071289,77,4.083819839954258,4.201485359723332,7.364393620687088,10.776837634482046,25473.685455560684,71.73623832939273,32935.6655755043,92.7498598262624,35510.20523071289,100.0,35510.20523071289,100.0,35510.20523071289,0.0,0.0,71
KANO_W278,Kunchi,Kasuwar Kuka,28648.821222305298,46,2.199044900874984,2.4703854420128852,5.474592728303234,7.0702276482337565,25519.584277629852,89.07725759327543,28648.821222305298,100.0,28648.821222305298,100.0,28648.821222305298,100.0,28648.821222305294,3.637978807091713e-12,1.2698528776671861e-14,273
KANO_W279,Kunchi,Kunchi,19424.309900283813,37,2.727389390226119,3.7750522868858054,6.094677253653067,7.798117102389792,15086.260086536407,77.66690381271141,19424.309900283813,100.0,19424.309900283813,100.0,19424.309900283813,100.0,19424.309900283813,0.0,0.0,202
KANO_W280,Kunchi,Matan Fada,22818.778262138367,55,2.906014860815925,3.129692894370175,5.980799784245192,7.882975220111337,15902.975252628326,69.69249216560837,22818.778262138367,100.0,22818.778262138367,100.0,22818.778262138367,100.0,22818.778262138367,0.0,0.0,177
KANO_W281,Kunchi,Ridawa,13479.20402765274,23,4.382085900776643,4.309146818331462,10.429246941703957,11.355799493791974,8550.684656620026,63.43612455956745,12247.435901165009,90.86171465347104,13479.20402765274,100.0,13479.20402765274,100.0,13479.20402765274,0.0,0.0,47
KANO_W282,Kunchi,Shamakawa,22933.429236888885,59,3.1506820119737307,2.810703675362439,7.221607901910348,11.148071184671647,15345.886004447937,66.91492077322553,22428.34884738922,97.79762379065738,22933.429236888885,100.0,22933.429236888885,100.0,22933.429236888885,0.0,0.0,161
KANO_W283,Kunchi,Shuwaki,34506.36552619934,83,3.3948824004190374,3.331707771457179,6.469729380038253,9.509176301123539,23263.19554424286,67.41711330502199,34506.36552619934,100.0,34506.36552619934,100.0,34506.36552619934,100.0,34506.36552619934,0.0,0.0,132
KANO_W284,Kunchi,Yandadi,25727.139482975006,50,2.399272539779118,2.523259384949615,6.502027439919269,11.148071184671647,20713.923627614975,80.51390105504136,25463.44795703888,98.97504529755193,25727.139482975006,100.0,25727.139482975006,100.0,25727.13948297501,-3.637978807091713e-12,-1.4140626902960405e-14,247
KANO_W285,Kura,Dalili,24966.067092895508,17,4.063168293577781,2.4294120218078463,10.075929315513054,10.909141056858775,21567.56150341034,86.38750117573679,22386.371468544006,89.66719261486887,24966.067092895508,100.0,24966.067092895508,100.0,24966.067092895508,0.0,0.0,74
KANO_W286,Kura,Dan Hassan,36843.61116313934,32,2.488590779839053,3.4082334270667416,6.409741061257146,6.662110958365805,33443.317333221436,90.77100826283886,36843.61116313934,100.0,36843.61116313934,100.0,36843.61116313934,100.0,36843.61116313934,0.0,0.0,240
KANO_W287,Kura,Dukawa,23535.37387251854,21,2.631665551696166,2.0001634186564945,6.436245125743813,9.177437256084358,19967.249449253082,84.83931276132462,23535.37387251854,100.0,23535.37387251854,100.0,23535.37387251854,100.0,23535.37387251854,0.0,0.0,216
KANO_W288,Kura,Gundutse,20832.010462760925,11,1.6449209352649932,2.165828671381528,2.8956001898480963,3.283502020147927,20832.010462760925,100.0,20832.010462760925,100.0,20832.010462760925,100.0,20832.010462760925,100.0,20832.010462760925,0.0,0.0,344
KANO_W289,Kura,Karfi,40829.94744992256,23,1.7511699876405178,3.576955181834206,5.545576229966027,7.047300808298429,40591.199483156204,99.41526261561032,40829.94744992256,100.0,40829.94744992256,100.0,40829.94744992256,100.0,40829.94744992256,0.0,0.0,332
KANO_W290,Kura,Kosawa,27897.959646701813,34,2.50081844137423,0.983461062897129,7.644111986375915,11.206781899077438,21259.393857240677,76.20411717010292,27516.117924928665,98.6312915832958,27897.959646701813,100.0,27897.959646701813,100.0,27897.959646701813,0.0,0.0,237
KANO_W291,Kura,Kura Sarki,39541.50338768959,4,0.43902044390527933,0.03776419677926282,0.745506749119637,1.0326403300743987,39541.50338768959,100.0,39541.50338768959,100.0,39541.50338768959,100.0,39541.50338768959,100.0,39541.50338768959,0.0,0.0,476
KANO_W292,Kura,Kurun Sumau,32261.195496559143,4,1.135314878453862,1.5399465472296159,2.736914344939788,3.120382615856297,32261.195496559143,100.0,32261.195496559143,100.0,32261.195496559143,100.0,32261.195496559143,100.0,32261.195496559143,0.0,0.0,414
KANO_W293,Kura,Rigar Duka,30873.55360198021,30,1.5656298428777475,1.2164614487295504,3.9006035686178433,4.526301742874192,30873.55360198021,100.0,30873.55360198021,100.0,30873.55360198021,100.0,30873.55360198021,100.0,30873.55360198021,0.0,0.0,362
KANO_W294,Kura,Tanawa,14539.18121767044,4,0.5696263426705414,1.4286565884374298,1.8369103863343579,1.8421550461345995,14539.18121767044,100.0,14539.18121767044,100.0,14539.18121767044,100.0,14539.18121767044,100.0,14539.18121767044,0.0,0.0,468
KANO_W295,Madobi,Burji,14089.39015007019,18,2.6545570589373138,2.5393904194022823,4.598243681668014,5.3161089757274445,13926.139810562134,98.84132430311581,14089.39015007019,100.0,14089.39015007019,100.0,14089.39015007019,100.0,14089.39015007019,0.0,0.0,211
KANO_W296,Madobi,Cinkoso,7920.3715624809265,10,2.1656026644615887,1.7910034603144562,5.26513328818234,9.22984296246717,7570.469507694244,95.58225201903177,7920.3715624809265,100.0,7920.3715624809265,100.0,7920.3715624809265,100.0,7920.3715624809265,0.0,0.0,279
KANO_W297,Madobi,Galinja,6475.866956472397,5,0.728714843525663,1.3421930585682882,3.2446600453487955,4.300033109344837,6475.866956472397,100.0,6475.866956472397,100.0,6475.866956472397,100.0,6475.866956472397,100.0,6475.866956472397,0.0,0.0,451
KANO_W298,Madobi,Gora,39827.11561369896,64,3.5146932414384024,3.189056749696957,8.959901812941222,13.480516060131349,27210.381865262985,68.32124658282733,36711.429161310196,92.17697188365534,39827.11561369896,100.0,39827.11561369896,100.0,39827.11561369896,0.0,0.0,120
KANO_W299,Madobi,Kafin Agur,15162.483126878738,20,0.7562158615339662,1.055507812017249,3.0330914548535532,3.70770667493298,15162.483126878738,100.0,15162.483126878738,100.0,15162.483126878738,100.0,15162.483126878738,100.0,15162.483126878738,0.0,0.0,448
KANO_W300,Madobi,Kanwa,28439.945814609528,28,3.5937891109385585,3.4889408167372307,9.766806249385535,9.766806249385535,21323.866654396057,74.97857694033313,28439.945814609528,100.0,28439.945814609528,100.0,28439.945814609528,100.0,28439.945814609528,0.0,0.0,111
KANO_W301,Madobi,Kauran Mata,20460.010513067245,17,3.5145729581769265,3.8443113636726416,6.0555711355405535,7.064683628444584,16139.07215809822,78.88105506001885,20460.010513067245,100.0,20460.010513067245,100.0,20460.010513067245,100.0,20460.010513067245,0.0,0.0,121
KANO_W302,Madobi,Kubaraci,43701.88676786423,53,3.9549469902388075,4.667288674344766,6.194860631872027,10.909141056858775,22831.74928879738,52.24431020581586,41462.46019887924,94.8756753206552,43701.88676786423,100.0,43701.88676786423,100.0,43701.88676786423,0.0,0.0,82
KANO_W303,Madobi,Kwankwaso,39595.781901836395,41,2.1759300490425457,2.3379652462651137,5.3161089757274445,9.766806249385535,37236.54125928879,94.04168694434043,39595.781901836395,100.0,39595.781901836395,100.0,39595.781901836395,100.0,39595.7819018364,-7.275957614183426e-12,-1.837558766290198e-14,276
KANO_W304,Madobi,Madobi,35583.91522574425,27,1.515880813889951,1.5609719280457472,4.8246099910395825,9.456148051868926,34751.09947228432,97.6595724552047,35583.91522574425,100.0,35583.91522574425,100.0,35583.91522574425,100.0,35583.91522574425,0.0,0.0,371
KANO_W305,Madobi,Rikadawa,26201.40384197235,36,1.6068730159160933,1.367201849479958,7.783401286299682,11.770208877316978,24560.609375953674,93.73776124395951,26019.897886276245,99.30726629461988,26201.40384197235,100.0,26201.40384197235,100.0,26201.40384197235,0.0,0.0,350
KANO_W306,Madobi,Yakun,7159.754047870636,10,2.598206852864042,3.0007060820825995,8.74078868737705,9.456148051868926,5515.84570813179,77.03959760701898,7159.754047870636,100.0,7159.754047870636,100.0,7159.754047870636,100.0,7159.754047870636,0.0,0.0,220
KANO_W307,Makoda,Babbar Ruga,33312.06169772148,35,1.597336098511664,1.2163808624059067,6.974794909502987,12.50815134067051,30135.82883143425,90.46521678811466,32166.68812251091,96.56168511692894,33312.06169772148,100.0,33312.06169772148,100.0,33312.06169772148,0.0,0.0,353
KANO_W308,Makoda,Durma,8543.574949264526,19,3.328205410695608,5.187481065633692,9.848191225925959,9.848191225925959,5753.9942355155945,67.34878864743766,8543.574949264526,100.0,8543.574949264526,100.0,8543.574949264526,100.0,8543.574949264526,0.0,0.0,135
KANO_W309,Makoda,Jibga,36933.28953075409,52,2.1153431949750967,2.8859328506590414,7.296167237604093,10.722337848611923,30308.73094701767,82.0634482660414,36853.398861408234,99.78368926688934,36933.28953075409,100.0,36933.28953075409,100.0,36933.28953075409,0.0,0.0,284
KANO_W310,Makoda,Kadan Dani,30821.54685640335,61,3.2808712319606084,4.993597359648626,8.271281473410134,9.352021268518481,20979.54988002777,68.06780327337513,30821.54685640335,100.0,30821.54685640335,100.0,30821.54685640335,100.0,30821.54685640335,0.0,0.0,148
KANO_W311,Makoda,Koguna,27478.046658992767,29,4.144161505188862,3.246030488271049,9.343562543566067,10.541343534769446,18333.812643766403,66.7216737466536,24049.21891927719,87.52157392311065,27478.046658992767,100.0,27478.046658992767,100.0,27478.046658992767,0.0,0.0,65
KANO_W312,Makoda,Maitsidau,17253.511739253998,19,1.7189223636936137,2.9012088948363752,3.773365722998144,4.397106047598367,17253.511739253998,100.0,17253.511739253998,100.0,17253.511739253998,100.0,17253.511739253998,100.0,17253.511739253998,0.0,0.0,335
KANO_W313,Makoda,Makoda,31443.963173151016,27,2.15807451692349,1.8149618508835146,9.693992124812787,10.026086768022786,27643.27557826042,87.91282264909952,31057.67500424385,98.77150292162598,31443.963173151016,100.0,31443.963173151016,100.0,31443.963173151016,0.0,0.0,280
KANO_W314,Makoda,Satame,21305.74791574478,31,2.454900131934039,2.9629806668033054,6.4704544004829385,10.990490445776862,18672.018064022064,87.6384069588263,21067.852326869965,98.88342061580944,21305.74791574478,100.0,21305.74791574478,100.0,21305.74791574478,0.0,0.0,244
KANO_W315,Makoda,Tabo,24722.613593816757,34,1.9551291718160848,2.221713754845606,7.28179049882609,10.484032176225504,20277.606692552567,82.0204814333388,24486.94663119316,99.04675546649106,24722.613593816757,100.0,24722.613593816757,100.0,24722.61359381676,-3.637978807091713e-12,-1.4715186941244707e-14,305
KANO_W316,Makoda,Tangaji,15944.268112421036,33,3.430092111514337,3.617430641848089,7.982255231556971,9.848191225925959,10193.223676204681,63.930332859015785,15944.268112421036,100.0,15944.268112421036,100.0,15944.268112421036,100.0,15944.268112421036,0.0,0.0,127
KANO_W317,Makoda,Wailare,14910.067511081696,18,1.5780244453538659,2.6752451058080498,5.5001984811115845,6.464964323836815,13904.020892620087,93.25256832194839,14910.067511081696,100.0,14910.067511081696,100.0,14910.067511081696,100.0,14910.067511081696,0.0,0.0,357
KANO_W318,Minjibir,Azore,37096.74218964577,36,4.3096817130584535,4.483813258042123,7.604974873610905,10.860201654983067,19956.35486316681,53.7954377803475,34923.855763196945,94.14264892765893,37096.74218964577,100.0,37096.74218964577,100.0,37096.74218964577,0.0,0.0,52
KANO_W319,Minjibir,Gandurwawa,33819.99021434784,27,4.502878780654655,5.939253242545212,8.609923950010598,8.832786646184244,18230.95536017418,53.90585640216966,33819.99021434784,100.0,33819.99021434784,100.0,33819.99021434784,100.0,33819.99021434784,0.0,0.0,41
KANO_W320,Minjibir,Kantama,33393.21419835091,30,2.0156654710213524,2.3148743520794985,6.520654901088055,8.01601199018764,27817.81754398346,83.30380351753386,33393.21419835091,100.0,33393.21419835091,100.0,33393.21419835091,100.0,33393.21419835091,0.0,0.0,296
KANO_W321,Minjibir,Kunya,88834.94932198524,46,1.9850869821592394,2.6967157402454607,4.640660030277225,8.096223928671034,87047.20547652245,97.9875669889977,88834.94932198524,100.0,88834.94932198524,100.0,88834.94932198524,100.0,88834.94932198524,0.0,0.0,298
KANO_W322,Minjibir,Kuru,41203.961461782455,35,2.250743194891141,3.153824292416008,5.602601245819109,5.902393794001331,31939.439393758774,77.51545788475528,41203.961461782455,100.0,41203.961461782455,100.0,41203.961461782455,100.0,41203.961461782455,0.0,0.0,264
KANO_W323,Minjibir,Kwarkiya,37251.23609852791,38,2.572740052154952,2.878268723978029,4.804125127703399,6.631390671688672,35836.93067026138,96.20333289202605,37251.23609852791,100.0,37251.23609852791,100.0,37251.23609852791,100.0,37251.23609852791,0.0,0.0,229
KANO_W324,Minjibir,Minjibir,62926.31156206131,26,1.7776703498156816,2.4369281910976124,3.272685313151614,3.9710486419039053,62926.31156206131,100.0,62926.31156206131,100.0,62926.31156206131,100.0,62926.31156206131,100.0,62926.31156206131,0.0,0.0,328
KANO_W325,Minjibir,Sarbi,18778.786769390106,34,4.246617882288963,4.898554959492472,7.490897178329572,11.431963920813784,11057.37204837799,58.88224933892846,18627.20272397995,99.19279106114969,18778.786769390106,100.0,18778.786769390106,100.0,18778.786769390103,3.637978807091713e-12,1.9372810670717612e-14,57
KANO_W326,Minjibir,Tsakiya,23939.673117160797,25,3.6171703852667227,4.0952673295752335,8.01601199018764,8.01601199018764,17394.58390021324,72.66007273818703,23939.673117160797,100.0,23939.673117160797,100.0,23939.673117160797,100.0,23939.6731171608,-3.637978807091713e-12,-1.5196443114688487e-14,106
KANO_W327,Minjibir,Tsakuwa,47722.11996507645,37,2.66313944526185,3.014137112666601,4.519485871371736,6.944296695913972,43841.6127846241,91.86853563233959,47722.11996507645,100.0,47722.11996507645,100.0,47722.11996507645,100.0,47722.11996507645,0.0,0.0,210
KANO_W328,Minjibir,Wasai,52015.27007436752,47,2.09951435082131,2.9960799834566503,5.631467480733585,7.021532980347872,46251.842890262604,88.91973996123676,52015.27007436752,100.0,52015.27007436752,100.0,52015.27007436752,100.0,52015.27007436752,0.0,0.0,287
KANO_W329,Nassarawa,Dakata,54803.56644368172,8,0.8242427754962627,1.099948010600732,2.2234804644089436,3.0486617443267594,54803.56644368172,100.0,54803.56644368172,100.0,54803.56644368172,100.0,54803.56644368172,100.0,54803.56644368172,0.0,0.0,441
KANO_W330,Nassarawa,Gama,51902.1364736557,7,0.7726718081230666,0.6959412770624869,1.807883590155566,2.282073271172476,51902.1364736557,100.0,51902.1364736557,100.0,51902.1364736557,100.0,51902.1364736557,100.0,51902.1364736557,0.0,0.0,447
KANO_W331,Nassarawa,Gawuna,16862.368128299713,4,0.6200395731809478,0.5626841039850938,1.2273756205312778,1.4551331963036165,16862.368128299713,100.0,16862.368128299713,100.0,16862.368128299713,100.0,16862.368128299713,100.0,16862.368128299713,0.0,0.0,460
KANO_W332,Nassarawa,Giginyu,201996.51729106903,21,1.1802045568770732,1.276162605870733,1.8215474716588647,2.556789706536716,201996.51729106903,100.0,201996.51729106903,100.0,201996.51729106903,100.0,201996.51729106903,100.0,201996.51729106903,0.0,0.0,410
KANO_W333,Nassarawa,Gwagwarwa,15968.326427459717,4,1.1084311959788602,0.7575200842190114,1.2643229048251925,1.4551331963036165,15968.326427459717,100.0,15968.326427459717,100.0,15968.326427459717,100.0,15968.326427459717,100.0,15968.326427459717,0.0,0.0,416
KANO_W334,Nassarawa,Hotoro North,175799.07468128204,17,1.4783661426188286,1.5277640258117313,2.535775604460375,3.393161885352129,175799.07468128204,100.0,175799.07468128204,100.0,175799.07468128204,100.0,175799.07468128204,100.0,175799.07468128204,0.0,0.0,380
KANO_W335,Nassarawa,Hotoro South,54607.61873149872,7,0.5438866106107423,0.5274632513236495,1.6101276790760375,2.1110752888839937,54607.61873149872,100.0,54607.61873149872,100.0,54607.61873149872,100.0,54607.61873149872,100.0,54607.61873149872,0.0,0.0,470
KANO_W336,Nassarawa,Kaura Goje,101803.73725438118,8,1.4261999017948856,1.1371160438395762,2.0406599410045683,2.282073271172476,101803.73725438118,100.0,101803.73725438118,100.0,101803.73725438118,100.0,101803.73725438118,100.0,101803.73725438118,0.0,0.0,383
KANO_W337,Nassarawa,Kawaji,127740.56569647789,18,1.600852699036769,1.636734956983636,3.205587438237714,3.482949509996348,127740.56569647789,100.0,127740.56569647789,100.0,127740.56569647789,100.0,127740.56569647789,100.0,127740.56569647788,1.4551915228366852e-11,1.1391772965013639e-14,351
KANO_W338,Nassarawa,Tudun Murtala,88796.23459529877,7,1.6468966534358753,1.4917571361442925,2.0769207781898147,2.3875549288082873,88796.23459529877,100.0,88796.23459529877,100.0,88796.23459529877,100.0,88796.23459529877,100.0,88796.23459529877,0.0,0.0,343
KANO_W339,Nassarawa,Tudun Wada,34267.52355480194,8,0.8397847382279415,0.9330526457784276,1.825036569385176,2.043025419527356,34267.52355480194,100.0,34267.52355480194,100.0,34267.52355480194,100.0,34267.52355480194,100.0,34267.52355480194,0.0,0.0,440
KANO_W340,Rano,Lausu,25470.089806318283,49,3.4354287781520396,3.788293949889148,6.969264313057883,14.657095997839997,21365.35892391205,83.88411303760701,25466.339769124985,99.98527670211682,25470.089806318283,100.0,25470.089806318283,100.0,25470.089806318283,0.0,0.0,126
KANO_W341,Rano,Madachi,35625.957082509995,48,3.5274629286301105,3.6678500927245334,7.854795868085612,23.37121874268331,25619.592046260834,71.91271237127934,33801.72709989548,94.87949199964063,35576.46721410751,99.86108480317354,35625.957082509995,100.0,35625.957082509995,0.0,0.0,118
KANO_W342,Rano,Rano Dawaki,29647.277428627014,21,2.4753630948436696,3.4052412732984094,5.659378025196952,6.5118849033413095,25773.509703159332,86.93381631823223,29647.277428627014,100.0,29647.277428627014,100.0,29647.277428627014,100.0,29647.27742862701,3.637978807091713e-12,1.2270869781718742e-14,241
KANO_W343,Rano,Rano Sabon Gari,47958.424636125565,19,1.8325255086221535,2.2019779846397065,4.355547414048804,5.388835183022928,47848.99843001366,99.77183110800208,47958.424636125565,100.0,47958.424636125565,100.0,47958.424636125565,100.0,47958.424636125565,0.0,0.0,319
KANO_W344,Rano,Rurum Sabon Gari,33805.13409614563,67,1.7561313490504842,2.3992694739823808,7.485219067002952,10.324557575067178,30511.94790482521,90.25832531249772,33616.71452188492,99.44263030069685,33805.13409614563,100.0,33805.13409614563,100.0,33805.13409614563,0.0,0.0,330
KANO_W345,Rano,Rurum Tsohon Gari,30602.616366624832,56,2.9259916478648074,6.187514115739507,14.670017249925364,14.670017249925364,25472.28145289421,83.235633018209,26947.535484552383,88.05631244634797,30602.616366624832,100.0,30602.616366624832,100.0,30602.616366624832,0.0,0.0,174
KANO_W346,Rano,Saji,25126.01541519165,54,6.4632675823206025,5.148374339759476,15.35744966606557,20.70047321054686,12877.57898736,51.25197439612323,20404.669826745987,81.20933418837652,21384.970227003098,85.11086964498698,25126.01541519165,100.0,25126.01541519165,0.0,0.0,8
KANO_W347,Rano,Yalwa,34560.574634075165,88,3.9940059374264236,4.980163575521268,11.172191039254628,15.240493459998131,22291.516733646393,64.49984402651675,32539.465841054916,94.15198151529712,34201.6264333725,98.96139400312876,34560.574634075165,100.0,34560.574634075165,0.0,0.0,78
KANO_W348,Rano,Zinyau,19399.24674654007,34,3.2995167153402676,3.2039036528138847,9.193647498300795,9.26523635823153,15577.2215051651,80.29807398549306,19399.24674654007,100.0,19399.24674654007,100.0,19399.24674654007,100.0,19399.24674654007,0.0,0.0,143
KANO_W349,Rano,Zurgu,30004.029193639755,87,4.5616055879366515,5.2229416425434065,8.006970815365497,12.179248725780885,14027.564460992813,46.752269071803106,29056.344691991806,96.84147587135118,30004.029193639755,100.0,30004.029193639755,100.0,30004.029193639755,0.0,0.0,38
KANO_W350,Rimin Gado,Butu-Butu,22027.975883960724,44,3.604527719625324,3.915626063049136,7.127777308336017,9.834890216661114,15138.124475717545,68.7222673361473,22027.975883960724,100.0,22027.975883960724,100.0,22027.975883960724,100.0,22027.975883960724,0.0,0.0,108
KANO_W351,Rimin Gado,Dawakin Gulu,2212.833703994751,11,2.5589259293964166,2.7034783467820467,4.64574270589506,8.066322975525793,1997.5909185409546,90.27297961590037,2212.833703994751,100.0,2212.833703994751,100.0,2212.833703994751,100.0,2212.833703994751,0.0,0.0,231
KANO_W352,Rimin Gado,Doka Dawa,19934.940731048584,40,3.453073359722713,3.5388140137565927,7.281580977118123,9.02132505866937,14514.392763137817,72.80880820744912,19934.940731048584,100.0,19934.940731048584,100.0,19934.940731048584,100.0,19934.940731048584,0.0,0.0,125
KANO_W353,Rimin Gado,Dugurawa,10192.902290582657,27,2.7391946833223084,2.3661297276218334,5.341010242902085,6.822807191432187,8216.975996255875,80.61468423814516,10192.902290582657,100.0,10192.902290582657,100.0,10192.902290582657,100.0,10192.902290582657,0.0,0.0,197
KANO_W354,Rimin Gado,Gulu,24801.377804279327,26,2.4911198334487894,4.000380810243454,6.843846565050473,7.235415402700063,21717.391900777817,87.56526380171755,24801.377804279327,100.0,24801.377804279327,100.0,24801.377804279327,100.0,24801.377804279327,0.0,0.0,238
KANO_W355,Rimin Gado,Jili,16988.444175958633,36,3.2970307227902427,3.2663410809771807,9.070170785249253,11.416978344147907,13154.869399309158,77.43422095076488,16984.414018392563,99.97627706501945,16988.444175958633,100.0,16988.444175958633,100.0,16988.444175958633,0.0,0.0,144
KANO_W356,Rimin Gado,Karofin Yashi,11955.282813072205,24,1.1938782348222867,1.2176184513816273,2.9724912402587957,4.64574270589506,11955.282813072205,100.0,11955.282813072205,100.0,11955.282813072205,100.0,11955.282813072205,100.0,11955.282813072205,0.0,0.0,407
KANO_W357,Rimin Gado,Rimin Gado,26785.561093568802,24,1.9191850727009334,2.806009914415359,10.942351905901868,13.343203071471024,22260.971280813217,83.1081014246816,26592.74089074135,99.28013379240448,26785.561093568802,100.0,26785.561093568802,100.0,26785.5610935688,3.637978807091713e-12,1.3581865223518464e-14,308
KANO_W358,Rimin Gado,Sakara Tsa,10601.250041246414,16,3.2905440113940494,3.0945639402619247,7.573579981491214,8.602868587874262,9767.390536546707,92.1343284852692,10601.250041246414,100.0,10601.250041246414,100.0,10601.250041246414,100.0,10601.250041246414,0.0,0.0,145
KANO_W359,Rimin Gado,Tamawa,12603.04921078682,26,2.0487393129504965,2.0865474830709414,8.066322975525793,8.066322975525793,11256.032403230667,89.31197692695467,12603.04921078682,100.0,12603.04921078682,100.0,12603.04921078682,100.0,12603.04921078682,0.0,0.0,293
KANO_W360,Rimin Gado,Yalwan Danziyal,18904.0281457901,24,1.2906235955391288,1.8679911886031242,3.923846490887954,9.893943906291742,18895.27935409546,99.95371996049111,18904.0281457901,100.0,18904.0281457901,100.0,18904.0281457901,100.0,18904.0281457901,0.0,0.0,394
KANO_W361,Rimin Gado,Zango,14091.147215366364,31,2.3877803662871178,2.3827881050428865,8.46617483391735,9.779026066324137,12691.205104351044,90.06509484558725,14091.147215366364,100.0,14091.147215366364,100.0,14091.147215366364,100.0,14091.147215366364,0.0,0.0,249
KANO_W362,Rogo,Beli,33321.369710206985,76,2.3683633535371205,2.8062662819019444,12.813857959336369,12.813857959336369,28683.961214780807,86.08277950229144,31093.839982509613,93.31501151642324,33321.369710206985,100.0,33321.369710206985,100.0,33321.369710206985,0.0,0.0,250
KANO_W363,Rogo,Falgore,42211.47146272659,69,5.301757222513104,6.625404092697527,12.344841967502742,22.735192954251147,21089.79351234436,49.962232496365324,37983.122614622116,89.98293899363784,41891.34559583664,99.24161405467082,42211.47146272659,100.0,41175.92832827568,1035.5431344509125,2.514923588838192,23
KANO_W364,Rogo,Fulatan,38374.30983901024,81,3.4746582994095463,5.232301927683579,8.132032278272566,12.813857959336369,26396.3225979805,68.78644256722696,37215.82171082497,96.98108413403286,38374.30983901024,100.0,38374.30983901024,100.0,38374.30983901024,0.0,0.0,123
KANO_W365,Rogo,Gwangwan,36553.89067983627,63,3.278748985300258,6.026210323833464,8.253477239442178,10.49902357666669,24664.146852970123,67.47338352843319,36361.5473845005,99.47380896599915,36553.89067983627,100.0,36553.89067983627,100.0,36553.89067983627,0.0,0.0,149
KANO_W366,Rogo,Jajaye,31628.20753657818,121,6.704151582717092,6.945950272600374,10.267099048193025,13.70634611857275,12905.760741114616,40.80459104800372,25298.86689555645,79.98830432074972,31628.20753657818,100.0,31628.20753657818,100.0,31628.20753657818,0.0,0.0,5
KANO_W367,Rogo,Rogo Ruma,31962.745903253555,85,7.177100412231185,7.2006021032900875,14.316247700902982,17.438296296240026,12704.419652700424,39.74758517667662,22338.38684797287,69.88882280511136,28574.25492143631,89.39862365995181,31962.745903253555,100.0,31962.745903253555,0.0,0.0,3
KANO_W368,Rogo,Rogo Sabon Gari,38057.31451201439,31,0.8856718164663778,1.382503028934685,2.589916346154552,10.900935468377337,37791.23730945587,99.300851344951,37791.23730945587,99.300851344951,38057.31451201439,100.0,38057.31451201439,100.0,38057.31451201439,0.0,0.0,437
KANO_W369,Rogo,Ruwan Bago,57883.68446946144,117,4.0162756070841885,4.353261233233123,7.232129829721439,10.81888370047242,37762.81480169296,65.23913456410338,56153.54649710655,97.01100925379468,57883.68446946144,100.0,57883.68446946144,100.0,57747.2229950428,136.46147441864014,0.23630828867797576,77
KANO_W370,Rogo,Zarewa,40037.516083717346,49,2.5961791884218086,4.395404780057362,6.963781258952625,9.009242819029732,33331.86721730232,83.25158620631285,40037.516083717346,100.0,40037.516083717346,100.0,40037.516083717346,100.0,40037.51608371735,-7.275957614183426e-12,-1.817284968170752e-14,221
KANO_W371,Rogo,Zoza,38602.81891822815,118,4.513111705414783,3.9098803706122536,12.813857959336369,13.70634611857275,24242.653254270554,62.80021494187626,30960.453655719757,80.20257204869645,38602.81891822815,100.0,38602.81891822815,100.0,38602.81891822815,0.0,0.0,39
KANO_W372,Shanono,Alajawa,21685.219534873962,47,3.20210731538471,3.280309187420533,7.0584394673887445,8.236112990438237,15828.635081768036,72.99273616443023,21685.219534873962,100.0,21685.219534873962,100.0,21685.219534873962,100.0,21685.21953487396,3.637978807091713e-12,1.6776306097529475e-14,154
KANO_W373,Shanono,Dutsen Bakoshi,40829.42319869995,74,3.828563529317296,4.111633613003081,9.827288513978921,12.715888250814878,30018.122109889984,73.5208086673284,34425.728373765945,84.31598018475582,40829.42319869995,100.0,40829.42319869995,100.0,40829.42319869995,0.0,0.0,92
KANO_W374,Shanono,Faruruwa,20316.194950580597,42,2.8884228130611658,3.630031941794783,10.067150979551698,10.14151865013389,17227.046099424362,84.79464851232906,18492.580861330032,91.02384037125786,20316.194950580597,100.0,20316.194950580597,100.0,20316.1949505806,-3.637978807091713e-12,-1.7906792172161875e-14,181
KANO_W375,Shanono,Goron Dutse,26471.876638889313,69,3.3272900116036306,3.403892459954572,6.68074756215153,10.390906189153542,20257.057426929474,76.5229367878295,26453.294001102448,99.9298023406487,26471.876638889313,100.0,26471.876638889313,100.0,26471.876638889316,-3.637978807091713e-12,-1.3742806589492902e-14,136
KANO_W376,Shanono,Kadamu,30388.7479224205,55,3.757398074216293,4.036082889120067,7.7061879846828445,9.890187696201716,20056.1346616745,65.99855549453977,30388.7479224205,100.0,30388.7479224205,100.0,30388.7479224205,100.0,30388.7479224205,0.0,0.0,96
KANO_W377,Shanono,Kokiya,27236.005802631378,53,3.5746442249609913,3.114433478282926,5.949053893198235,7.099431487644155,20190.46703696251,74.13152715297127,27236.005802631378,100.0,27236.005802631378,100.0,27236.005802631378,100.0,27236.005802631375,3.637978807091713e-12,1.3357240534661047e-14,113
KANO_W378,Shanono,Leni,13215.01634144783,40,2.7128501643393634,3.6215874823910346,6.03676038379151,7.873136154258839,10636.752138137817,80.4898901621219,13215.01634144783,100.0,13215.01634144783,100.0,13215.01634144783,100.0,13215.01634144783,0.0,0.0,204
KANO_W379,Shanono,Shakogi,26755.797023534775,59,4.097452151596276,4.374208256830834,7.929982759171585,9.800877909610437,14520.561136245728,54.27071046873782,26755.797023534775,100.0,26755.797023534775,100.0,26755.797023534775,100.0,26755.79702353477,3.637978807091713e-12,1.3596974158129903e-14,70
KANO_W380,Shanono,Shanono,55399.73110771179,59,2.112135119287004,3.852957873220137,6.7815684120538835,9.745415754252788,49739.31452488899,89.78259195551429,55399.73110771179,100.0,55399.73110771179,100.0,55399.73110771179,100.0,55399.73110771179,0.0,0.0,285
KANO_W381,Shanono,Tsaure,32465.493579149246,52,2.8556691057407857,3.114903059225635,7.070100177908503,9.001989168796422,25794.722968816757,79.45273619798976,32465.493579149246,100.0,32465.493579149246,100.0,32465.493579149246,100.0,32373.06569504738,92.42788410186768,0.28550859215044266,185
KANO_W382,Sumaila,Gala,47001.60040688515,94,2.3618984975147073,3.952989496311522,6.012609376866062,15.587380551433537,38563.49605989456,82.04719781040795,46949.005830049515,99.8881004553455,46949.005830049515,99.8881004553455,47001.60040688515,100.0,47001.60040688515,0.0,0.0,252
KANO_W383,Sumaila,Gani,58674.94805884361,128,4.494296001618872,4.880377659832197,9.145607853060614,12.1507553666905,35125.222808122635,59.864088457132404,56642.47917461395,96.53605337291249,58674.94805884361,100.0,58674.94805884361,100.0,58674.94805884361,0.0,0.0,42
KANO_W384,Sumaila,Garfa,36573.012796640396,72,4.773888274380595,4.833268330721659,10.040058142189137,14.355996242268661,18754.697911977768,51.28015571552962,34267.408611536026,93.69588664208663,36573.012796640396,100.0,36573.012796640396,100.0,36573.0127966404,-7.275957614183426e-12,-1.9894334805394527e-14,33
KANO_W385,Sumaila,Gediya,51390.84586119652,165,4.131446262496873,6.83636871652718,12.810524537688245,14.545613982967067,32947.47564339638,64.11156518494649,46228.837040662766,89.95539237770863,51390.84586119652,100.0,51390.84586119652,100.0,51390.84586119652,0.0,0.0,66
KANO_W386,Sumaila,Kanawa,32763.115164995193,65,2.2296507331328304,3.800963193999463,7.186672439933882,12.977136945379632,29141.176072835922,88.94507108399439,32466.852642059326,99.09574373058274,32763.115164995193,100.0,32763.115164995193,100.0,32763.115164995197,-3.637978807091713e-12,-1.1103885539488033e-14,269
KANO_W387,Sumaila,Magami,58535.92874240875,207,4.6661225589167055,8.804197298341169,14.548805558395753,19.007754189865867,37055.2186152935,63.30337522849848,47358.97898030281,80.90582997104077,55400.23456144333,94.64312901779648,58535.92874240875,100.0,58535.92874240875,0.0,0.0,34
KANO_W388,Sumaila,Massu,53879.07920587063,227,5.472783920730611,6.168775028997092,14.907387190428663,34.07696554845645,32995.271854519844,61.23948727565616,45184.650411486626,83.86307093118127,51415.923172831535,95.42836279063451,52384.84134924412,97.22668264073879,53586.39069545269,292.68851041793823,0.5461993364721531,20
KANO_W389,Sumaila,Rimi,42757.55121874809,76,2.780475594934239,4.317177038484283,8.335745650597246,16.2921020558021,36577.31380486488,85.54585742699565,41631.92031478882,97.36741026584863,42293.87390422821,98.9155662536713,42757.55121874809,100.0,42757.55121874809,0.0,0.0,192
KANO_W390,Sumaila,Rumo,26685.537042617798,101,3.5432187042282153,4.9870643193067385,11.356392628295607,15.587380551433537,18702.527703523636,70.08488408404523,24192.12374997139,90.65631211144698,25731.706415891647,96.42566448933425,26685.537042617798,100.0,26685.5370426178,-3.637978807091713e-12,-1.3632773443089134e-14,115
KANO_W391,Sumaila,Sitti,45607.68698942661,109,5.37244628130721,5.605822830741097,15.88617817519288,20.202109108378114,26388.89821600914,57.86063700649184,34562.53339755535,75.78225443787163,43439.14858686924,95.24523485907078,45607.68698942661,100.0,45607.68698942661,0.0,0.0,22
KANO_W392,Sumaila,Sumaila,55695.37650823593,32,1.6931996029444991,3.334332401175358,5.170848109560564,14.53063021837708,54475.4596760273,97.8096622939101,54774.84884810448,98.34720991607745,55695.37650823593,100.0,55695.37650823593,100.0,55695.37650823593,0.0,0.0,337
KANO_W393,Takai,Bagwaro,26676.15706551075,79,2.4686792878809762,4.75430100731319,11.096770146038875,11.096770146038875,20588.530386328697,77.17952153216002,25223.465178608894,94.55434347858139,26676.15706551075,100.0,26676.15706551075,100.0,26673.85618960857,2.3008759021795413,0.008625959013289957,243
KANO_W394,Takai,Durbunde,64324.04556274414,99,2.735481382303821,4.361114856615161,6.980495250275072,12.528955741674192,53312.68586015701,82.88142543545986,63040.93236732483,98.00523554730756,64324.04556274414,100.0,64324.04556274414,100.0,64324.04556274414,0.0,0.0,199
KANO_W395,Takai,Fajewa,38740.45190739632,100,3.6834095323022082,4.139624441514571,8.002366488472592,11.743601067390717,26202.654906749725,67.63642037367954,38517.775315999985,99.42520910202956,38740.45190739632,100.0,38740.45190739632,100.0,38740.45190739632,0.0,0.0,102
KANO_W396,Takai,Falali,31340.30530309677,47,2.3202893758986054,3.5206113231998426,6.357335922043864,7.431033675540619,28440.09710407257,90.74607547381606,31340.30530309677,100.0,31340.30530309677,100.0,31340.30530309677,100.0,31340.30530309677,0.0,0.0,260
KANO_W397,Takai,Farun Ruwa,37682.06753706932,27,1.2308914358802414,2.1436412267100406,7.666921151834979,9.14233919905819,37331.23291325569,99.068961321009,37682.06753706932,100.0,37682.06753706932,100.0,37682.06753706932,100.0,36708.21727395058,973.8502631187439,2.6529489456024926,403
KANO_W398,Takai,Kachako,82189.4098482132,47,1.5208007446136853,1.837022089048474,8.96232933316718,10.961611979208033,79445.9289252758,96.66200191970714,81855.80128312111,99.59409787014143,82189.4098482132,100.0,82189.4098482132,100.0,82189.4098482132,0.0,0.0,369
KANO_W399,Takai,Karfi,27121.89370894432,71,2.5906452507052116,2.7688297183683703,6.333213855817473,8.321233696479583,22309.7474732399,82.25733686834168,27121.89370894432,100.0,27121.89370894432,100.0,27121.89370894432,100.0,27121.89370894432,0.0,0.0,222
KANO_W400,Takai,Kuka,27273.86196041107,69,3.8952339390496844,3.7728034243689446,7.431033675540619,8.766606437289196,18798.167272090912,68.92374574373473,27273.86196041107,100.0,27273.86196041107,100.0,27273.86196041107,100.0,27273.86196041107,0.0,0.0,88
KANO_W401,Takai,Takai,81534.72395372391,81,2.340339876774772,4.009567504562095,5.9478371273781505,9.912274384224634,72752.80670499802,89.22923041511714,81534.72395372391,100.0,81534.72395372391,100.0,81534.72395372391,100.0,81534.72395372391,0.0,0.0,254
KANO_W402,Takai,Zuga,39519.34708738327,63,3.9152071156676986,4.500265525220169,8.50081929416,10.2355315734495,24953.453790187836,63.142373620221925,39236.91124200821,99.28532259212038,39519.34708738327,100.0,39519.34708738327,100.0,39519.34708738327,0.0,0.0,85
KANO_W403,Tarauni,Babban Giji,39371.632573366165,8,0.7884929156465853,0.90372368466065,1.5706916293350635,2.1674756476554045,39371.632573366165,100.0,39371.632573366165,100.0,39371.632573366165,100.0,39371.632573366165,100.0,39371.632573366165,0.0,0.0,444
KANO_W404,Tarauni,Darmanawa,82599.93442821503,16,1.303797482493218,1.1518012821941546,1.842111290186387,2.0341583885208747,82599.93442821503,100.0,82599.93442821503,100.0,82599.93442821503,100.0,82599.93442821503,100.0,82599.93442821503,0.0,0.0,391
KANO_W405,Tarauni,Daurawa,17272.833315849304,4,0.6054341448652634,0.8933099962769856,1.498668109855664,1.5795731568135492,17272.833315849304,100.0,17272.833315849304,100.0,17272.833315849304,100.0,17272.833315849304,100.0,17272.833315849304,0.0,0.0,462
KANO_W406,Tarauni,Gyadi Gyadi Arewa,8924.616729736328,4,1.0480226411002627,1.0292354379463489,1.8752452792788064,2.1674756476554045,8924.616729736328,100.0,8924.616729736328,100.0,8924.616729736328,100.0,8924.616729736328,100.0,8924.616729736328,0.0,0.0,426
KANO_W407,Tarauni,Gyadi Gyadi Kudu,11535.66261100769,3,0.586436675613021,0.5780323040362227,0.869487191336854,0.9423509131620118,11535.66261100769,100.0,11535.66261100769,100.0,11535.66261100769,100.0,11535.66261100769,100.0,11535.66261100769,0.0,0.0,464
KANO_W408,Tarauni,Hotoro,79935.41353750229,12,1.2074933563704473,0.8194700738380125,2.4332844366520976,3.2143444057680086,79935.41353750229,100.0,79935.41353750229,100.0,79935.41353750229,100.0,79935.41353750229,100.0,79935.41353750229,0.0,0.0,406
KANO_W409,Tarauni,Tarauni,33592.345363140106,10,1.0690482644271604,1.2944432398967776,1.6383634058977345,2.1674756476554045,33592.345363140106,100.0,33592.345363140106,100.0,33592.345363140106,100.0,33592.345363140106,100.0,33592.345363140106,0.0,0.0,424
KANO_W410,Tarauni,Unguwa Uku Cikin Gari,29759.60682106018,3,1.0779877834487754,0.8872349033892918,1.2253587142410036,1.3098896669539315,29759.60682106018,100.0,29759.60682106018,100.0,29759.60682106018,100.0,29759.60682106018,100.0,29759.60682106018,0.0,0.0,422
KANO_W411,Tarauni,Unguwa Uku Kauyen Alu,73698.16828632355,10,0.9124546304007484,1.2930261364123323,2.67614669585935,4.008195748886083,73698.16828632355,100.0,73698.16828632355,100.0,73698.16828632355,100.0,73698.16828632355,100.0,73698.16828632355,0.0,0.0,435
KANO_W412,Tarauni,Unguwar Gano,25287.874848127365,8,1.3331550237855576,1.247675390441639,1.9230051988705046,1.9305049179451093,25287.874848127365,100.0,25287.874848127365,100.0,25287.874848127365,100.0,25287.874848127365,100.0,25287.874848127365,0.0,0.0,385
KANO_W413,Tofa,Dindere,9148.623517036438,14,1.0965042923736854,1.0004778433023507,6.085626605959028,6.504910250658629,8488.853113651276,92.78830960573963,9148.623517036438,100.0,9148.623517036438,100.0,9148.623517036438,100.0,9148.623517036438,0.0,0.0,418
KANO_W414,Tofa,Doka,14931.323156356812,17,1.1415773498955928,0.9739856250875111,2.367543448389966,2.869075868831156,14931.323156356812,100.0,14931.323156356812,100.0,14931.323156356812,100.0,14931.323156356812,100.0,14931.323156356812,0.0,0.0,412
KANO_W415,Tofa,Gajida,9602.482651948929,20,1.1916792577193587,1.4015293922771503,5.107298101659956,5.107298101659956,8461.73474907875,88.12028155407653,9602.482651948929,100.0,9602.482651948929,100.0,9602.482651948929,100.0,9602.482651948929,0.0,0.0,408
KANO_W416,Tofa,Ginsawa,10344.51134634018,21,1.2953952166412623,0.0,2.9673387047263295,5.133299444896341,10282.056485652924,99.39625122351138,10344.51134634018,100.0,10344.51134634018,100.0,10344.51134634018,100.0,10344.51134634018,0.0,0.0,392
KANO_W417,Tofa,Janguza,17392.322745084763,20,1.2740337574372966,2.0099496808022703,5.047129002726786,7.495087819789971,17246.553842306137,99.16187788764545,17392.322745084763,100.0,17392.322745084763,100.0,17392.322745084763,100.0,17392.322745084763,0.0,0.0,397
KANO_W418,Tofa,Jauben Kudu,9522.32709479332,15,1.480678661723612,0.9033214766730797,4.154513842481844,4.310436113855524,9522.32709479332,100.0,9522.32709479332,100.0,9522.32709479332,100.0,9522.32709479332,100.0,9522.32709479332,0.0,0.0,379
KANO_W419,Tofa,Kwami,5437.159482240677,10,1.6430088277338633,1.4437401337237667,4.406001027121961,5.646003837096733,5333.930412530899,98.10141545329039,5437.159482240677,100.0,5437.159482240677,100.0,5437.159482240677,100.0,5437.159482240677,0.0,0.0,345
KANO_W420,Tofa,Lambu,27404.61713409424,26,1.1909922624796736,1.9407813718620535,5.8171916636854135,7.495087819789971,27186.75929927826,99.20503237191758,27404.61713409424,100.0,27404.61713409424,100.0,27404.61713409424,100.0,27404.61713409424,0.0,0.0,409
KANO_W421,Tofa,Langel,17548.471397399902,23,1.9653334363497432,2.4364022276628416,4.3842667896120116,8.199854621310356,17170.277156591415,97.84485934846427,17548.471397399902,100.0,17548.471397399902,100.0,17548.471397399902,100.0,17548.471397399902,0.0,0.0,302
KANO_W422,Tofa,Tofa,30974.097593307495,12,0.9197535679923194,1.0667921205920146,2.2144142026589706,2.9673387047263295,30974.097593307495,100.0,30974.097593307495,100.0,30974.097593307495,100.0,30974.097593307495,100.0,30974.09759330749,3.637978807091713e-12,1.174522936828921e-14,434
KANO_W423,Tofa,Unguwar Rimi,19878.798130750656,21,3.3174438976478497,3.9823820751707,5.988379490274095,7.495087819789971,17416.59896683693,87.6139435205344,19878.798130750656,100.0,19878.798130750656,100.0,19878.798130750656,100.0,19878.798130750656,0.0,0.0,138
KANO_W424,Tofa,Wangara,14813.595254421234,32,3.795169748006269,1.22057437133306,8.841272621204576,12.163598674347684,9988.307669401169,67.42662735044067,13179.574784517288,88.96945378998214,14813.595254421234,100.0,14813.595254421234,100.0,14813.595254421234,0.0,0.0,94
KANO_W425,Tofa,Yalwa Karama,6409.275157690048,15,1.5575263882675978,0.9801375446126385,4.879775985780909,5.110633121137831,6318.237327098846,98.57959241331726,6409.275157690048,100.0,6409.275157690048,100.0,6409.275157690048,100.0,6409.275157690048,0.0,0.0,363
KANO_W426,Tofa,Yanoko,18729.793099164963,25,0.3458186703328324,0.11720494364286152,2.1108258115679446,3.772293951671764,18729.793099164963,100.0,18729.793099164963,100.0,18729.793099164963,100.0,18729.793099164963,100.0,18729.793099164963,0.0,0.0,481
KANO_W427,Tofa,Yarimawa,10843.612566947937,19,1.9465558098961175,1.5559015022013014,5.752610905832038,6.38956025006642,9890.88204407692,91.21390111469859,10843.612566947937,100.0,10843.612566947937,100.0,10843.612566947937,100.0,10843.612566947935,1.8189894035458565e-12,1.677475465224808e-14,307
KANO_W428,Tsanyawa,Daddarawa,15578.756290435791,56,6.076946236581485,5.7539222017126015,14.435226095495718,18.728144632859085,6229.827347040176,39.98924709326656,11146.279317855835,71.54794073451698,14742.331981420517,94.63099432700686,15578.756290435791,100.0,15578.756290435793,-1.8189894035458565e-12,-1.1676088704607195e-14,10
KANO_W429,Tsanyawa,Dunbulum,22638.363799333572,38,2.129523125904209,2.4805934531747615,5.833468229114885,8.934672919051424,21362.393018722534,94.36367931922447,22638.363799333572,100.0,22638.363799333572,100.0,22638.363799333572,100.0,22638.36379933357,3.637978807091713e-12,1.6069972367874078e-14,281
KANO_W430,Tsanyawa,Gozarki,17518.162175655365,42,3.910529624778804,4.986366048375821,9.951806684222724,12.630873045300357,12210.169916391373,69.70006210674084,16841.649029493332,96.1382184993003,17518.162175655365,100.0,17518.162175655365,100.0,17518.162175655365,0.0,0.0,86
KANO_W431,Tsanyawa,Gurun,26480.685334205627,59,2.903658465040811,4.177376692223147,7.4198828611145204,8.383763158391584,18559.390816688538,70.08651997656195,26480.685334205627,100.0,26480.685334205627,100.0,26480.685334205627,100.0,25998.763340711597,481.9219934940302,1.8536342947488813,178
KANO_W432,Tsanyawa,Kabagiwa,34509.61428451538,76,4.1137862347337375,4.334711140677496,8.157676907438942,10.674804102048608,21941.785452842712,63.581659510718126,32420.00014591217,93.94483484696372,34509.61428451538,100.0,34509.61428451538,100.0,34509.61428451538,0.0,0.0,68
KANO_W433,Tsanyawa,Tatsan,25276.440741300583,68,2.3273615224634363,2.5873284989659258,7.5288638273893405,10.173428738547518,20399.963675498962,80.70742192023233,25272.910564661026,99.98603372731276,25276.440741300583,100.0,25276.440741300583,100.0,25276.440741300583,0.0,0.0,256
KANO_W434,Tsanyawa,Tsanyawa,29415.22591137886,40,2.0856708418779313,3.4075904169511886,7.154289635239347,7.522776765235227,25447.10834288597,86.50998778507467,29415.22591137886,100.0,29415.22591137886,100.0,29415.22591137886,100.0,29415.22591137886,0.0,0.0,289
KANO_W435,Tsanyawa,Yanganau,21460.144567728043,71,4.37282663960434,4.615725134707802,9.015538541473592,11.99806700207341,13461.73067331314,62.72898409807086,20373.843576192856,94.9380537111163,21460.144567728043,100.0,21460.144567728043,100.0,21460.144567728043,0.0,0.0,49
KANO_W436,Tsanyawa,Yankamaye,33335.04125928879,84,2.7921994724976997,2.9711609050410432,8.138278413313493,9.061441052398957,26499.615747213364,79.49477410599954,33335.04125928879,100.0,33335.04125928879,100.0,33335.04125928879,100.0,32966.875036239624,368.1662230491638,1.1167762265742456,190
KANO_W437,Tsanyawa,Zarogi,21105.848551273346,62,3.0758467103534013,3.2520276423036965,7.4586913446166365,7.860282441712839,14642.462224245071,69.37632566003451,21105.848551273346,100.0,21105.848551273346,100.0,21105.848551273346,100.0,21105.848551273342,3.637978807091713e-12,1.7236827973316566e-14,165
KANO_W438,Tudun Wada,Baburi,46754.18149924278,122,5.781457450052195,6.503370105006865,10.919714272482329,16.406041772051957,19303.5814037323,41.28739031405124,40116.140761852264,85.80225228090448,46548.622505903244,99.56034094331676,46754.18149924278,100.0,46754.18149924278,0.0,0.0,15
KANO_W439,Tudun Wada,Burum-Burum,45528.21933889389,84,3.4005832498811266,4.92458037004222,11.348892442297778,14.271306875292495,36849.079441308975,80.93679036076315,44144.69964122772,96.96118205860897,45528.21933889389,100.0,45528.21933889389,100.0,45528.21933889389,0.0,0.0,131
KANO_W440,Tudun Wada,Dalawa,43358.391969680786,69,4.503224544595949,5.938346508869678,11.65487371582827,16.406041772051957,29885.502935886383,68.92668657265799,37138.10502743721,85.65378774518844,43242.040912628174,99.73165273948818,43358.391969680786,100.0,43358.39196968079,-7.275957614183426e-12,-1.6780967382903133e-14,40
KANO_W441,Tudun Wada,Jandutse,42792.77407622337,86,3.624775619613622,4.911127580815425,7.345451807450238,8.635148207484184,28325.903959989548,66.19319399470308,42792.77407622337,100.0,42792.77407622337,100.0,42792.77407622337,100.0,42792.77407622337,0.0,0.0,105
KANO_W442,Tudun Wada,Jita,26882.609112620354,61,3.0429639063568668,3.949181915196827,7.054744745512502,8.711130854182443,20827.709524989128,77.47651813756173,26882.609112620354,100.0,26882.609112620354,100.0,26882.609112620354,100.0,26882.609112620357,-3.637978807091713e-12,-1.3532833780571622e-14,168
KANO_W443,Tudun Wada,Karefa,34298.20353937149,61,5.895279486325164,6.050595495443556,10.28762991785134,12.94000601145974,13607.369089126587,39.67370790574047,29626.311834573746,86.37861105630562,34298.20353937149,100.0,34298.20353937149,100.0,34298.20353937149,0.0,0.0,12
KANO_W444,Tudun Wada,Nata-Ala,54152.15149855614,129,5.2512985326173816,7.9429231242572715,14.595403197664506,17.461726116679188,30050.53070664406,55.49277337105488,44826.48626279831,82.77877244451408,53367.78535223007,98.55155127798204,54152.15149855614,100.0,54152.15149855614,0.0,0.0,26
KANO_W445,Tudun Wada,Sabon Gari,40104.596873283386,37,1.8123192745913919,2.9176379372548253,6.133470950247227,6.875305335792847,37517.57274079323,93.54930772483698,40104.596873283386,100.0,40104.596873283386,100.0,40104.596873283386,100.0,40104.596873283386,0.0,0.0,322
KANO_W446,Tudun Wada,Shuwaki,28407.319559812546,48,2.69328902484625,3.180305526127395,6.124287154104422,12.923946777296225,22950.426773786545,80.79053965462552,28402.706087827682,99.98375956599794,28407.319559812546,100.0,28407.319559812546,100.0,28407.319559812546,0.0,0.0,208
KANO_W447,Tudun Wada,Tsohon Gari,32873.72949075699,9,1.5762709677113862,2.9176379372548253,5.106452647459818,5.140445234002241,32422.62037229538,98.62775193003749,32873.72949075699,100.0,32873.72949075699,100.0,32873.72949075699,100.0,32873.72949075699,0.0,0.0,359
KANO_W448,Tudun Wada,Yaryasa,38996.5299243927,87,2.7851203385732344,4.563637647781299,11.069819866516532,12.639898066052483,31345.775773525238,80.38093603276776,37310.900985240936,95.67748991405159,38996.5299243927,100.0,38996.5299243927,100.0,38996.5299243927,0.0,0.0,191
KANO_W449,Ungogo,Bachirawa,179187.6437549591,31,1.8464857763213034,2.1179050584673784,4.071343861760031,4.86279742786443,179187.6437549591,100.0,179187.6437549591,100.0,179187.6437549591,100.0,179187.6437549591,100.0,179187.6437549591,0.0,0.0,317
KANO_W450,Ungogo,Fanisau,48616.17567753792,25,1.2724628159258313,1.44780881926776,3.251284206778159,5.302847771209888,48480.05264663696,99.72000465070755,48616.17567753792,100.0,48616.17567753792,100.0,48616.17567753792,100.0,48616.17567753792,0.0,0.0,399
KANO_W451,Ungogo,Gayawa,132173.87039351463,25,1.742245180204893,2.282073271172476,4.970583196025531,7.885379179977457,128654.21931171417,97.33710523016268,132173.87039351463,100.0,132173.87039351463,100.0,132173.87039351463,100.0,132173.87039351463,0.0,0.0,333
KANO_W452,Ungogo,Kadawa,102957.72483706474,17,1.535868745886051,1.7862476974865835,2.638646348661196,3.409244515139082,102957.72483706474,100.0,102957.72483706474,100.0,102957.72483706474,100.0,102957.72483706474,100.0,102957.72483706474,0.0,0.0,366
KANO_W453,Ungogo,Karo,20618.31839132309,22,0.38315064802504906,0.8664279767292349,3.1417496538568352,5.302847771209888,20611.37668609619,99.96633234051804,20618.31839132309,100.0,20618.31839132309,100.0,20618.31839132309,100.0,20618.31839132309,0.0,0.0,479
KANO_W454,Ungogo,Rangaza,108730.4357457161,27,1.947401276884946,2.138019194431134,5.043615092914802,7.449185866624257,108162.3658361435,99.47754287410278,108730.4357457161,100.0,108730.4357457161,100.0,108730.4357457161,100.0,108730.4357457161,0.0,0.0,306
KANO_W455,Ungogo,Rijiyar Zaki,101369.39772629738,34,2.3365418439121712,2.910125807207252,5.19535914477565,8.199854621310356,99869.956097126,98.52081430608877,101369.39772629738,100.0,101369.39772629738,100.0,101369.39772629738,100.0,101369.39772629738,0.0,0.0,255
KANO_W456,Ungogo,Tudun Fulani,257579.60654568672,40,1.9629348407276355,2.272534840869028,3.4394907623078557,4.86279742786443,257579.60654568672,100.0,257579.60654568672,100.0,257579.60654568672,100.0,257579.60654568672,100.0,257579.60654568672,0.0,0.0,303
KANO_W457,Ungogo,Ungogo,88427.56577372551,42,1.708319829822139,1.8481145854943704,4.2823079069358165,6.033669467229129,88393.63746929169,99.961631529561,88427.56577372551,100.0,88427.56577372551,100.0,88427.56577372551,100.0,88427.56577372551,0.0,0.0,336
KANO_W458,Ungogo,Yada Kunya,61103.45094561577,25,2.5742761525588382,2.6211952647647827,3.575862742850215,6.564062215810211,61099.58888530731,99.99367947268331,61103.45094561577,100.0,61103.45094561577,100.0,61103.45094561577,100.0,61103.45094561577,0.0,0.0,228
KANO_W459,Ungogo,Zango,188218.12147951126,12,1.1347908916487632,1.3409289640212538,2.6591509794905197,2.8457631715821234,188218.12147951126,100.0,188218.12147951126,100.0,188218.12147951126,100.0,188218.12147951126,100.0,188218.1214795113,-2.9103830456733704e-11,-1.546282059769778e-14,415
KANO_W460,Warawa,Amarawa,6501.049716949463,13,2.238393741822526,2.6672478125976853,4.1569477758276925,4.31445515209347,6501.049716949463,100.0,6501.049716949463,100.0,6501.049716949463,100.0,6501.049716949463,100.0,6501.049716949463,0.0,0.0,267
KANO_W461,Warawa,Danlasan,9754.787987232208,25,1.8123007742139787,1.3955260935386002,6.370127305415053,9.280745365138179,8799.48022556305,90.20678088627311,9754.787987232208,100.0,9754.787987232208,100.0,9754.787987232208,100.0,9754.787987232208,0.0,0.0,323
KANO_W462,Warawa,Garin Dau,28690.928049325943,33,2.1710480838686617,3.104885667730507,6.455510824575167,6.75486323947233,23106.173744916916,80.53477289125112,28690.928049325943,100.0,28690.928049325943,100.0,28690.928049325943,100.0,28690.928049325943,0.0,0.0,278
KANO_W463,Warawa,Gogel,8027.991742134094,14,2.9022310895973926,2.6672478125976853,18.61105730198591,19.710852466543365,7093.17330622673,88.35551323500914,7093.17330622673,88.35551323500914,7642.846248626709,95.20246774188882,8027.991742134094,100.0,8027.991742134094,0.0,0.0,179
KANO_W464,Warawa,Imawa,19776.486533164978,39,4.193682469250075,4.670489389425571,13.767877705140066,16.044868584685165,12877.223307132721,65.11380717468566,18665.383625268936,94.38169714305556,18852.02094054222,95.32543057599014,19776.486533164978,100.0,19776.486533164974,3.637978807091713e-12,1.8395475864688392e-14,59
KANO_W465,Warawa,Jemagu,10588.644458532333,17,2.639854952919066,1.4714226277641385,8.56208284418076,8.56208284418076,7941.947502374649,75.00438354953948,10588.644458532333,100.0,10588.644458532333,100.0,10588.644458532333,100.0,10588.644458532332,1.8189894035458565e-12,1.717868052581664e-14,214
KANO_W466,Warawa,Jigawa,21080.07378935814,21,3.9274529742829483,3.7095360163494293,11.46643622931108,14.11737641717351,15591.780413150787,73.96454381019288,19306.925412893295,91.58850963149861,21080.07378935814,100.0,21080.07378935814,100.0,21080.07378935814,0.0,0.0,84
KANO_W467,Warawa,Juma Galadima,36459.31873011589,31,2.4899499077166514,2.5476335419238225,6.646403530081587,8.292669747708057,34502.42826795578,94.63267408629966,36459.31873011589,100.0,36459.31873011589,100.0,36459.31873011589,100.0,36459.31873011589,0.0,0.0,239
KANO_W468,Warawa,Katarkawa,17730.833084583282,29,5.875634262419701,5.81294939804029,13.198629985253781,19.154038292241957,8569.160374641418,48.3291469372197,13959.595120668411,78.73062170330896,17726.536680698395,99.97576874214317,17730.833084583282,100.0,17730.833084583282,0.0,0.0,13
KANO_W469,Warawa,Madari,25817.738194704056,48,3.2129852438818247,3.4068108491196405,6.848985344036574,15.037374077642419,18472.611273527145,71.55007589826904,25722.39910173416,99.63072252011041,25722.39910173416,99.63072252011041,25817.738194704056,100.0,25817.738194704056,0.0,0.0,153
KANO_W470,Warawa,Tamburawar Gabas,19132.221601247787,26,3.1819256915360676,3.4063715533854824,6.920602409738489,15.037374077642419,13967.886682748795,73.00713411054062,19128.484667539597,99.98046785268289,19128.484667539597,99.98046785268289,19132.221601247787,100.0,19132.221601247787,0.0,0.0,156
KANO_W471,Warawa,Tanagar,25289.309447050095,23,2.9510868360834954,4.368807946560311,6.82528476305526,8.166263888051946,19153.4716091156,75.7374243421652,25289.309447050095,100.0,25289.309447050095,100.0,25289.309447050095,100.0,25289.30944705009,3.637978807091713e-12,1.4385441463748906e-14,172
KANO_W472,Warawa,Warawa,11058.20673918724,14,2.2691140424064598,2.7010746940319503,3.981226980553876,6.184932792938716,11054.333978414536,99.96497840143482,11058.20673918724,100.0,11058.20673918724,100.0,11058.20673918724,100.0,11058.20673918724,0.0,0.0,262
KANO_W473,Warawa,Yandalla,13790.930941343307,29,2.1860421703748725,2.822496307050377,8.47432165587035,9.280745365138179,12605.484278917313,91.40415779421976,13790.930941343307,100.0,13790.930941343307,100.0,13790.930941343307,100.0,13790.930941343307,0.0,0.0,274
KANO_W474,Warawa,Yangizo,15375.028424263,21,9.810709529465088,7.488846966538368,19.710852466543365,20.023961040974434,7899.504898071289,51.37879866033451,8497.209268808365,55.266299575739986,9939.693166255951,64.64829132003644,15375.028424263,100.0,15375.028424263,0.0,0.0,1
KANO_W475,Wudil,Achika,23672.907896518707,34,5.785060911322016,7.481681341841817,9.119104749091369,10.695832787872297,8689.212788105011,36.705303911492976,23042.55499982834,97.33723926335612,23672.907896518707,100.0,23672.907896518707,100.0,23672.907896518707,0.0,0.0,14
KANO_W476,Wudil,Dagumawa,50724.91078042984,37,1.5031957961607005,2.365611444399198,4.148114747231903,6.464818456878715,50636.7926697731,99.82628237427924,50724.91078042984,100.0,50724.91078042984,100.0,50724.91078042984,100.0,50724.91078042984,0.0,0.0,375
KANO_W477,Wudil,Dankaza,37540.14200258255,53,2.2083266229873586,2.0795278093060587,5.2720861865187745,10.11421185537624,30956.71337914467,82.4629629185074,37511.4904756546,99.9236776277352,37540.14200258255,100.0,37540.14200258255,100.0,37540.14200258255,0.0,0.0,271
KANO_W478,Wudil,Darki,45803.447486400604,39,5.087668812681113,2.8884177596526865,7.949859096861076,12.588659072196327,25733.10233259201,56.18158401773658,44510.63797044754,97.17748425740899,45803.447486400604,100.0,45803.447486400604,100.0,45803.44748640061,-7.275957614183426e-12,-1.588517461779206e-14,28
KANO_W479,Wudil,Indabo,22445.839256048203,19,1.59559592344578,2.1048808210999836,3.257322039803215,3.257322039803215,22445.839256048203,100.0,22445.839256048203,100.0,22445.839256048203,100.0,22445.839256048203,100.0,22445.839256048203,0.0,0.0,355
KANO_W480,Wudil,Kausani,36516.987255096436,40,1.91574497076661,1.5875858369378606,4.7246497127498674,5.000132277376542,36048.66867160797,98.71753225364148,36516.987255096436,100.0,36516.987255096436,100.0,36516.987255096436,100.0,36516.98725509644,-7.275957614183426e-12,-1.992485733654812e-14,309
KANO_W481,Wudil,Lajawa,36664.14320063591,51,2.7331055628333307,3.465646501068514,5.449730621997893,6.8157654968499015,29188.957748889923,79.61172742851295,36664.14320063591,100.0,36664.14320063591,100.0,36664.14320063591,100.0,36664.14320063591,0.0,0.0,200
KANO_W482,Wudil,Sabon Gari,47099.37911581993,12,1.0864014658041115,1.4515284109458317,3.1623859036545325,6.464818456878715,47081.87807059288,99.96284230162776,47099.37911581993,100.0,47099.37911581993,100.0,47099.37911581993,100.0,47099.37911581993,0.0,0.0,420
KANO_W483,Wudil,Utai,37413.025424957275,28,2.0980633905627366,2.508081323431354,8.528248585909683,8.528248585909683,33703.561098098755,90.0850992810006,37413.025424957275,100.0,37413.025424957275,100.0,37413.025424957275,100.0,37413.02542495728,-7.275957614183426e-12,-1.9447659021261133e-14,288
KANO_W484,Wudil,Wudil,56050.54152774811,5,0.8446987597050446,0.993367648435458,1.4194106400124795,1.58678931727732,56050.54152774811,100.0,56050.54152774811,100.0,56050.54152774811,100.0,56050.54152774811,100.0,56050.54152774811,0.0,0.0,439
